Date,Open,High,Low,Close,Volume,returns,log_returns,momentum_3,momentum_5,momentum_10,momentum_20,sma20,sma50,ema12,ema26,price_vs_sma20,price_vs_sma50,atr,volatility_10,volatility_20,bb_upper,bb_lower,bb_width,bb_pct,rsi,macd,macd_signal,macd_hist,stoch_k,stoch_d,obv,volume_ratio,body_size,upper_wick,lower_wick,regime,label
2020-03-12,10039.9501953125,10040.75,9508.0,9590.150390625,1343500,-0.08301938801064712,-0.08666894981793948,-0.1273311930822859,-0.1476179547929073,-0.17882002049706724,-0.20794274141447866,11466.035107421874,11873.67203125,10922.379726647316,11363.721235430452,-0.19560534927905557,-0.2381111398270972,287.2794162896956,0.029713842029721434,0.02276242369227695,12828.900249983091,10103.169964860657,0.2842218499291746,-0.18821362371604766,12.596990761375807,-458.50179438371015,-280.09708215543696,-178.40471222827318,3.1070495697806355,6.79506569302472,-5945000,1.7188329591177445,449.7998046875,0.7998046875,82.150390625,0,HOLD
2020-03-13,9107.599609375,10159.400390625,8555.150390625,9955.2001953125,1388000,0.03806507612689369,0.03735847654239177,-0.04748144905503826,-0.11658530523449284,-0.14424966583417975,-0.1840802514545148,11353.735107421875,11829.12603515625,10773.553186618657,11257.285094224322,-0.14048285164249016,-0.1882358770370189,381.34874369757443,0.034650392813923944,0.025001055928564293,12821.858781315688,9885.611433528062,0.2949460874900523,0.02369989770679489,24.04825953936664,-501.7163202056345,-324.42092976547644,-177.29539044015803,40.49430329029931,17.475835421271672,-4557000,1.6713829851285427,847.6005859375,204.2001953125,552.44921875,0,HOLD
2020-03-16,9587.7998046875,9602.2001953125,9165.099609375,9197.400390625,897700,-0.07612100106679087,-0.07917416945110371,-0.12057293208341602,-0.16307001468116122,-0.17893182845314348,-0.24454500987499483,11204.872607421876,11767.4300390625,10531.027203367677,11101.859945466724,-0.21826517619512484,-0.2794300062284073,410.54530385756914,0.03931182503408535,0.02896534820661129,12896.59434812153,9513.15086672222,0.3678695433166188,-0.09332222566535692,18.60029660170221,-590.3075562496742,-377.59825506231607,-212.70930118735816,19.29896069833372,20.966771186137887,-5454700,1.055776072447148,390.3994140625,14.400390625,32.30078125,0,HOLD
2020-03-17,9285.400390625,9403.7998046875,8915.599609375,8967.0498046875,935600,-0.02504518409052825,-0.02536415171509603,-0.06497297336928332,-0.1420281743571583,-0.19453416229705145,-0.25974436183693983,11047.552587890625,11702.23802734375,10290.380924749941,10941.003284992761,-0.23201641883549567,-0.3050265452107156,416.0920818186356,0.03908990164675665,0.02900256997211394,12944.75885670242,9150.34631907883,0.42315060362886253,-0.04830695465340166,17.316131440749672,-671.3650379971459,-436.35161164928206,-235.01342634786386,12.759811155339436,24.184358381324156,-6390300,1.08047556630847,318.3505859375,118.3994140625,51.4501953125,0,HOLD
2020-03-18,9088.4501953125,9127.5498046875,8407.0498046875,8468.7998046875,1516600,-0.05556454027271507,-0.05716792711513327,-0.14930894019839858,-0.1902394736886336,-0.25076747931825427,-0.2969499790796828,10868.702587890624,11631.75302734375,10010.103802668575,10754.961502924296,-0.2833816879075088,-0.3734830549312959,437.83550454587595,0.03825193920681837,0.030316311246758654,13013.96155095914,8723.443624822108,0.5066264435442459,-0.05935036853786493,14.91713738019429,-766.9671671383567,-502.47472274709696,-264.4924443912597,1.896033029451901,11.318268294375018,-7906900,1.6104147088649245,619.650390625,39.099609375,61.75,0,HOLD
2020-03-19,8063.2998046875,8575.4501953125,7832.5498046875,8263.4501953125,925700,-0.024247781753128472,-0.02454659954775134,-0.10154501877122635,-0.138339873857394,-0.26553637940516395,-0.3109484931988743,10682.25009765625,11555.96302734375,9741.360380897258,10567.68760256507,-0.29271065295653753,-0.3984428724334724,459.62585355152765,0.03742662895120622,0.03020699246904118,13041.902990621964,8322.597204690535,0.5711059756381769,-0.012532989397369436,14.053007853304706,-849.5099190123728,-571.8817620001522,-277.62815701222064,11.967958651004201,8.874600945265179,-8832600,0.9701472984798535,200.150390625,312.0,230.75,0,BUY
2020-03-20,8284.4501953125,8883.0,8178.2001953125,8745.4501953125,1071500,0.058329146858465686,0.05669138794443699,-0.024712655132032357,-0.12151940455899846,-0.22393733292106666,-0.27877931422940405,10513.227587890626,11490.3650390625,9588.130170382792,10430.868757152912,-0.2021368086374378,-0.31386775779950765,477.1382786326685,0.04601846395682691,0.034184923360535364,12918.866978721591,8107.588197059659,0.550146496087845,0.13257639542399893,25.030779474072972,-866.0489990388833,-630.7152094078984,-235.33378963098482,25.355173411745113,13.07305503073374,-7761100,1.0910516454871282,461.0,137.5498046875,106.25,0,HOLD
2020-03-23,7945.7001953125,8159.25,7583.60009765625,7610.25,653500,-0.12980466070471242,-0.13903756461051203,-0.10137797851972963,-0.17256510788013513,-0.30749492788582655,-0.3700567223273534,10289.697607421875,11398.25203125,9283.818632620785,10219.301988920846,-0.35208404552043293,-0.497750012318912,526.0462657057815,0.05689764653105922,0.04248802382658023,12893.772545812597,7685.622669031152,0.6843598931416767,-0.01447206221294787,18.905970082088885,-959.6947439958203,-696.5111163254828,-263.1836276703375,0.7002260444983971,12.674452702415905,-8414600,0.6603511431097631,335.4501953125,213.5498046875,26.64990234375,0,BUY
2020-03-24,7848.2998046875,8036.9501953125,7511.10009765625,7801.0498046875,738400,0.02507142402516349,0.024762292138464665,-0.055957303510741796,-0.13003161858100498,-0.25359163954239683,-0.34053717457480226,10088.280078125,11309.13703125,9055.68621794651,10038.084720192453,-0.29319518919917015,-0.4496942481324191,526.0322537022436,0.05957087752652924,0.04377188090785607,12805.53362636312,7371.026529886882,0.696637918297964,0.07912829391268408,22.345317172172685,-1006.9067279158335,-758.590238643553,-248.31648927228048,7.476013673990424,11.177137710077979,-7676200,0.7369224704467535,47.25,188.650390625,289.94970703125,0,BUY
2020-03-25,7735.14990234375,8376.75,7714.75,8317.849609375,736900,0.06624746894667499,0.06414544603118057,-0.048894062213822975,-0.017824272481792414,-0.204672865954607,-0.29497204299295177,9914.2775390625,11228.90302734375,8942.166942683838,9909.286141502445,-0.1919279627138455,-0.34997668323886477,535.7442355806547,0.06621494204002283,0.047714232596260064,12616.99539288391,7211.559685241089,0.6498597548037398,0.20466248864444128,30.89457410539785,-991.1952582152353,-805.1112425578896,-186.08401565734573,20.80109148185633,9.659110400115049,-6939300,0.7254380783618816,582.69970703125,58.900390625,20.39990234375,0,HOLD
2020-03-26,8451.0,8749.0498046875,8304.900390625,8641.4501953125,865600,0.038904356430389475,0.03816665439616388,0.13550148750862334,0.045743604797717996,-0.09892443357717484,-0.2600547848343109,9762.425048828125,11154.48603515625,8895.900775485625,9814.435637964516,-0.12972068671109055,-0.2908118178135112,529.2017483293579,0.06465291641054548,0.049277070459334,12391.867726139753,7132.982371516497,0.6085651407764759,0.2868417396605867,35.67034601032131,-941.7757379680115,-832.4441416399139,-109.33159632809759,32.075773390358606,20.117626182068452,-6073700,0.8398175996895305,190.4501953125,107.599609375,146.099609375,0,HOLD
2020-03-27,8949.099609375,9038.900390625,8522.900390625,8660.25,801500,0.0021755381634551707,0.002173175106963937,0.11013904754155313,-0.009742230921189976,-0.13007776537956917,-0.2555637570252891,9613.77255859375,11080.8250390625,8859.645449267593,9728.151395709365,-0.11010335251219648,-0.2795040603980832,528.2587663058323,0.06275422949088946,0.04935938162541741,12137.36167710843,7090.183440079069,0.5827982144891154,0.311078088822304,35.94729362839796,-890.8245540617208,-844.1202241242753,-46.70432993744555,35.46266741465795,29.446510762290966,-5272200,0.7704175057312711,288.849609375,89.80078125,137.349609375,0,HOLD
2020-03-30,8385.9501953125,8576.0,8244.0,8281.099609375,593300,-0.04378053643081892,-0.04476782787370225,-0.00441820923987124,0.08815079785486679,-0.09962606196681345,-0.26073161699064873,9467.7400390625,10999.33703125,8770.635570164934,9620.047060148365,-0.1432950315371294,-0.32824595163638576,520.25814014113,0.059848982427875376,0.04955015825885136,11944.445314034872,6991.034764090129,0.5981585518349528,0.26043971770096896,32.87349668675647,-870.999303768338,-849.4960400530879,-21.503263715250114,25.37902556492331,30.972488789979952,-5865500,0.5762907776962933,104.8505859375,190.0498046875,37.099609375,0,BUY
2020-03-31,8529.349609375,8678.2998046875,8358.0,8597.75,712700,0.03823772271336057,0.03752477847769833,-0.0050570441679111955,0.10212730533187697,-0.04118409206274842,-0.22770654151040848,9340.9900390625,10924.2450390625,8744.037075371676,9543.722988709871,-0.08644587700997362,-0.2705934737649385,511.468286939085,0.06126596386058625,0.05088638194480948,11721.479835025792,6960.50024309921,0.5537471538398513,0.3438892617134524,37.66727854392541,-820.2809220496674,-843.6530164524039,23.37209440273648,41.03197455472896,33.95788917810341,-5152800,0.691196865513863,68.400390625,80.5498046875,171.349609375,0,BUY
2020-04-01,8584.099609375,8588.099609375,8198.349609375,8253.7998046875,506300,-0.04000467509668226,-0.040826864424490454,-0.046932847817614975,-0.0077002840512180315,-0.025387304571894198,-0.2697884735159698,9188.5150390625,10844.8300390625,8668.614241820587,9447.474450499016,-0.11324665687240884,-0.31391968495571004,503.4634372023646,0.059950388006492876,0.050851551439109466,11433.509864017778,6943.520214107223,0.5439906171895034,0.2918224077879749,34.763225629481795,-798.63398987849,-834.6492111376211,36.01522125913118,28.044391680321198,31.485130599991162,-5659100,0.4955951448707904,330.2998046875,4.0,55.4501953125,0,BUY
2020-04-03,8356.5498046875,8356.5498046875,8055.7998046875,8083.7998046875,697000,-0.020596574186770744,-0.02081164185069997,-0.023825314752178306,-0.06453203779702321,-0.021740361033083744,-0.2815038836825615,9030.155029296875,10763.10904296875,8578.64105886367,9345.77797715316,-0.1170681174044684,-0.3314418099181052,488.98390597362425,0.05980324286653121,0.05081647243130155,11111.741083318537,6948.568975275213,0.5150018813713387,0.27268409759441065,33.39287368391359,-786.1341542471855,-824.946199759534,38.812045512348504,27.387484112938647,32.154616782662934,-6356100,0.6856423347252751,272.75,0.0,28.0,0,BUY
2020-04-07,8446.2998046875,8819.400390625,8360.9501953125,8792.2001953125,814200,0.08763210467115035,0.08400295216282225,0.022616404909714838,0.015236303260587114,0.005345636754647387,-0.2197887838040199,8906.3150390625,10696.8150390625,8611.496845519167,9304.515419519266,-0.012979099794706581,-0.21662550913768225,506.5993831139011,0.06360440034742045,0.05571284155767431,10717.528518365049,7095.101559759952,0.412004603868821,0.4684976826159633,43.40457594951645,-710.8714694805258,-802.1312537037325,91.25978422320668,67.68638959984253,41.03942179770079,-5541900,0.822715101298438,345.900390625,27.2001953125,85.349609375,0,HOLD
2020-04-08,8688.900390625,9131.7001953125,8653.900390625,8748.75,896500,-0.004941902407507137,-0.004954153987953298,0.05996634362653275,0.05647201611916075,0.14960086725140442,-0.20389556852154989,8794.280029296875,10628.183046875,8632.613006323581,9263.10900762172,-0.00520417537326761,-0.21482303721960275,504.5422703691582,0.04400048751252476,0.05562757511844819,10332.903383604393,7255.656674989357,0.3517355860682995,0.4852042966948686,42.97786898542604,-647.2699916457586,-771.1590012921378,123.88900964637912,76.3698523857717,57.14790869951762,-6438400,0.9497576608311031,59.849609375,382.9501953125,35.0,0,BUY
2020-04-09,8973.0498046875,9128.349609375,8904.5498046875,9111.900390625,742100,0.04150883161880259,0.0406704613937413,0.12718036205465433,0.05980057464162125,0.16803515151894488,-0.12816879759789612,8727.3025390625,10565.4560546875,8706.350386478325,9251.848286433127,0.04220830288687112,-0.15952277809775292,495.6177945838612,0.04472399353649319,0.0559563486279583,10076.506688399333,7378.098389725668,0.2961411103055942,0.6425276714983779,47.61334509508776,-561.0942158376547,-729.1460442012412,168.05182836358654,98.77824241056538,80.94482813205987,-5696300,0.8220392022198705,138.8505859375,16.44921875,68.5,0,HOLD
2020-04-13,9103.9501953125,9112.0498046875,8912.400390625,8993.849609375,644000,-0.01295567073707915,-0.013040327423561648,0.022935034414936162,0.08966171002441947,0.08127100533749543,-0.14003583019854893,8654.075,10502.953046875,8750.581472400847,9232.642388772181,0.03777855135812204,-0.16779282543561128,474.47719597519256,0.041864449166847645,0.05596263021053423,9755.788329537543,7552.361670462458,0.24499260658953861,0.6542028222155438,46.29581757650639,-496.6005026308776,-682.6369358871685,186.03643325629093,91.49385550840934,88.88065010158215,-6340300,0.7368168140681661,110.1005859375,8.099609375,81.44921875,0,HOLD
2020-04-15,9196.400390625,9261.2001953125,8874.099609375,8925.2998046875,879100,-0.007621853562688519,-0.007651048328648555,0.020180003393341917,0.10409708557008601,0.032847450712494064,-0.0693263983208684,8620.832470703124,10440.343046875,8777.461440156818,9209.77165081148,0.03411284109744658,-0.16974704215446187,468.23600954392884,0.04069354587034126,0.05295988142075189,9644.950212475665,7596.714728930583,0.2294864630171151,0.6486485984788993,45.50832959361156,-445.8803356475819,-635.2856158392512,189.40528019166936,80.80678979020452,90.35962923639308,-7219400,1.033250667011435,271.1005859375,64.7998046875,51.2001953125,0,HOLD
2020-04-16,8851.25,9053.75,8821.900390625,8992.7998046875,719400,0.007562771164790316,0.007534316783542481,-0.013070883222125573,0.022815632596940638,0.038399561754856926,-0.09667313280933876,8572.712451171876,10377.60904296875,8810.590653260377,9193.63129838154,0.04671374462229812,-0.15399088919553372,451.3512666747196,0.0407028778935555,0.0521718736943639,9415.991466983953,7729.433435359799,0.1875453772188985,0.749079691085596,46.47382589394396,-395.67644031140844,-587.3637807336827,191.68734042227425,84.66371203656041,85.65478577839143,-6500000,0.8801291932760761,141.5498046875,60.9501953125,29.349609375,0,BUY
2020-04-17,9323.4501953125,9324.0,9091.349609375,9266.75,684200,0.03046328187687486,0.03000848934711599,0.03034300132621004,0.05920845835119293,0.11902409548475301,0.007540131605631606,8576.179931640625,10322.228046875,8880.769433629026,9199.068823592199,0.07452127966756145,-0.11389948437963683,442.76904729170394,0.03756740399694249,0.049779154444841114,9430.206877540351,7722.1529857409,0.18432070486410573,0.9043022715348564,50.32103306817888,-329.98019402239515,-535.8870633914252,205.90686936903,96.44244213142768,87.30431465273087,-5815800,0.8481415139363201,56.7001953125,0.5498046875,175.400390625,0,HOLD
2020-04-20,9390.2001953125,9390.849609375,9230.7998046875,9261.849609375,726400,-0.0005288143766692954,-0.0005289542483047096,0.037707394939355154,0.016456415492017262,0.07724109323660255,0.032875896878970634,8590.919921875,10268.223046875,8939.397449393873,9203.736200961312,0.07244014055474121,-0.10865793334425689,422.57481567711795,0.036536900914251345,0.04938937107273754,9480.84446077485,7700.995382975149,0.1921699393605039,0.8769587522154102,50.25145509353334,-275.1392322900083,-483.7374971711418,208.5982648811335,90.33743913170375,90.48119776656394,-6542200,0.9122820237489705,128.3505859375,0.6494140625,31.0498046875,0,HOLD
2020-04-21,9016.9501953125,9044.400390625,8909.400390625,8981.4501953125,655100,-0.030274667144095657,-0.030742409586860843,-0.0012620773976402822,-0.001378654814238267,0.08815944266200315,0.06053400746836024,8616.55244140625,10213.69404296875,8945.867130290046,9187.215021029417,0.040627932680258494,-0.13719876198827763,417.5658444680381,0.03522078475737882,0.04812385780507544,9520.354242132431,7712.750640680068,0.20125965875708668,0.7018682379324553,46.30605456641021,-251.40522143013004,-437.27104202293947,185.86582059280943,69.3345212571804,85.37146750677061,-7197300,0.8697903527756006,35.5,27.4501953125,72.0498046875,0,BUY
2020-04-22,9026.75,9209.75,8946.25,9187.2998046875,734400,0.02291941778872575,0.022660713376927297,-0.008573684982599028,0.02935475622481598,0.13650758636552585,0.11179950112110082,8662.744921875,10157.84703125,8983.010753116134,9187.221320913697,0.057095653125944945,-0.10564009526142942,406.56114129174966,0.03381453967477478,0.0478179057934152,9583.905594769623,7741.584248980378,0.2005291418539825,0.7847249661469871,49.44418643231247,-213.52413044811692,-392.521659707975,178.99752925985808,84.753392422304,81.47511760372937,-6462900,0.9876211160495142,160.5498046875,22.4501953125,80.5,0,BUY
2020-04-23,9232.349609375,9343.599609375,9170.150390625,9313.900390625,666700,0.01377995587701486,0.013685875581327233,0.005619912160667484,0.03570640878385012,0.05933670568495941,0.0649995349144159,8691.167431640624,10102.34203125,9033.917007121103,9196.632083809427,0.06686059898291309,-0.08465214438181173,389.9102896816247,0.02168368468114498,0.04628601234472475,9654.87811721379,7727.45674606746,0.20694030323605297,0.8230912390543761,51.32824011687222,-171.31269754755886,-348.27986727589183,176.96716972833298,94.23622860511846,82.77471409486763,-5796200,0.9216647197472908,81.55078125,29.69921875,62.19921875,0,BUY
2020-04-24,9163.900390625,9296.900390625,9141.2998046875,9154.400390625,659400,-0.017124941572334906,-0.017273269224786485,0.01925637748375686,-0.012123949537324319,0.04636666845263604,0.20290402951611308,8768.374951171874,10042.67103515625,9052.452960316716,9193.495438103835,0.04216829316843662,-0.09703209458053927,374.3881679856158,0.022685332209788033,0.03446450878950629,9613.439881962518,7923.31002038123,0.18462485684066718,0.7283998692805955,48.85784655885972,-149.0124273542715,-308.4263792915678,159.4139519372963,82.28910877183743,87.09290993308662,-6455600,0.9112013929193254,9.5,133.0,13.1005859375,0,HOLD
2020-04-27,9259.7001953125,9377.099609375,9250.349609375,9282.2998046875,512800,0.013971358975458648,0.01387465918374464,0.010340361370544393,0.0022080033875522265,0.018700754700722966,0.18987829036932258,8842.437451171874,9986.3500390625,9087.814090845462,9200.08983688061,0.047387216828904635,-0.07584868504456824,363.5532430402146,0.019122025165437796,0.03429517038729056,9589.347007165909,8095.527895177841,0.1609320042898958,0.7944548975072588,50.89862553834859,-119.63975611118985,-270.66905465549223,151.02929854430238,91.8692318214369,89.46485639946427,-5942800,0.7198405345461681,22.599609375,94.7998046875,9.3505859375,0,HOLD
2020-04-28,9389.7998046875,9404.400390625,9260.0,9380.900390625,614500,0.010622430648890235,0.010566409007242056,0.007193549124429044,0.044475022031628786,0.04303505151415332,0.1278035587529549,8895.589990234375,9933.338046875,9132.904374483567,9213.51393031756,0.05173388269591155,-0.05888961967894791,347.89946786769934,0.018514403502681798,0.03158003087950206,9636.888244569782,8154.291735898969,0.15804415854926643,0.8273381513793601,52.4731577357379,-87.39798966520175,-234.01484165743415,146.6168519922324,97.74785609264637,90.63539889530689,-5328300,0.8700761759125522,8.8994140625,14.6005859375,120.900390625,0,HOLD
2020-04-29,9408.599609375,9599.849609375,9392.349609375,9553.349609375,653000,0.018383013524196468,0.01821608855026957,0.04358004912681812,0.039843023790378185,0.0703673622658203,0.105526201442109,8941.1849609375,9882.24703125,9197.588358339397,9238.7403945947,0.06407853511785681,-0.034427445380230154,338.68873578786366,0.018468063620623677,0.030795308631539477,9725.289311587887,8157.080610287114,0.1641527595474828,0.8903591708991543,55.18019525880037,-47.38472511731743,-196.6888183494108,149.30409323209338,95.08430272172049,94.90046354526793,-4675300,0.9387174216178127,144.75,46.5,16.25,0,HOLD
2020-04-30,9753.5,9889.0498046875,9731.5,9859.900390625,931200,0.03208830345213909,0.03158422875946422,0.06222602136227229,0.0586220570438547,0.09642164896026295,0.13852375977887466,9001.16748046875,9835.42103515625,9299.48265252986,9284.842694032668,0.08709346708743136,0.002482718333749589,338.47526861105194,0.020109947655304338,0.031348240463701736,9869.182883445785,8133.152077491715,0.17606981178072792,0.994653036806753,59.586803088898236,8.958888917262811,-155.55927689607608,164.5181658133389,97.26847865178205,96.7002124887163,-3744100,1.3262784586570555,106.400390625,29.1494140625,22.0,0,HOLD
2020-05-04,9533.5,9533.5,9266.9501953125,9293.5,687500,-0.05744483901313502,-0.059160835126554547,-0.009316844544298264,0.01519483564619395,0.0028866646882672597,0.12225434282650882,9051.7875,9777.79802734375,9298.562243413615,9285.485143009477,0.02600876957012962,-0.05211147870487434,356.6520490897268,0.02768220388304076,0.03263495680742597,9862.091953211759,8241.483046788242,0.174380901320656,0.6491491864824932,49.83706968153538,7.817713322790951,-122.88387885230269,130.70159217509365,44.19246294477932,78.84841477276062,-4431600,0.9726594277225608,240.0,0.0,26.5498046875,0,HOLD
2020-05-05,9429.400390625,9450.900390625,9190.75,9205.599609375,725200,-0.009458265521601117,-0.009503278972569803,-0.03640084517149278,-0.008263059470861589,-0.006073300946612514,0.07069868388531875,9082.17998046875,9719.641015625,9284.260286110632,9279.557726105486,0.013407016831424918,-0.055840078654572335,349.75907348510344,0.02786746281303082,0.03191170238985938,9867.291512759202,8297.0684481783,0.17057260050521697,0.5786000611566686,48.51049915878864,-0.17745784322505642,-98.34259465048717,98.16513680726212,35.955529159624106,59.13882358539516,-5156800,1.0250901123754315,223.80078125,21.5,14.849609375,0,HOLD
2020-05-06,9226.7998046875,9346.900390625,9116.5,9270.900390625,722200,0.007093593467121684,0.0070685522845568985,-0.05973691180085694,-0.011725953311467974,0.03222755668829147,0.12322816278629234,9133.035009765625,9664.14302734375,9282.204915920005,9278.915441692012,0.014870764979719639,-0.04241687647905365,341.23345328081035,0.025825168883032358,0.030192838198739035,9822.915809348242,8443.154210183007,0.1488271409495985,0.599919711450286,49.584135777577565,-1.230279393883393,-78.92013159916641,77.68985220528302,42.07470801026025,40.74090003822123,-4434600,1.0055064775946911,44.1005859375,76.0,110.2998046875,0,HOLD
2020-05-07,9234.0498046875,9277.849609375,9175.900390625,9199.0498046875,708700,-0.007750119504051356,-0.0077803077564110755,-0.010163038178565675,-0.03708644812284634,0.0012789394326726544,0.13796111073326034,9188.797509765625,9608.2740234375,9269.411813171206,9272.990925122305,0.0011144949901945786,-0.04448548789696452,324.14172224289536,0.025070569034785762,0.02972457402437106,9682.953739638728,8694.641279892523,0.10743636361688104,0.5103735360414225,48.38855773028303,-7.772789978229412,-64.69066327497902,56.917873296749605,29.56663985142963,35.865625673771326,-5143300,0.9859076554957347,35.0,43.7998046875,23.1494140625,0,HOLD
2020-05-08,9376.9501953125,9382.650390625,9238.2001953125,9251.5,609100,0.0057016970693835045,0.005685503917787226,0.0049861380651679,-0.061704516934418474,-0.006699705602156714,0.0522394616233115,9211.7625,9550.786015625,9266.656148018337,9271.396876316448,0.004295249419013054,-0.0323499989866509,314.1030696496528,0.0247198056627796,0.022866853256344622,9671.5551172815,8751.969882718502,0.09939850127687373,0.5432124163219519,49.34868192580471,-8.626048616497428,-53.477740343282704,44.851691726785276,34.92061593303568,35.520654598241855,-4534200,0.8596126027590574,125.4501953125,5.7001953125,13.2998046875,0,HOLD
2020-05-11,9348.150390625,9439.900390625,9219.9501953125,9239.2001953125,704600,-0.0013294930214019507,-0.001330377581346701,-0.003419322177655615,-0.005842772334158308,0.009263283346699902,0.056059459387055366,9236.285009765625,9493.95302734375,9262.432153234608,9269.008984768581,0.00031552358269651746,-0.027573039510551896,307.3778643398562,0.024026721278306334,0.022816697581889523,9644.057357233316,8828.512662297933,0.08827005343483613,0.5035745257917504,49.11792369128255,-10.177434548997553,-44.81767918442568,34.640244635428125,33.66508466736646,32.717446817277256,-5238800,1.0080402872757432,108.9501953125,91.75,19.25,0,HOLD
2020-05-12,9168.849609375,9240.849609375,9043.9501953125,9196.5498046875,805500,-0.004616242718351149,-0.004626930470959459,-0.0002717671991215864,-0.0009830760701653452,-0.009238012324994771,0.00928998457331609,9240.51748046875,9441.296015625,9252.296403122156,9263.635486800185,-0.004780888128158666,-0.026612829390947414,299.48654646290225,0.023643806958161248,0.020974063719521055,9644.779898626894,8836.255062310607,0.08791610478792597,0.4456198822759524,48.27495201571531,-14.67923606108343,-38.78999055975723,24.1107544986738,26.548563485380043,31.711421361927393,-6044300,1.1471907712027327,27.7001953125,44.2998046875,124.8994140625,0,HOLD
2020-05-13,9584.2001953125,9584.5,9351.099609375,9383.5498046875,846400,0.02033371253039773,0.02012974293547344,0.014273339965140686,0.012150860144761522,0.0002824264145420141,0.04332963216399399,9260.002490234376,9393.00900390625,9272.489241182191,9272.527453914756,0.013166372750684064,-0.001008061918531659,305.8053785235878,0.02434815025627213,0.02115561366114365,9652.216821615959,8867.788158852793,0.0835961527450208,0.6574997451231177,52.15232102338958,-3.1216248689979693,-31.65631742160538,28.53469255260741,40.18456589113247,33.466071347959655,-5197900,1.1883134204725718,200.650390625,0.2998046875,32.4501953125,0,HOLD
2020-05-14,9213.9501953125,9281.099609375,9119.75,9142.75,602600,-0.025661909373274727,-0.025996919937107583,-0.010439236435360932,-0.0061201760924058934,-0.042979648622098576,0.0243633491390729,9270.875,9342.29400390625,9252.52935202684,9262.9048652249,-0.014013836099641793,-0.02182538119343201,302.80498039243867,0.024694879378244092,0.021971491625335026,9636.5301484903,8905.2198515097,0.07998800109164077,0.32480077126040535,47.24144866360804,-13.240043541223713,-27.973062645529048,14.733019104305335,11.690906443628363,26.141345273380292,-5800500,0.8627737330784802,71.2001953125,67.1494140625,23.0,0,HOLD
2020-05-15,9182.400390625,9182.400390625,9050.0,9136.849609375,575900,-0.0006453627874545287,-0.0006455711236580218,-0.006491586147021167,-0.012392627209101281,-0.07333246306803376,0.01601834888089182,9278.077490234375,9292.365,9234.73246409324,9253.558945882169,-0.015456955832398256,-0.017020679695267275,290.63322398047876,0.021300600762512608,0.02192765247967526,9626.823217623223,8929.331762845526,0.07633828776846951,0.2975202708330183,47.12435329296013,-21.487382282526596,-26.675926572928557,5.1885442904019605,10.99271766688006,20.956063333880298,-6376400,0.8331042863135955,45.55078125,0.0,86.849609375,0,HOLD
2020-05-18,9158.2998046875,9158.2998046875,8806.75,8823.25,773000,-0.034322509703259896,-0.03492536149006188,-0.05971085744198912,-0.045020151800967745,-0.05059988163770379,-0.04785928184099064,9255.902490234375,9244.795,9171.427456227477,9221.657366420286,-0.04903550168411587,-0.047776612926076004,294.98440831669456,0.01580886370124506,0.022134438786511338,9657.156283536762,8854.648696931989,0.09095374001697488,-0.0391257322124394,41.26939207895191,-52.720595066653914,-31.88486027167363,-20.835734794980283,1.5245313663125126,8.069385158940312,-7149400,1.111095140216468,335.0498046875,0.0,16.5,1,BUY
2020-05-19,8961.7001953125,9030.349609375,8855.2998046875,8879.099609375,762200,0.00632982284022332,0.006309873650596998,-0.028837099409368072,-0.034518401145470334,-0.03546754300148924,-0.041325438885616794,9236.764990234375,9199.7219921875,9126.453933278042,9196.262933059514,-0.04028171735811292,-0.036109785554604104,288.7069226780021,0.01610697518630675,0.022214893117319643,9670.27235992274,8803.25762054601,0.09764669589485081,0.08747485525266045,42.63631790745944,-72.13501692667523,-39.93489160267396,-32.20012532400128,6.684802959554262,6.400683997582278,-6387200,1.0927598566308228,82.6005859375,68.6494140625,23.7998046875,1,BUY
2020-05-20,8889.150390625,9093.7998046875,8875.349609375,9066.5498046875,622300,0.021111396826158035,0.020891638839326522,-0.007694096728413702,-0.03378252437490603,-0.022042150959160844,0.009475041059562317,9241.019970703124,9154.9869921875,9117.23791209922,9186.647616837183,-0.019243281046713204,-0.00975422728657783,283.6885850090377,0.017664733208909957,0.02172295302469004,9666.00671533867,8816.033226067579,0.09374828436189102,0.2947345791154748,47.087630603715624,-71.57040289547876,-46.26199386123492,-25.308409034243844,24.004421285330807,10.73791853706586,-5764900,0.894289081137009,177.3994140625,27.25,13.80078125,1,BUY
2020-05-21,9079.4501953125,9178.5498046875,9056.099609375,9106.25,631500,0.004378754451001221,0.004369195599480915,0.03207434902105244,-0.003992234283995533,-0.010087977199581322,-0.008821939678745117,9236.96748046875,9112.0919921875,9115.547463867339,9180.688257264628,-0.014354699296499577,-0.0006415365477006751,272.1715571735707,0.017648916780077267,0.021111801116359522,9665.457223824218,8808.47773711328,0.09410893471087853,0.3474672002117733,48.00782690381384,-67.14545720057504,-50.438686529102945,-16.706770671472093,38.50851816136291,23.065914135415994,-5133400,0.9142699955842845,26.7998046875,72.2998046875,23.3505859375,1,BUY
2020-05-22,9067.900390625,9149.599609375,8968.5498046875,9039.25,675800,-0.0073575840768702605,-0.00738478460081561,0.01803678274494236,-0.010681976123898984,-0.02294222558504022,-0.02948822502991899,9223.2349609375,9067.4969921875,9103.809391230414,9170.204865643418,-0.020354007349890714,-0.003124926535663902,265.6628605674228,0.01759151578065967,0.02090167947934838,9658.5323738332,8787.937548041798,0.09631272791342228,0.2886675230690244,46.53691157511408,-68.2581583547053,-54.002580894223414,-14.255577460481888,29.893924783027966,30.80228807657389,-5809200,0.9777623450091858,28.650390625,81.69921875,70.7001953125,1,BUY
2020-05-26,9099.75,9161.650390625,8996.650390625,9029.0498046875,655000,-0.0011284338094974533,-0.00112907097030296,-0.004136082722516088,0.02332471648060519,-0.022745517597033915,-0.013692932424702708,9216.967431640625,9028.288984375,9092.307915322448,9159.742944093849,-0.020812558466070982,8.426360790535091e-05,258.4726562411783,0.01759270810510557,0.02056702232831143,9659.596673046215,8774.338190235036,0.0980455864083938,0.2877256975198115,46.304308529177554,-69.16575280688812,-57.03521527675636,-12.130537530131761,28.582424260687883,32.32828906835959,-6464200,0.9479701859758289,70.7001953125,61.900390625,32.3994140625,1,BUY
2020-05-27,9082.2001953125,9334.0,9004.25,9314.9501953125,763500,0.03166450477176164,0.0311735219299972,0.022918346774193576,0.04908725040963691,0.012874435863398537,0.0035174893412204256,9218.599951171875,9005.558984375,9126.560576441521,9171.245876825138,0.010343613451536332,0.033214478279571746,263.56389508109413,0.02052588632208189,0.02157727716719517,9662.420236274951,8774.779666068798,0.09529203609191966,0.6085464628071694,53.34347411510908,-46.28174860638319,-54.88452194268173,8.60277333629854,65.3423587672774,41.27290260366442,-5700700,1.085310987441095,232.75,19.0498046875,77.9501953125,1,BUY
2020-05-28,9364.9501953125,9511.25,9336.5,9490.099609375,837900,0.018803043536468778,0.018628451492543274,0.04987688241557642,0.04671565411448131,0.011354957015763167,0.011640590370102455,9224.059912109375,8986.19296875,9182.48966210514,9194.876273464371,0.028033393559200613,0.05309814031110962,258.7593171958374,0.020374737268884852,0.021856990776987373,9678.296994618902,8769.822829599847,0.09572862271346441,0.79284233664394,57.05752175233921,-13.853225121156356,-46.67826257837666,32.825037457220304,87.86237343297975,60.59571882031501,-4862800,1.172453841364013,125.1494140625,21.150390625,28.4501953125,1,BUY
2020-05-29,9422.2001953125,9598.849609375,9376.900390625,9580.2998046875,967000,0.009504662651105722,0.009459777532853096,0.06105293601479689,0.052057631262868886,0.047857570718602194,0.002821020523110951,9225.407421875,8985.99595703125,9243.691225904124,9223.4391492005,0.037043974619547615,0.06203395089634527,256.1300244497062,0.018109741524600084,0.021569537573251443,9683.685825538374,8767.129018211624,0.09567099422904195,0.8872017314962732,58.873218311975116,18.907066410671177,-33.561196780567094,52.46826319123827,97.65814747691435,83.6209598923905,-3895800,1.3240136645877671,158.099609375,18.5498046875,45.2998046875,1,BUY
2020-06-01,9726.849609375,9931.599609375,9706.9501953125,9826.150390625,794200,0.025662097319460564,0.025338352659720637,0.0548795414461527,0.08705372576541204,0.07544184382139041,-0.0034229554724599653,9223.719921875,8983.4149609375,9333.300332383264,9268.103226395522,0.061308899701430546,0.08576455643214485,262.92786589526287,0.019108612342429856,0.021115174177880707,9672.796599137499,8774.6432446125,0.09140439732959052,1.170743437870289,63.41389701076918,63.97050889460297,-14.054855645533081,78.02536454013605,90.62548292045986,92.04866794345132,-3101600,1.097711833366734,99.30078125,105.44921875,19.8994140625,1,BUY
2020-06-02,9880.849609375,9995.599609375,9824.0498046875,9979.099609375,770200,0.015565527970742954,0.015445627746472025,0.05152738328657058,0.10522146020218814,0.1310004374096847,0.07377194914456342,9257.99990234375,8999.0489453125,9432.654071258881,9320.790159432674,0.072260999013759,0.09821032983193985,256.4008615232798,0.012278413323398907,0.01644875669332925,9814.879814366323,8701.119990321178,0.1116092500969534,1.1474463268131618,65.93378171211137,110.74869343164937,10.90585416990341,99.84283926174597,98.61210367822098,95.63191135853174,-2331400,1.0584904623165285,98.25,16.5,56.7998046875,1,HOLD
2020-06-03,10108.2998046875,10176.2001953125,10035.5498046875,10061.5498046875,794700,0.008262288035990828,0.008228342186278518,0.05023329225715156,0.08015068183088148,0.13317230883005404,0.09298147123852729,9300.797412109376,9020.9389453125,9529.407264275096,9375.681052852779,0.07560986203374981,0.10342451009785761,252.16512755286695,0.012186188739519087,0.01617805298039147,9957.591184930345,8644.003639288407,0.1305551899201414,1.0791409907173508,67.24353835422568,152.71339839663779,39.26736301525029,113.4460353813875,91.62799851959294,93.62186170609125,-1536700,1.0869699021357773,46.75,67.900390625,26.0,1,HOLD
2020-06-04,10054.25,10123.849609375,9944.25,10029.099609375,775100,-0.003225168681009971,-0.003230380747065696,0.020653990696461566,0.05679603188437943,0.10616494977944657,0.08178269497067547,9338.707373046875,9052.14494140625,9606.283011865464,9424.098605686886,0.06883890510796808,0.09741200167715082,246.98187625444788,0.012726016361222213,0.01625801285638575,10067.772151508248,8609.6425945855,0.14538987682999155,0.9734779794081968,66.16531831168207,181.26278529987212,67.66644747217467,113.59633782769745,89.2584201717586,93.16617412319084,-2311800,1.0563399476668105,25.150390625,69.599609375,84.849609375,1,HOLD
2020-06-05,10093.7998046875,10177.7998046875,10040.75,10142.150390625,987100,0.011272276241460544,0.01120921756965851,0.01633922774924712,0.05864645130026047,0.11375707789979406,0.10252152189206876,9385.86240234375,9089.7189453125,9688.724149046815,9477.304088014902,0.07456880041734866,0.10376807725956484,239.9617561871659,0.012560499976800046,0.016086000135287697,10190.750191578978,8580.974613108521,0.15872132796990165,0.9698095799160245,68.08526438165563,210.58316174485844,96.24979032671143,114.33337141814701,97.39984543664148,92.76208804266435,-1324700,1.3202172052214833,48.3505859375,35.6494140625,53.0498046875,1,HOLD
2020-06-08,10326.75,10328.5,10120.25,10167.4501953125,936500,0.002494520758722585,0.0024914146063167966,0.010525256315449871,0.0347338266889472,0.12481126147772215,0.09900558777630653,9431.659912109375,9118.1589453125,9762.374311513227,9528.440671079194,0.07236723751470614,0.10320102187309017,237.6966307452255,0.011291373323197778,0.01609477940575272,10302.303323758413,8561.016500460337,0.17126091496379908,0.9225554764197792,68.51583794168617,233.1733765785957,123.6345075770883,109.53886900150741,89.06802991202852,91.9087651734762,-388200,1.225705124010207,159.2998046875,1.75,47.2001953125,1,HOLD
2020-06-09,10181.150390625,10291.150390625,10021.4501953125,10046.650390625,754200,-0.011881032349997822,-0.011952175882067815,0.0017499857348703962,0.006769226071913215,0.11270295412582665,0.08739394950248602,9472.032421875,9166.886953125,9806.109093669966,9566.836760858516,0.05719498005884664,0.08756783637270271,239.98259964288795,0.0130444685973793,0.016476573979431676,10377.424437127975,8566.640406622024,0.18023758766361356,0.8173310339989189,64.07104378671843,238.57856473162428,146.62331900799552,91.95524572362876,80.6042367539277,89.02403736753257,-1142400,0.9839145238933883,134.5,110.0,25.2001953125,1,HOLD
2020-06-10,10072.599609375,10148.75,10036.849609375,10116.150390625,632400,0.006917728526201428,0.006893910822071789,-0.0025635589099559652,0.005426657622075615,0.08601228976142927,0.09999408533282539,9518.012451171875,9213.18896484375,9853.807755436652,9607.536655392969,0.0591270311686391,0.0892593912619228,230.8338704273245,0.010803985961977984,0.016348420070634008,10455.603783238308,8580.421119105442,0.18536524188792858,0.8189758261384635,65.45937819369777,245.63871425628713,166.42639805765384,79.21231619863329,84.38548631362161,84.68591765985927,-510000,0.8344383968332497,43.55078125,32.599609375,35.75,1,HOLD
2020-06-11,10094.099609375,10112.0498046875,9885.0498046875,9902.0,715500,-0.021169158460066062,-0.021396438367806456,-0.026107843187162194,-0.012673082761705756,0.04340316831006663,0.05525096643633853,9543.9349609375,9244.87197265625,9861.221946999567,9629.353716423833,0.03616088053549784,0.06636316171922335,230.85292153519418,0.013547776199413247,0.01691114266454294,10493.810135256212,8594.059786618789,0.19185521598034969,0.6884800491383669,58.01985844545166,231.287646805451,179.39864780721328,51.888998998237724,68.63855739202306,77.87609348652414,-1225500,0.9523112347437198,192.099609375,17.9501953125,16.9501953125,1,BUY
2020-06-12,9544.9501953125,9996.0498046875,9544.349609375,9972.900390625,796300,0.00716020911179549,0.007134696525776951,-0.007340755090753381,-0.01668778251961711,0.04097998955579718,0.09079876302261347,9585.44248046875,9271.5009765625,9878.403246198537,9654.806977791277,0.0388510759137311,0.07033053440720703,246.62772680500174,0.013468531665553533,0.015537604547485383,10534.117210538738,8636.767750398762,0.19025051748472036,0.704210093235519,59.65471717284295,223.06404794875198,188.13172783552102,34.93232011323096,73.30031807856497,75.44145392806989,-429200,1.0463657089544869,427.9501953125,23.1494140625,0.6005859375,1,BUY
2020-06-15,9919.349609375,9943.349609375,9726.349609375,9813.7001953125,716100,-0.015963279394844432,-0.016092064938005003,-0.02989775592826216,-0.034792400572868254,-0.0012670470955113977,0.07407920835678494,9619.285009765625,9294.56998046875,9868.448930589526,9666.579140949885,0.01981058944920057,0.05289851987649996,246.62223069393016,0.012460825853861076,0.01616777543245586,10549.648207873995,8688.921811657254,0.18960497663312714,0.6044834887824233,54.52048294969279,201.3792862788432,190.78123952418545,10.598046754657759,61.12517993675665,67.6880184691149,-1145300,0.9323915237134195,105.6494140625,24.0,87.3505859375,1,BUY
2020-06-16,10014.7998046875,10046.150390625,9728.5,9914.0,899900,0.010220386061458031,0.010168511071378764,0.0012118763886084238,-0.013203444478249393,-0.006523595506937485,0.1236222480378546,9673.822509765625,9327.22798828125,9875.456787474375,9684.909921170216,0.024226093426908915,0.05918620251349094,251.6956706890066,0.011814106635149866,0.013502023513845442,10536.55964383874,8811.08537569251,0.17404420699477813,0.6391950576532047,57.029712099842904,190.09600401932948,190.6441924232143,-0.5481884038848079,58.215725806451616,64.21374127392441,-245400,1.1621059700143326,100.7998046875,31.3505859375,185.5,1,BUY
2020-06-17,9876.7001953125,10003.599609375,9833.7998046875,9881.150390625,685400,-0.0033134566648174157,-0.0033189583187083734,-0.009199931454870414,-0.023230180545534718,-0.017929585159778827,0.11285499941818244,9723.925048828125,9352.89599609375,9876.332726426175,9699.448682446642,0.01591164344042842,0.05346081920101582,245.84596597461328,0.01141045557082943,0.013658315162944645,10509.134815184812,8938.715282471438,0.15893084009766226,0.6001167767727777,55.941107055933294,176.46900772319168,187.8091554832098,-11.340147760018112,52.98972330717809,57.44354301679545,-930800,0.8895176047655498,4.4501953125,122.44921875,42.900390625,1,BUY
2020-06-18,9863.25,10111.2001953125,9845.0498046875,10091.650390625,622900,0.021303187551898528,0.021079446670088396,0.02832267032625091,0.01915273587406574,0.006236928905515082,0.11306402192899356,9775.180078125,9389.6530078125,9909.458521095881,9728.505157953665,0.03135961911581837,0.06956219801913133,247.29628202106946,0.013502394345790552,0.013669952935424121,10514.5460282114,9035.8141280386,0.146530234692486,0.7140146651751437,61.069337487567694,180.57356609261842,186.36203760509153,-5.788471512473109,69.79538463454425,60.33361124939133,-307900,0.8083731312292348,228.400390625,19.5498046875,18.2001953125,1,BUY
2020-06-19,10119.0,10272.400390625,10072.650390625,10244.400390625,892100,0.015136275444292302,0.015022865002949488,0.033326648237341105,0.02722377536781817,0.010081688405499944,0.12498562971859983,9832.08759765625,9432.86501953125,9960.988039718715,9766.725096826814,0.04024762575133946,0.07921745930942081,243.9001190195645,0.0138882039191204,0.013835862575979298,10530.835188334615,9133.340006977884,0.13641551755782866,0.7950370051134414,64.31520616562588,193.91675494510673,187.8729810730946,6.043773872012139,89.27506631630074,70.68672475267437,584200,1.1384780306027371,125.400390625,28.0,46.349609375,1,BUY
2020-06-22,10318.75,10393.650390625,10277.599609375,10311.2001953125,685400,0.006520616350433883,0.006499449097502718,0.04352224059817167,0.050694436359246975,0.014138254649752158,0.14071412952540308,9895.685107421876,9463.24501953125,10014.866833093785,9807.061937975019,0.04029745131701726,0.08223632164243425,237.13939623245275,0.013991400180724416,0.013474157791837965,10521.992625722894,9269.377589120857,0.12148101218823,0.8317181063201654,65.6634679876779,207.4897020844328,191.79632527536225,15.693376809070543,90.29199111401383,83.12081402161961,1269600,0.8741566441771769,7.5498046875,74.900390625,33.6005859375,1,HOLD
2020-06-23,10347.9501953125,10484.7001953125,10301.75,10471.0,669200,0.015497691991291696,0.015378829255110686,0.03759044305849213,0.05618317530764583,0.04223791939360999,0.1597012118112251,9967.7826171875,9497.69001953125,10085.041166691874,9856.248578373192,0.048058197193438984,0.09295291571662209,233.2687390238847,0.013760380444538799,0.013479263735954997,10503.930916968538,9431.634317406462,0.10240632218146081,0.9692893580162834,68.70921123936314,228.5067852360753,199.13841726750485,29.368367968570453,98.54307579349873,92.7033777412711,1938800,0.8527230561431218,123.0498046875,13.7001953125,46.2001953125,1,HOLD
2020-06-24,10529.25,10553.150390625,10281.9501953125,10305.2998046875,854800,-0.015824677233549855,-0.015951224257763807,0.005944653834325964,0.04292510459763088,0.018697766122357296,0.10631829356139422,10017.30009765625,9521.5580078125,10118.927111092013,9889.51541667312,0.027946756764926806,0.07605230432194747,235.9781287587858,0.015082821424114119,0.01318199036274892,10481.188674829207,9553.411520483294,0.09002912791764695,0.8104190544910324,62.51673162108259,229.15084579735048,205.140902973474,24.009942823876486,75.43116633688669,88.08874441479975,1084000,1.082923183145518,223.9501953125,23.900390625,23.349609375,1,BUY
2020-06-25,10235.5498046875,10361.7998046875,10194.5,10288.900390625,994200,-0.001591357298992957,-0.0015926248529521327,-0.0021626778905561306,0.019545861416606636,0.039072954011815764,0.08417201232122862,10057.24013671875,9547.4590234375,10145.076846465585,9919.102605387081,0.022515550263984763,0.0720622553468478,231.07253418226537,0.01285333833996584,0.012854778976762626,10467.090180039033,9647.390093398468,0.07966838588382644,0.7826158709521389,61.92191377837117,225.73583063328078,209.25988850543536,16.47594212784543,73.80553178472273,82.59325797170273,89800,1.2471774800541908,53.3505859375,72.8994140625,41.0498046875,1,BUY
2020-06-26,10378.900390625,10409.849609375,10311.25,10383.0,671900,0.00914574014738645,0.00910417112670767,-0.008404163881195692,0.013529304214020987,0.04112139832064443,0.08378654235014138,10097.375146484375,9576.61302734375,10181.68040861982,9953.468727172067,0.02750889468512228,0.07766415993992581,223.2065830799607,0.012924187204976517,0.012847125214484112,10467.865718045216,9726.884574923535,0.07136484090548785,0.885468451074787,64.03635490957033,227.9942823992278,213.00676728419387,14.987515115033943,83.13340019283416,77.45669943814785,761700,0.8587624056594719,4.099609375,26.849609375,67.650390625,1,BUY
2020-06-29,10311.9501953125,10337.9501953125,10223.599609375,10312.400390625,574500,-0.006799538608783573,-0.006822760798075913,0.0006890227428677509,0.00011639724666046014,0.05081673429872091,0.049485300007612754,10121.687646484375,9603.0050390625,10201.791175115637,9980.058659078253,0.018493535638317682,0.068790516726582,218.64899790460638,0.01159951416026909,0.012003793325004519,10481.456281131463,9761.919011837288,0.06977398491512274,0.7650491535024142,61.2866533923293,221.53362155460854,214.71213813827683,6.821483416331716,76.13503037718826,77.69132078491505,187200,0.7447304970055213,0.4501953125,25.5498046875,88.3505859375,1,BUY
2020-06-30,10382.599609375,10401.0498046875,10267.349609375,10302.099609375,556200,-0.0009988732845714887,-0.0009993724909477652,0.0012828599995027279,-0.016130301845573514,0.03914662188571727,0.032367649652134345,10137.837646484375,9623.71203125,10217.223241946509,10003.915539159456,0.01594451316905781,0.06584944854422319,212.58122629088447,0.011584218528986528,0.011619167224301128,10499.546930414574,9776.128362554176,0.07022049827610674,0.7270635150763737,60.87592279417212,213.12553581817338,214.39481767425616,-1.2692818560827845,75.11393865705335,78.12745640902527,-369000,0.7311494373751173,80.5,18.4501953125,34.75,1,BUY
2020-07-01,10323.7998046875,10447.0498046875,10299.599609375,10430.0498046875,573600,0.012419817334717198,0.012343324106810436,0.004531426821487106,0.012105421711579467,0.055550152802378516,0.03662457644729078,10156.262646484374,9647.07603515625,10249.965790099537,10035.48348444018,0.026249841882833542,0.0750690345869072,207.92900979242842,0.011562914358295071,0.011779620921121857,10537.562142550705,9774.963150418043,0.07311556573679376,0.8590185156639162,64.09479703041282,214.3160764106451,214.37906942153398,-0.06299301088887432,87.79733439688987,79.6821011437105,204600,0.765141763320949,106.25,17.0,24.2001953125,1,BUY
2020-07-02,10493.0498046875,10598.2001953125,10485.5498046875,10551.7001953125,597400,0.011663452514898642,0.011595958752537541,0.023205053685177557,0.025542069094862452,0.04558717225429043,0.052108425112159074,10182.39267578125,9678.48103515625,10296.386467871429,10073.724500791175,0.03499981166023955,0.08275625197768316,205.0876798518978,0.010445070035633804,0.011910662178286855,10595.54915386126,9769.236197701239,0.07831088268856463,0.946934199418246,66.8844436682478,222.51079235020916,216.00541400726905,6.505378342940105,94.6665173195934,85.85926345784554,802000,0.8064472582953092,58.650390625,46.5,7.5,1,BUY
2020-07-03,10614.9501953125,10631.2998046875,10562.650390625,10607.349609375,525200,0.005273976044848361,0.005260117338821228,0.029629882409816677,0.021607397609072487,0.035429034878619925,0.04586790777427363,10205.65263671875,9706.88203125,10344.2269512205,10113.254910600419,0.03786968351653282,0.08489091161180815,196.1242462464051,0.009775088618331384,0.011755586960329674,10657.679143714948,9753.626129722554,0.08522892591315863,0.9443290011073229,68.10523919691511,230.83468781382544,218.97126876858036,11.863419045245081,97.3471200161823,93.27032391088852,1327200,0.7317973762862526,7.6005859375,16.349609375,44.69921875,1,BUY
2020-07-06,10723.849609375,10811.400390625,10695.099609375,10763.650390625,571200,0.014735139974255018,0.014627632603289031,0.031984563083061524,0.04375799842006045,0.043879488977256464,0.058638123016069965,10235.462646484375,9735.87703125,10408.753634252405,10161.435314830027,0.049071432550491394,0.09548557618242387,196.69042731809046,0.010380663127900596,0.012079835568532826,10748.05783731753,9722.86745565122,0.09524560390397278,1.0152094221573857,71.30489941775173,247.19410199114645,224.6158354130936,22.578266578052848,95.11559212557052,95.70974315378207,1898400,0.8166766749592508,39.80078125,47.75,28.75,1,HOLD
2020-07-07,10802.849609375,10813.7998046875,10689.7001953125,10799.650390625,636800,0.003344590235981215,0.003339009534036716,0.023498601241783712,0.04829605615511867,0.031386724345812134,0.07495035367237013,10273.112646484375,9768.78203125,10468.891596808013,10208.713196179608,0.04875507308993115,0.09545386397599308,191.505368893584,0.009613910482033047,0.011566658970319412,10833.126296496974,9713.098996471776,0.10370958869163724,0.970111526859934,72.00159622497856,260.06607489940507,231.70588331035592,28.36019158904915,98.53941532258065,97.00070915477784,2535200,0.918174608896257,3.19921875,10.9501953125,109.9501953125,1,HOLD
2020-07-08,10818.650390625,10847.849609375,10676.5498046875,10705.75,767900,-0.00869476207364206,-0.008732782060989626,0.009276623685338992,0.02643325779600736,0.038858665240418366,0.05828300159726796,10302.592626953125,9797.25103515625,10505.331351164084,10245.53267736073,0.03765802237553421,0.08486084252329351,190.06211430743517,0.008213875531661209,0.011860041856590838,10887.952855517717,9717.232398388533,0.10935436164016385,0.8443668986827522,67.40458970304547,259.6966085537442,237.3040283590336,22.392580194710632,81.6692785624663,91.77476200353915,1767300,1.0964909149323512,112.900390625,29.19921875,29.2001953125,1,HOLD
2020-07-09,10755.5498046875,10836.849609375,10733.0,10813.4501953125,618700,0.010060032721901813,0.01000976742529668,0.004626665014210607,0.024806428836585015,0.050982105450788184,0.09204708092430813,10348.16513671875,9825.90203125,10552.734250284577,10287.602694271907,0.04302836284347486,0.09132590858841616,185.85050681226124,0.008182601046281523,0.010501939106827316,10943.513255953208,9752.81701748429,0.11011251885037304,0.8907672196824576,69.78722406365532,265.0391036804631,242.8510434233195,22.188060257143576,94.73491472729175,91.64786953744624,2386000,0.8895950308058392,57.900390625,23.3994140625,22.5498046875,1,HOLD
2020-07-10,10764.099609375,10819.400390625,10713.0,10768.0498046875,590700,-0.004198511095439339,-0.00420734959083762,-0.0029260749000663555,0.015149891464920628,0.03708463880261004,0.07973100932703381,10387.922607421875,9850.19603515625,10585.859720204982,10323.192976958971,0.03530139664660074,0.08523862595172003,180.17549851317114,0.008515426348810588,0.01065452593715277,10983.919803821364,9791.925411022386,0.11069733279651839,0.8189001555386615,67.5457847638861,262.5827470070326,246.79738414006215,15.785362866970445,87.78604845821563,88.06341391599123,1795300,0.8620777723455011,3.9501953125,51.3505859375,51.099609375,1,BUY
2020-07-13,10851.849609375,10894.0498046875,10756.0498046875,10802.7001953125,554100,0.003217889149241815,0.003212722824094239,0.009055899429045056,0.003627933207632994,0.04754468272326107,0.10077748253124685,10437.372607421876,9869.05203125,10619.219793308897,10358.713515995061,0.033818173353468324,0.0864272956929443,177.16296290508748,0.0076953062037860296,0.009582058279246096,10997.634387204846,9877.110827638906,0.10372624800345347,0.8260329377021901,68.38050176901297,260.4299887856032,249.52390506917038,10.906083716432818,86.94165751131797,89.82087356560845,2349400,0.8183368901425911,49.1494140625,42.2001953125,46.650390625,1,BUY
2020-07-14,10750.849609375,10755.650390625,10562.900390625,10607.349609375,532400,-0.01808349601540049,-0.018249000734889463,-0.01905965091759909,-0.017806204302403428,0.029629882409816677,0.06993641409874929,10472.040087890626,9895.3290234375,10617.393611164736,10377.13171775809,0.012756204562616174,0.06712521149564084,181.63702303240265,0.010486902381544245,0.010765154778394981,10982.021052315824,9962.059123465428,0.0961561527065095,0.6326613451506465,59.144688116226575,240.19196920644026,247.65751789662437,-7.465548690184107,59.01647125173975,77.91472574042446,1817000,0.8082218814992472,143.5,4.80078125,44.44921875,1,BUY
2020-07-15,10701.0,10827.4501953125,10577.75,10618.2001953125,715900,0.0010229309240368245,0.001022408086719745,-0.013916132641749845,-0.008177830108820006,0.01803926099570896,0.074591497502841,10508.892578125,9923.58103515625,10617.51770103365,10394.989282438231,0.010294363938980434,0.06541778713711721,186.49867819526676,0.009951918476591036,0.010665165793873338,10943.738054660673,10074.047101589327,0.08190568430375597,0.6256855861278658,59.47211921804167,222.4643143493322,242.61887718716594,-20.154562837833737,58.85606249299022,68.27139708534932,2532900,1.0842780440890245,82.7998046875,126.4501953125,40.4501953125,1,BUY
2020-07-16,10706.2001953125,10755.2998046875,10595.2001953125,10739.9501953125,694400,0.011466161662100571,0.011400923444823241,-0.0058087328969129715,-0.006797090537473571,0.017840726756397807,0.06424120729447402,10541.307568359374,9952.96203125,10636.353469387815,10420.542791181344,0.01849567487192112,0.07327670517559619,184.61303042239055,0.009930439681877292,0.010015609247576648,10942.240203576406,10140.374933142342,0.0746619170342188,0.7477256894351457,63.050453987533146,215.75217092168896,237.24553593407055,-21.493365012381588,77.01550235164396,64.96267869879132,3227300,1.046050946778541,33.75,15.349609375,111.0,1,BUY
2020-07-17,10752.0,10933.4501953125,10749.650390625,10901.7001953125,676900,0.01506059125586967,0.014948306530616993,0.027749682698998246,0.0124117545005058,0.027749682698998246,0.06416186205383156,10574.17255859375,9987.0150390625,10677.176042613552,10456.185176248084,0.030043720782156592,0.08390298209111409,185.24781396364838,0.010757105754917687,0.010010861500599055,10980.094154870723,10168.250962316775,0.07446941101013065,0.9034370673078997,67.19457767717013,220.93778879551246,233.98398650635895,-13.046197710846485,95.23345262407875,77.03500582290432,3904200,1.0364891971764112,149.7001953125,31.75,2.349609375,1,BUY
2020-07-20,10999.4501953125,11037.900390625,10953.0,11022.2001953125,554300,0.011053321760931656,0.010992680250840313,0.03804787935514242,0.020318993958125864,0.024020643118685125,0.06895414564089464,10609.72255859375,10022.42904296875,10730.256681497525,10498.113408344008,0.03742244101991246,0.09070522532959716,181.7444126314235,0.010358576506784118,0.0101413592153732,11041.036820132664,10178.408297054837,0.0782628248255447,0.9781636888681429,69.9027589471406,232.09532087562548,233.60625338021228,-1.5109325045868047,97.87346895584773,90.04080797719014,4458500,0.8573660317239339,22.75,15.7001953125,46.4501953125,1,BUY
2020-07-21,11126.099609375,11179.5498046875,11113.25,11162.25,772000,0.012706156865764484,0.012626110991777935,0.03932046210715345,0.052312821869712645,0.03357512477346192,0.06601566230541489,10644.28505859375,10060.8900390625,10796.717192044009,10547.310008252287,0.046403273659544414,0.09866827574525742,180.0019266845361,0.010861736896577651,0.009983915398137274,11132.611027215824,10155.959089971677,0.08749597413103515,1.0303475287898154,72.72136791539064,249.36408033368207,236.75781877090625,12.606261562775813,97.50723275396254,96.871384777963,5230500,1.1846759404899814,36.150390625,17.2998046875,12.849609375,1,BUY
2020-07-22,11231.2001953125,11238.099609375,11056.5498046875,11132.599609375,765100,-0.0026563094918139463,-0.002659843741967638,0.021180128780442953,0.04844506645199487,0.03987106082012004,0.08027906226572767,10685.650048828125,10099.61103515625,10848.391410099957,10590.665851724596,0.04014781598455125,0.09278952001011956,180.11248939903354,0.0102687005478344,0.009050419739466013,11191.93655031724,10179.363547339011,0.09095566520918606,0.9413998390549065,71.20107494170225,257.6867059522883,240.94359620718268,16.74310974510564,84.38076511580834,93.25382227520622,4465400,1.182224145124154,98.6005859375,6.8994140625,76.0498046875,1,BUY
2020-07-23,11135.0,11239.7998046875,11103.150390625,11215.4501953125,621600,0.007442159858846331,0.007414603621325298,0.017532797134476308,0.044273948328692914,0.03717592375597767,0.09005333607192378,10731.9775390625,10136.24904296875,10904.861992444996,10636.947219405587,0.04310773511812014,0.09622450579779694,177.00798401785258,0.010128459048413942,0.0089867468841138,11253.893870451482,10210.061207673518,0.09307095520911272,0.9631706531987275,72.90556767223373,267.87984449233954,246.33084586421407,21.548998628125474,96.40277286859171,92.76359024612088,5087000,0.988958538836031,80.4501953125,24.349609375,31.849609375,1,HOLD
2020-07-24,11149.9501953125,11225.400390625,11090.2998046875,11194.150390625,678900,-0.0018991484351116306,-0.0019009541040186228,0.002857881755470526,0.026826108778724933,0.03957082235559617,0.07812293081238564,10772.53505859375,10177.27705078125,10949.367899860405,10678.222392085221,0.03766389742131289,0.09083970684326101,174.01459844068452,0.0099537386352167,0.009016427560173368,11305.621066474918,10239.449050712583,0.09524367446905523,0.8954477568320817,71.73016832304555,271.114030216826,251.28748273473647,19.826547482089524,93.25610081584661,91.34654626674889,4408100,1.0795210609168517,44.2001953125,31.25,59.650390625,1,HOLD
2020-07-27,11225.0,11225.0,11087.849609375,11131.7998046875,588100,-0.005569925698846956,-0.0055854955772852745,-7.184347911215472e-05,0.009943532818575518,0.030464569359964555,0.07945768036774603,10813.505029296875,10217.1760546875,10977.434346758535,10711.821369937985,0.02859328958256989,0.0821631511568202,171.3814407395642,0.010401732293364488,0.00894420239521585,11324.32396671486,10302.686091878892,0.09177652246366891,0.8115534214517233,68.2608356058855,265.5844819180129,254.14688257139176,11.437599346621141,84.04489681091258,91.23459016511697,3820000,0.9341296440427578,93.2001953125,0.0,43.9501953125,1,HOLD
2020-07-28,11154.099609375,11317.75,11151.400390625,11300.5498046875,683900,0.0151592736988444,0.015045520083450243,0.007587712298037452,0.012389957641828486,0.06535093315863127,0.09691715603331019,10863.4275390625,10266.72205078125,11027.144417211624,10755.431665999558,0.03868150427899355,0.09148473054624427,172.42206606620246,0.007909093301655916,0.009207320030805637,11359.514608881509,10367.340469243492,0.08779874933398904,0.9405701057513329,72.18233933690443,271.6871494113293,257.65493593937924,14.032213471950058,97.72137454946272,91.67412405874065,4503900,1.0753905543631215,146.4501953125,17.2001953125,2.69921875,1,HOLD
2020-07-29,11276.900390625,11341.400390625,11149.75,11202.849609375,600700,-0.008645614328603224,-0.008683204468886633,0.0007771218401073643,0.006310296109171221,0.055061065275506804,0.0740935871984223,10902.067529296875,10313.19705078125,11054.1759852379,10788.5742864204,0.02684871176226609,0.07941305914249293,173.79551782040227,0.00913283476078961,0.009475836916398521,11377.050057073426,10427.085001520325,0.08479673374871795,0.816624362463715,67.01943321533285,265.5785439818901,259.23965754788145,6.338886434008657,82.20285404624278,87.9897084688727,3903200,0.9425554282845068,74.05078125,64.5,53.099609375,1,HOLD
2020-07-30,11254.2998046875,11299.9501953125,11084.9501953125,11102.150390625,677800,-0.008988714680747911,-0.009029356907451743,-0.0026634878979781007,-0.01010211830238017,0.033724569362582724,0.05216696694595546,10929.5900390625,10353.9090625,11061.556662990026,10811.802503259903,0.015542966496672216,0.06739607209400059,176.73869511894495,0.009885746841685975,0.009676653327608153,11383.499307587159,10475.68077053784,0.08176961265232989,0.690082427841453,62.08996529057555,249.73307733225192,257.33834150475553,-7.60526417250361,69.26782273603082,83.06401711057879,3225400,1.0568661999282722,152.1494140625,45.650390625,17.2001953125,1,BUY
2020-07-31,11139.5,11150.400390625,11026.650390625,11073.4501953125,642600,-0.002585102372305803,-0.002588449519166038,-0.020096332771419534,-0.010782434673522467,0.015754423339751078,0.04394128628753324,10952.895068359376,10393.25306640625,11063.38643719354,10831.184089805003,0.010886862254020562,0.06142594375817787,172.9537883247346,0.009110880796563704,0.009721406079943842,11385.598773562711,10520.19136315604,0.07815156027639937,0.6393044772933407,60.719182496633415,232.18310266920525,252.3072937376455,-20.12419106844024,65.5812208975594,72.35063255994434,2582800,0.9928924598269453,66.0498046875,10.900390625,46.7998046875,1,BUY
2020-08-03,11057.5498046875,11058.0498046875,10882.25,10891.599609375,680900,-0.016422215545293994,-0.016558554850121334,-0.027783109731253863,-0.02157784001930707,-0.011848867161117438,0.011887158548129939,10959.292529296876,10430.30005859375,11036.95769445155,10835.659372490465,-0.006215149505092778,0.04235370077175664,174.25710310957498,0.010039401495765987,0.010095754562689649,11384.33076701105,10534.254291582702,0.0780488179804774,0.4203684352185066,52.769580195605606,201.28056178810766,242.10194734773793,-40.82138555963027,41.09859868180435,58.649214105131534,1901900,1.0432291227774484,165.9501953125,0.5,9.349609375,1,BUY
2020-08-04,10946.650390625,11112.25,10908.099609375,11095.25,625700,0.018697932161379383,0.01852527473195631,-0.0006215364035085935,-0.018167240376423144,-0.006002374073327488,0.027371220241685368,10974.072509765625,10471.6240625,11045.9257414592,10854.888542645536,0.010921564654638246,0.056206569252608175,177.57090936067678,0.011082593094514068,0.01086657164979521,11396.42719070168,10551.71782882957,0.07613252174327828,0.6434546551788759,59.21018239789467,191.02098899051816,231.88575567629397,-40.864766685775805,67.0128214691883,57.89754701618403,2527600,0.9594712710655835,148.599609375,17.0,38.55078125,1,BUY
2020-08-05,11155.75,11225.650390625,11064.0498046875,11101.650390625,667600,0.0005768586219327965,0.0005766923029565639,0.0025466494015060626,-0.009033346182324209,-0.0027800531624201374,0.036980163988977965,10993.867529296875,10507.35806640625,11054.498764407941,10873.167404700438,0.009708724156828488,0.053531889701788064,176.430171973307,0.01106135339998745,0.010607614300719478,11400.895703509857,10586.839355083892,0.07332750715275729,0.6324022121268369,59.39757934567459,181.31655725889686,221.77191599281457,-40.455358733917706,59.484579636670894,55.86533326255452,3195200,1.0316558880569897,54.099609375,69.900390625,37.6005859375,1,BUY
2020-08-06,11185.7001953125,11256.7998046875,11127.2998046875,11200.150390625,600400,0.008872554668374333,0.00883342483924069,0.028329243849949615,0.008827118760952324,-0.0013641721394201944,0.03576103725711244,11013.2025390625,10541.55908203125,11076.90670690322,10897.388620166543,0.01669154833126017,0.05880200583244122,174.9101178368208,0.01118010621050868,0.010562591556120392,11420.850677887816,10605.554400237184,0.07279333305498017,0.7293005091357483,62.27039305179724,179.50463430952004,213.31845965615565,-33.81382534663561,69.23665908075802,65.24468672887241,3795600,0.9291241101826045,14.4501953125,56.6494140625,58.400390625,1,BUY
2020-08-07,11186.650390625,11231.900390625,11142.0498046875,11214.0498046875,452600,0.0012410024488720417,0.0012402330418245548,0.010707267045582558,0.012697001105808736,0.0017776618473130945,0.04141882774407768,11035.5025390625,10574.23408203125,11098.005645024155,10920.845231558793,0.01592174715956471,0.05705483155503788,168.83443698686932,0.011167438986781224,0.010469318658842581,11435.797177142056,10635.207900982943,0.07139162836823364,0.7230198067114654,62.67175669996165,177.14818486630975,206.0844046981865,-28.93621983187674,72.26386200735904,66.99503357492934,4248200,0.7079673703063519,27.3994140625,17.8505859375,44.6005859375,1,HOLD
2020-08-10,11270.25,11337.2998046875,11238.0,11270.150390625,492000,0.005002705259437024,0.004990233307851035,0.015177923468234322,0.03475621532434592,0.01242841125109373,0.0432716068076513,11058.875048828126,10603.11408203125,11124.489452039963,10946.719919999732,0.018746452751209272,0.0591861053734136,165.57840577352152,0.011056875890170823,0.010487090640214044,11456.647894836682,10661.10220281957,0.07058873789997355,0.7655728563628047,64.32150565183906,177.7584414757166,200.41921205369252,-22.66077057797591,84.48220856286024,75.32757655032577,4740200,0.7733538722708612,0.099609375,67.0498046875,32.150390625,1,HOLD
2020-08-11,11322.25,11373.599609375,11299.150390625,11322.5,586100,0.004644978776729314,0.004634224153283686,0.010923925582053906,0.02048173768053907,0.001942400652346521,0.06742027150617669,11094.632568359375,10629.98208984375,11154.95261326487,10974.555712790356,0.020125187161901082,0.06116298610344446,161.14060670041286,0.010045191677925922,0.009345920524884732,11449.925988916304,10739.339147802446,0.06275882897892321,0.8206749948853794,65.83871409424488,180.38686274119755,196.41274219119353,-16.025879449995983,89.60015264080518,82.11540773700817,5326300,0.9173938563881808,0.25,51.099609375,23.099609375,1,HOLD
2020-08-12,11289.0,11322.0,11242.650390625,11308.400390625,609900,-0.0012452735151247118,-0.0012460495124746427,0.00841360503839228,0.018623357133872087,0.00942177971948066,0.065001618223133,11129.142578125,10654.9191015625,11178.559963628153,10999.285138459512,0.015851739088457644,0.057787243685168355,155.3341068914548,0.009579704148686231,0.009388784869636022,11421.052541546547,10837.232614703453,0.051627100799074864,0.8070429840730149,65.03652933237326,179.26572124416634,192.9833380017881,-13.717616757621755,86.7305850038359,86.93764873583378,4716400,0.9626326796354007,19.400390625,13.599609375,46.349609375,1,BUY
2020-08-13,11334.849609375,11359.2998046875,11269.9501953125,11300.4501953125,562400,-0.0007030344733010008,-0.0007032817179241128,0.002688500475797051,0.008955219455933028,0.017861387002553242,0.05218832395001538,11157.167578125,10680.34611328125,11197.312306964332,11021.593820122906,0.012679372477296075,0.054874281228943715,150.6209284974223,0.008960018645923905,0.009217341494656795,11397.261189073326,10917.073967176673,0.04249275149195716,0.798389067124197,64.55888515200346,175.71021621450745,189.52871364433196,-13.818497429824504,85.11255271871559,87.14776345445223,4154000,0.8970054627377472,34.3994140625,24.4501953125,30.5,1,HOLD
2020-08-14,11353.2998046875,11366.25,11111.4501953125,11178.400390625,645100,-0.010800437378868932,-0.010859185489107238,-0.012726836774122341,-0.003178995517533645,0.009477641878673504,0.02538138000084378,11171.002587890625,10701.07111328125,11194.40278137365,11033.209198263186,0.0006617943959655407,0.04270103598579918,158.06227679671358,0.009749428736026161,0.009189316858662403,11380.565852244052,10961.439323537199,0.03749432065954284,0.5176505237134039,57.56886002024823,161.1860017436702,183.8601712641996,-22.674169520529404,60.27284543925969,77.37199438727042,3508900,1.0315245808581897,174.8994140625,12.9501953125,66.9501953125,1,BUY
2020-08-17,11248.900390625,11267.099609375,11144.5,11247.099609375,634000,0.0061457110453491115,0.006126903182347498,-0.0054208180761640135,-0.002045294911873996,0.03263983370211321,0.02040422148729837,11182.24755859375,10722.6641015625,11202.509985681589,11049.05302919265,0.005766113312199413,0.04662851099632465,155.52922912373404,0.007660032464027536,0.008978097390298612,11382.598962957112,10981.896154230388,0.03562721258311959,0.661845760419455,60.182219517566985,153.45003347741658,177.77814370684303,-24.328110229426443,74.25458419293162,73.21332745030232,4142900,1.0073565629121168,1.80078125,18.19921875,102.599609375,1,BUY
2020-08-18,11259.7998046875,11401.7001953125,11253.150390625,11385.349609375,579200,0.012292057935075373,0.012217124027310865,0.007512923166345775,0.005550859737248892,0.02614628867082769,0.01998697479226852,11193.4025390625,10749.4380859375,11230.639158557613,11073.964027867887,0.016859128344591755,0.05585349113160951,155.4628974675745,0.006385884742995827,0.008950232655318942,11412.064513373778,10974.74056475122,0.03841111284474333,0.938912780596944,64.87117495456556,156.6688613773331,173.55628724094106,-16.887425863607973,96.85232846477928,77.12658603232354,4722100,0.9346005518532248,125.5498046875,16.3505859375,6.6494140625,1,BUY
2020-08-19,11452.150390625,11460.349609375,11394.099609375,11408.400390625,626200,0.002024600213507588,0.002022553472584474,0.02057539468642533,0.00884298367105063,0.027631026847957818,0.024774157961968024,11207.192578125,10775.2830859375,11257.98704041423,11098.7372215023,0.017636811964045884,0.05549571219535488,149.71554764846204,0.00635117006134366,0.008909930622680565,11442.899629958216,10971.485526291783,0.04132166539787855,0.926817549441512,65.59858707012998,159.24414371912098,170.69385853657707,-11.449714817456083,91.01379452475953,87.3735690608235,5348300,1.0218918544024396,43.75,8.19921875,14.30078125,1,BUY
2020-08-20,11317.4501953125,11361.4501953125,11289.7998046875,11312.2001953125,791600,-0.008432399987605033,-0.0084681538079335,0.00578821102315441,0.0010397815836464819,0.010004312511847191,0.008626492768024407,11212.030078125,10803.48708984375,11266.32752578322,11114.549370304327,0.008855051666165467,0.04497030610186239,147.4930503833933,0.006835881691550488,0.00903658624306377,11452.14648935935,10971.913666890652,0.04245264530128223,0.7085865698888586,60.01337174005195,151.7729773383944,166.90968229694053,-15.136704958546119,74.37302989658329,87.41305096204071,4556700,1.2741334492221745,5.25,44.0,22.400390625,1,BUY
2020-08-21,11409.650390625,11418.5,11362.2001953125,11371.599609375,668700,0.005250916093857194,0.005237178104313519,-0.0012076923829091868,0.017283261647349057,0.014049322718510115,0.01585195951080065,11220.9025390625,10831.46107421875,11282.523230951225,11133.590214238102,0.013252055602473263,0.04749890549355494,144.55067569082948,0.006966838164357403,0.00907933019235274,11470.641521016383,10971.163557108615,0.043923280898492685,0.8017091467513195,62.155937115141974,148.92830762243284,163.31340736203902,-14.385099739606176,83.92937980986872,83.10540141040387,5225400,1.0772018847408462,38.05078125,8.849609375,9.3994140625,1,BUY
2020-08-24,11412.0,11497.25,11410.650390625,11466.4501953125,532900,0.008341006471886514,0.008306412509926262,0.005088338653962632,0.01950285794167428,0.017417673933685096,0.0300625591994641,11237.63505859375,10864.51607421875,11310.819687006864,11158.246611628047,0.01995518515506126,0.052495245768373944,143.2006553289845,0.007232604455736285,0.00909640760280051,11505.441931379459,10969.828185808043,0.04671138289951111,0.9272017636024484,65.34879897800931,152.56881760497163,161.16448941062555,-8.595671805653922,92.89016832846029,83.73085934497078,5758300,0.8622768055791511,54.4501953125,30.7998046875,1.349609375,1,HOLD
2020-08-25,11513.099609375,11525.900390625,11423.349609375,11472.25,638200,0.0005058064691958464,0.000505678592222556,0.014148423995698156,0.007632650169428601,0.013225877677191411,0.015193968282966042,11246.220068359375,10895.68107421875,11335.655119775081,11181.506211404783,0.019702319217296115,0.05025770234969165,140.29709289477134,0.007166774807349499,0.008511446996245207,11531.95227275986,10960.48786395889,0.049812757636991,0.8955275746987976,65.54024773845931,154.14505551388356,159.76060263127715,-5.615547117393589,87.05504515818915,87.95819776550609,6396500,1.0364932681532473,40.849609375,12.80078125,48.900390625,1,HOLD
2020-08-26,11512.849609375,11561.75,11461.849609375,11549.599609375,743400,0.0067423225064831005,0.006719694702452173,0.01565303089402237,0.012376776227632336,0.021329207528764327,0.030951946343172,11263.557568359374,10929.05005859375,11368.569656636657,11208.77248620701,0.024766403225220092,0.05372909639893836,137.41161416121625,0.007290929324525013,0.00830678477411223,11577.36031985373,10949.75481686502,0.05434002253024187,0.9557672608868368,68.07369768361704,159.7937001446371,159.76722213394913,0.02647801068798117,97.30171088272353,92.41564145645766,7139900,1.193517054257341,36.75,12.150390625,51.0,1,HOLD
2020-08-27,11609.2998046875,11617.349609375,11540.599609375,11559.25,719800,0.0008355606212675504,0.0008352117348219679,0.008093159007958484,0.02183923555294509,0.022901725171520226,0.041172168750388094,11286.412548828124,10958.40205078125,11397.905094077207,11234.733869195632,0.02360338699931879,0.051979838589765834,133.07864172112937,0.0072404046607900275,0.00793232045728609,11616.047367586085,10956.777730070164,0.05703394575910385,0.9138480458450855,68.38598281982391,163.16809732520414,160.44739717220014,2.720700153004003,88.51558081310166,90.9574456180048,7859700,1.1517444976918687,50.0498046875,8.0498046875,18.650390625,1,HOLD
2020-08-28,11602.9501953125,11686.0498046875,11589.400390625,11647.599609375,807000,0.007643195654994939,0.007614134421611744,0.015284674704177492,0.024270991723315705,0.04197373527105941,0.05184918918094228,11315.12001953125,10986.46603515625,11436.319634892294,11265.316610061473,0.028544902039398846,0.05676135825330153,132.6301533615844,0.005725892022659189,0.007947511985323558,11664.953214038613,10965.286825023888,0.06006957763654345,0.975197315553452,71.16661034289876,171.00022239031932,162.55796221582398,8.442260174495345,93.30834990397526,93.04188053326682,8666700,1.2745090297464385,44.6494140625,38.4501953125,13.5498046875,1,HOLD
2020-08-31,11777.5498046875,11794.25,11325.849609375,11387.5,1371800,-0.022330747801946216,-0.0225838540823065,-0.014035084752498372,-0.006885321434943692,0.012483253060902033,0.04553053806698437,11339.9150390625,11007.99203125,11428.808921831933,11274.367257144075,0.004178701289791438,0.033326715148188815,156.61374173754265,0.010057432668051206,0.008758705299676317,11631.63057988224,11048.19949824276,0.051234343063840095,0.5815605517676598,55.64856960827224,154.43909544115922,160.93418886089103,-6.495093419731802,40.42909836710351,74.08434302806016,7294900,2.0544231950039653,390.0498046875,16.7001953125,61.650390625,1,HOLD
2020-09-01,11464.2998046875,11553.5498046875,11366.900390625,11470.25,783800,0.007266739846322645,0.007240464307211334,-0.007699461470251134,-0.00017433371832031863,0.007456985822823725,0.03379824699758904,11358.6650390625,11027.97703125,11435.184472319332,11288.877127958087,0.009728206528846364,0.03855826758353127,158.75914690361105,0.009559698409076795,0.007967143259964232,11632.739756788118,11084.590321336882,0.04778879583716449,0.7035666803979098,58.73168863282707,146.3050034389271,158.00835177649824,-11.703348337571157,52.54831683083353,62.09525503397078,8078700,1.1600938376490246,5.9501953125,83.2998046875,97.3994140625,1,HOLD
2020-09-02,11478.5498046875,11554.75,11430.400390625,11535.0,593500,0.005645038251127943,0.005629164732428894,-0.009667194370621246,-0.0012640792641114285,0.011097051737335217,0.03903470151978028,11380.33251953125,11052.57103515625,11450.540707347136,11307.108496034021,0.013408537535218899,0.0418230572036194,156.30132279442455,0.009679676769203675,0.008010234957012557,11637.716531941496,11122.948507121004,0.044626616802816856,0.8004605434105673,61.015355207593096,143.4300880133742,155.09269902387342,-11.662611010499234,62.031330674054296,51.66958195733046,8672200,0.883276531781583,56.4501953125,19.75,48.1494140625,1,HOLD
2020-09-03,11566.2001953125,11584.9501953125,11507.650390625,11527.4501953125,607100,-0.0006545127600779965,-0.0006547270470620276,0.012289808589462048,-0.0027510266399204397,0.01902812859422287,0.029222804451042306,11396.697509765625,11077.34203125,11462.372936264892,11323.430140044333,0.011342723961630649,0.03904663706511011,150.65835721535854,0.009120795881026772,0.007858558599372085,11647.717191091473,11145.677828439777,0.04355164014118616,0.760443095249541,60.59431025043272,138.94086685858565,151.86233259081587,-12.921465732230217,58.93808315698345,57.83924355395711,8065100,0.9030664990740245,38.75,18.75,19.7998046875,1,HOLD
2020-09-04,11354.400390625,11452.0498046875,11303.650390625,11333.849609375,681300,-0.016794744948559814,-0.01693737589976223,-0.011891666757481323,-0.026936880603920077,-0.003319673686794089,0.01068300986477011,11402.6875,11096.3590234375,11442.600116743359,11324.201954192344,-0.00607365484786912,0.020954097162278803,155.88274632051147,0.01074681173594224,0.008857626685715131,11641.403430267628,11163.971569732372,0.04212442170931401,0.35581630319312885,50.89538964982361,118.39637770972149,145.169141614597,-26.772763904875518,14.91393032850496,45.29444805318092,7383800,0.9964896884598493,20.55078125,97.6494140625,30.19921875,1,BUY
2020-09-07,11359.599609375,11381.150390625,11251.7001953125,11355.0498046875,560300,0.0018705202595032944,0.001868773014980915,-0.015600363702860887,-0.0028496329582875513,-0.00971533375434197,0.007533121663853226,11406.932470703125,11117.21201171875,11429.13083796553,11326.486984554716,-0.004569127120358983,0.02094555260079688,153.99470696279636,0.010357828459625377,0.008802628144632242,11638.996835027117,11174.868106379132,0.04087421337917758,0.38821492225411713,51.805115179467315,102.64220517973263,136.66375432762413,-34.021549147891506,19.04887044140173,30.966961308963402,7944100,0.815438463721501,4.5498046875,21.55078125,103.349609375,1,BUY
2020-09-08,11378.5498046875,11437.25,11290.4501953125,11317.349609375,572200,-0.0033201259317187093,-0.003325649779789579,-0.01822611092459414,-0.013330170713367173,-0.013502180533461194,-0.0004548810443806284,11406.674951171875,11137.51701171875,11411.933725874673,11325.810140742102,-0.007892779217749052,0.01588999225642737,153.48078537170377,0.010369673766198276,0.008781209933221188,11639.124630265658,11174.225272078093,0.041078465739227056,0.307860905324923,50.03007697113084,86.1220577859549,126.5554150192903,-40.4333572333354,12.10016361545149,15.354321461786078,7371900,0.8336004195681931,61.2001953125,58.7001953125,26.8994140625,1,BUY
2020-09-09,11218.599609375,11298.150390625,11185.150390625,11278.0,728900,-0.003476927967516641,-0.003482986529093653,-0.0049276822350636795,-0.022280017338534908,-0.023515932894724645,-0.0026883015789043174,11405.154931640625,11154.476015625,11391.328537278563,11322.268642989031,-0.011274599365191111,0.010952649793846471,151.96067347015352,0.009984377858091418,0.008812179355237652,11640.53437474257,11169.77548853868,0.0417413447600541,0.22989371976340506,48.174685898533966,69.0584742334413,115.05602686212049,-45.99755262867919,15.24374797584806,15.464260677567111,6643000,1.0527608070829164,59.400390625,20.150390625,33.44921875,1,BUY
2020-09-10,11363.2998046875,11464.0498046875,11327.400390625,11449.25,679400,0.015184429863450921,0.01507030028649042,0.00829588570132156,-0.006783824175124131,-0.009516188334018238,0.013167599707595956,11412.594921875,11172.42701171875,11400.2395315434,11331.674683811458,0.003201526573793107,0.0241782639283141,154.3956114142497,0.011418219434791998,0.009447876014500412,11643.632423300734,11181.557420449264,0.04035853901796802,0.5793271176718552,55.848700486214284,68.5635472423437,105.75753093816515,-37.193983695821444,43.359018017758025,23.567643203019212,7322400,0.973045744894158,85.9501953125,14.7998046875,35.8994140625,1,HOLD
2020-09-11,11447.7998046875,11493.5,11419.900390625,11464.4501953125,554800,0.0013276149365679668,0.0013267344350831917,0.012997794626371295,0.01152305619349936,-0.01572421959929715,0.025589511440957224,11426.897412109374,11189.5690234375,11410.118095200187,11341.509920805236,0.003275585184057063,0.023976829869032157,148.62446841144614,0.011062501964904197,0.00905201171053704,11632.149599285547,11221.645224933201,0.03580672141784781,0.5914796176332626,56.46490299977025,68.6069841575245,98.32742158203703,-29.72043742451254,45.854536825937366,34.819100939847836,7877200,0.7997635882687874,16.650390625,29.0498046875,27.8994140625,1,HOLD
2020-09-14,11540.150390625,11568.900390625,11383.5498046875,11440.0498046875,642300,-0.0021283524468515003,-0.002130620607789219,0.014368665072486353,0.007485656290552756,0.004614691959385242,0.017155551387814327,11436.544921875,11203.09701171875,11414.72297358285,11348.809181028466,0.0003063695414213925,0.02071256655470678,151.24776252044998,0.00835473220273709,0.009008019064550959,11624.495206988842,11248.594636761158,0.03285829840300706,0.509323962477279,55.13464209285407,65.9127000479657,91.84447727522277,-25.931777227257072,41.84855976579159,43.687371536495675,7234900,0.9253443208667075,100.1005859375,28.75,56.5,1,HOLD
2020-09-15,11487.2001953125,11535.9501953125,11442.25,11521.7998046875,506700,0.007145947910690342,0.007120536611649034,0.006336642547546845,0.01806520098514408,0.00449421805867356,0.011984717201845463,11443.367431640625,11217.54,11431.196332214337,11361.623316847865,0.00680730219031976,0.026407315683762776,147.29437881363214,0.00834392931422037,0.008734521528419241,11633.284808730365,11253.450054550885,0.03296661638097098,0.706490775746939,58.649551470794336,69.57201933480064,87.38998568713835,-17.817966352337706,55.27000984419241,47.657702145307134,7741600,0.7338213890035398,34.599609375,14.150390625,44.9501953125,1,HOLD
2020-09-16,11538.4501953125,11618.099609375,11516.75,11604.5498046875,527800,0.0071820376506051,0.007156369643982706,0.012220351345961777,0.02895458456175737,0.006029458577156532,0.01719341952827036,11453.17490234375,11235.51599609375,11457.866097210212,11379.617891719485,0.013044444195724382,0.03180078631268255,144.01260956801556,0.008462953263819363,0.00885311757098223,11654.756838238318,11251.592966449181,0.03474187957091484,0.8754674288425509,61.903101858625895,78.24730345599892,85.56144924091046,-7.314145784911545,68.85563668196204,55.324735430648694,8269400,0.769864712102978,66.099609375,13.5498046875,21.7001953125,1,HOLD
2020-09-17,11539.400390625,11587.2001953125,11498.5,11516.099609375,0,-0.007622027291120936,-0.007651223391398827,0.006647681258899585,0.005838776284472713,-0.000984657122363064,0.018024735289514426,11463.369873046875,11249.568984375,11466.82509908172,11389.727659099784,0.004578784320795462,0.023144175028064432,141.30098064797875,0.00885836431511066,0.008809953958430514,11655.818976227263,11270.920769866487,0.03342261871783736,0.6369965758636529,56.76206219270346,77.09661528151264,83.8684824490309,-6.771867167518266,54.33417025001683,59.48660559205711,8269400,0.0,23.30078125,47.7998046875,17.599609375,1,HOLD
2020-09-18,11584.099609375,11584.099609375,11446.099609375,11504.9501953125,764200,-0.0009681588767627147,-0.0009686278452831663,-0.0014624112257309863,0.0035326595964069174,0.015096422824948386,0.011726633940537523,11470.03740234375,11264.3069921875,11472.690498501841,11398.262670003272,0.0030345887966532793,0.020916492382822015,141.06519631598027,0.006683816765377231,0.008759049009028807,11658.505601009463,11281.569203678038,0.03276297514829758,0.592622503996236,56.12926314655739,74.4270731081233,81.98020058084938,-7.553127472726089,73.86543059502864,65.68507917566917,7505200,1.1743012124099126,79.1494140625,0.0,58.8505859375,1,HOLD
2020-09-21,11503.7998046875,11535.25,11218.5,11250.5498046875,602900,-0.02211225483867385,-0.022360395533691877,-0.03050527646122092,-0.016564613199704148,-0.009202953910150247,-0.01882887789572929,11459.2423828125,11273.263984375,11438.515007145787,11387.320966517631,-0.018549544844292703,-0.002018939525785354,153.6141108648388,0.010015985719655326,0.009916633787163268,11670.63424551233,11247.850520112668,0.0375789390509174,0.006384551752255334,44.05952443189337,51.19333143400763,75.82282675148105,-24.629495317473413,15.105562322371092,47.7683877224722,6902300,0.9214850138322085,253.25,31.4501953125,32.0498046875,1,HOLD
2020-09-22,11301.75,11302.2001953125,11084.650390625,11153.650390625,672200,-0.00861286032635733,-0.008650165364363744,-0.03147326187200905,-0.03195242239087703,-0.014464448338186497,-0.02777132727886855,11443.31240234375,11284.19,11394.689681527201,11370.012020676248,-0.025970153409346643,-0.011703756600146192,158.18094613788602,0.010295275271480088,0.010057084005634593,11692.941959931812,11193.682844755689,0.04476194767551311,-0.08018372206682041,40.488232093973224,24.676989895922816,65.5936593803694,-40.91666948444659,12.934689483974429,33.96856080045807,6230100,1.0247419851517583,148.099609375,0.4501953125,69.0,1,BUY
2020-09-23,11258.75,11259.5498046875,11024.400390625,11131.849609375,714900,-0.0019545871070447696,-0.0019564998051874198,-0.032429569846335715,-0.040734039947121325,-0.012958892589554849,-0.036170085035753585,11422.42490234375,11294.46298828125,11354.252747349938,11352.370347090462,-0.026103055930977857,-0.01460793889717125,163.678693846787,0.010272514278839708,0.009874735610735057,11701.193956583436,11143.655848104063,0.05008494796855925,-0.02117566234394631,39.70839565029831,1.8817655154198292,52.851280607379486,-50.96951509195966,18.098258403679264,15.379503403341609,5515200,1.0922090918118676,126.900390625,0.7998046875,107.44921875,1,BUY
2020-09-24,11011.0,11015.2998046875,10790.2001953125,10805.5498046875,706100,-0.029312272096516434,-0.02975046086629724,-0.03955362250959438,-0.06170056084866249,-0.05622204033561151,-0.06520320914527322,11384.739892578125,11295.77498046875,11269.83691001725,11311.865093049842,-0.05360116776652771,-0.045367906737016565,176.39088814790938,0.011872507424722036,0.011602203109992661,11764.732394490336,11004.747390665914,0.07033283984260912,-0.26210725866397805,30.301137113972388,-42.02879943600601,33.87526459870239,-75.9040640347084,1.8540427875989804,10.962330225084237,4809100,1.0798947786988022,205.4501953125,4.2998046875,15.349609375,1,BUY
2020-09-25,10910.400390625,11072.599609375,10854.849609375,11050.25,559600,0.022645788482354545,0.02239317919403798,-0.009270542558148631,-0.03952213504563973,-0.036129093698872294,-0.05128521149492482,11354.872412109375,11298.7459765625,11236.054308476134,11292.486184564546,-0.02756701541678918,-0.022487814896721865,182.86652504359444,0.014822999847783822,0.012772958318881596,11741.374271685467,10968.370552533283,0.06995350504759477,0.10592374323426977,41.494911848368446,-56.43245953614314,15.813719771733282,-72.24617930787642,31.410797044949746,17.12103274540934,5368700,0.8723440739528271,139.849609375,22.349609375,55.55078125,1,BUY
2020-09-28,11140.849609375,11239.349609375,11099.849609375,11227.5498046875,472800,0.016044868187371275,0.015917509782938703,0.008596971632809591,-0.002044344534203768,-0.018575093957451938,-0.014046120334796908,11346.87490234375,11302.85296875,11234.745923277882,11287.676079431745,-0.01062788406482349,-0.006706998888667627,183.31174535298055,0.016080573389709002,0.012525242354573233,11736.94815723288,10956.80164745462,0.0694850188464583,0.34704783503996833,48.01012019030159,-52.930699302933135,2.0648359567999997,-54.99553525973313,52.82641851730837,28.697086116619044,5841500,0.7925704898246542,86.7001953125,11.7998046875,41.0,1,BUY
2020-09-29,11288.599609375,11305.400390625,11181.0,11222.400390625,498300,-0.0004586409458945395,-0.00045874615382283734,0.03857745264907009,0.006163901287222107,-0.025985472681159805,-0.021608039003073176,11334.482421875,11304.0559765625,11232.846610562054,11282.8408405063,-0.009987349172074755,-0.007276124812452242,179.10379144383907,0.015789988743103157,0.012387185963148743,11723.837462628699,10945.127381121301,0.0693889056175467,0.35606706024225093,47.843475442276535,-49.99473557759302,-8.347078350078604,-41.647657227514415,52.2044330472098,45.48054953648932,5343200,0.8557959004920425,66.19921875,16.80078125,41.400390625,1,BUY
2020-09-30,11244.4501953125,11295.400390625,11184.5498046875,11247.5498046875,499300,0.002241001317642377,0.0022384940193966077,0.017854781990226387,0.010393618255052584,-0.030763795753265266,-0.02491982620827915,11320.109912109376,11306.35498046875,11235.108640427507,11280.226688344514,-0.006451192364726028,-0.005228265426905912,174.2285624791006,0.015527901168429442,0.012313979314469847,11699.900733182309,10940.319091036443,0.06753307656653403,0.4044735899392021,48.77859061101938,-45.11851745642707,-15.7013661713483,-29.417151285078774,55.24217092156,53.42434082869274,5842500,0.8645064106448721,3.099609375,47.8505859375,59.900390625,1,BUY
2020-10-01,11364.4501953125,11428.599609375,11347.0498046875,11416.9501953125,447700,0.015061092732783665,0.014948800566928164,0.016869254104392883,0.05658207140554494,-0.008609634982818748,-0.009585814566774986,11314.584912109374,11310.38498046875,11263.084264255967,11290.354360407327,0.008966079509145465,0.00933394759727534,174.71579406541485,0.0164111212843556,0.01284004400684415,11685.25535165598,10943.914472562768,0.06493335491623559,0.6380812607119388,54.67353276986065,-27.27052603008451,-18.015198143095542,-9.255327886988969,75.70364096823545,61.05008164566843,6290200,0.7860108675614688,52.5,11.6494140625,17.400390625,1,BUY
2020-10-05,11487.7998046875,11578.0498046875,11452.2998046875,11503.349609375,530600,0.0075676439490797165,0.007539152980994381,0.025034681438090622,0.04100356185380427,-0.0001391215007737756,0.014955201087174741,11323.059912109375,11316.56896484375,11300.04816350505,11306.131793295977,0.01567279995721358,0.01623706580029771,173.74320944467095,0.01661875594038776,0.012349361187522234,11702.745925452353,10943.373898766396,0.06601312247930667,0.7374194609876616,57.36841958732103,-6.084020787593545,-15.628962671995144,9.544941884401599,86.13962058060628,72.36181082346725,6820800,0.9440441241882377,15.5498046875,74.7001953125,35.5,1,BUY
2020-10-06,11603.4501953125,11680.2998046875,11564.2998046875,11662.400390625,561400,0.013826475474619793,0.013731761801546099,0.03688364071654138,0.038730675303346285,0.036607151924780146,0.027067304082684096,11338.42744140625,11327.1809765625,11355.794659985042,11332.522070666806,0.02777926827818237,0.028743603617997115,173.9722798638016,0.015094999191103426,0.012687870661887625,11745.910626737783,10930.944256074716,0.06987981404910351,0.8975292243706505,61.86351591835868,23.272238186298637,-7.848722500336387,31.120960686635023,97.98905494688753,86.61077216524309,7382200,0.9987457859296732,58.9501953125,17.8994140625,39.150390625,1,BUY
2020-10-07,11679.25,11763.0498046875,11629.349609375,11738.849609375,513400,0.006555187284725372,0.006533795478530655,0.028194868905941473,0.04601949678978068,0.052467057712502596,0.03724370232857699,11359.50244140625,11335.94697265625,11414.726190660422,11362.62041838023,0.0323155318103566,0.034322156780761594,171.09570239585148,0.014468826428663428,0.01268613418598718,11802.497533193355,10916.507349619145,0.0754750433864176,0.9281618182692294,63.837259943275136,52.10545867084147,4.142113733899185,47.963344936942285,97.51244230564606,93.88037261104664,7895600,0.9181547485983548,59.599609375,24.2001953125,49.900390625,1,BUY
2020-10-08,11835.400390625,11905.7001953125,11791.150390625,11834.599609375,608800,0.008156676606839941,0.008123590712403974,0.028795960415741728,0.05219357236745403,0.06312967068906139,0.049352687477832946,11387.332421875,11348.58197265625,11479.322101231895,11397.581852317786,0.03779318289278571,0.04106751835809828,170.79247979168352,0.01426345199354476,0.012692997234819552,11874.119392024419,10900.545451725582,0.08226505098893262,0.9594075179967867,66.19695770127291,81.73997091746787,19.661685170612923,62.078285746854945,93.62612407552668,96.3758737760201,8504400,1.1005857256489964,0.80078125,70.2998046875,43.44921875,1,HOLD
2020-10-09,11852.0498046875,11938.599609375,11805.2001953125,11914.2001953125,611100,0.0067260903253916204,0.00670357110102055,0.0215907357193732,0.043553662886622435,0.10260009075559129,0.04060966397908161,11410.579931640625,11364.82296875,11546.226423398142,11435.849890274338,0.042270589331713494,0.046111129371373606,168.12154652531328,0.006975597812425881,0.012384889836666472,11948.67930936491,10872.480553916339,0.09032908108023809,0.9679621316426751,68.06271524439292,110.37628826904438,37.80460579029921,72.57168247874517,97.87535470989259,96.33797369702178,9115500,1.1116062901890855,62.150390625,24.3994140625,46.849609375,1,HOLD
2020-10-12,11973.5498046875,12022.0498046875,11867.2001953125,11930.9501953125,522600,0.0014058853909966196,0.0014048980594053501,0.01636451546189699,0.03717183259291823,0.07969957198366551,0.04069100498083533,11433.904931640625,11381.97296875,11605.414696000353,11472.52399807978,0.0416601574505907,0.04601286717114828,167.17355101457662,0.00577176800968334,0.012384656742296463,12017.815334877658,10849.994528403593,0.09788162613677533,0.9256177496714155,68.45724724902155,132.89048233914764,56.821781100068904,76.06870123907873,92.60464843421747,94.70204240654557,9638100,0.9534147609621699,42.599609375,48.5,63.75,1,HOLD
2020-10-13,11934.650390625,11988.2001953125,11888.900390625,11934.5,458300,0.0002975290843887368,0.0002974848313881938,0.00844138322566157,0.02333135548953802,0.06296566994673669,0.04322098275393005,11458.62744140625,11402.8309765625,11656.04320430799,11506.744452287672,0.039873690443148015,0.04454891477963049,162.32542627692828,0.005380823472122358,0.012353219294496664,12082.019839220164,10835.235043592336,0.10446895937222568,0.8816797896971781,68.54592924078354,149.29856202909832,75.3171372858748,73.98142474322353,92.89281710841959,94.45760675084323,10096400,0.8503808437010012,0.150390625,53.5498046875,45.599609375,1,HOLD
2020-10-14,11917.400390625,11997.2001953125,11822.150390625,11971.0498046875,569200,0.0030625333853533387,0.0030578533826602027,0.0047715841972646444,0.019780489829860137,0.06671027480786629,0.038991304103134006,11481.08994140625,11420.34697265625,11704.505758212532,11541.137450307773,0.04092872983365226,0.04600288537899247,163.23431044911197,0.005003144045212684,0.012300643951354578,12143.145084282447,10819.034798530052,0.1106093707198439,0.8700294972045868,69.49685317281299,163.3681409404071,92.92733801678126,70.44080292362584,95.85988422516319,93.78578325593342,10665600,1.0500682581264047,53.6494140625,26.150390625,95.25,1,HOLD
2020-10-15,12023.4501953125,12025.4501953125,11661.2998046875,11680.349609375,608900,-0.02428360085835335,-0.024583309443990238,-0.02100424373877252,-0.013033816528766007,0.03847947439246968,0.0065319039483016095,11484.879931640626,11431.92095703125,11700.789427622143,11551.44946457618,0.016734916699538208,0.02126893977080559,177.58545903310397,0.01097415516340616,0.013549980729368678,12150.576537905397,10819.183325375854,0.11398573305211061,0.6468158887203205,55.20228815929437,149.33981093498915,104.20983260042284,45.1299783345663,70.51935646682433,86.42401926680238,10056700,1.1149666279080392,343.1005859375,2.0,19.0498046875,1,BUY
2020-10-16,11727.400390625,11789.75,11667.849609375,11762.4501953125,555800,0.007028949362235082,0.007004361448563385,-0.014416171996103788,-0.012736901975149317,0.030262022176627656,0.021391842229026237,11497.1974609375,11443.166953125,11710.275699574506,11567.0791518228,0.022550806164578503,0.027144280050999742,173.60795414681084,0.010336850697835522,0.01348860105814732,12173.776504420168,10820.61841745483,0.1150404944970215,0.6960249411575955,57.83979808497317,143.19641039658563,112.0071481596554,31.189262236930233,71.58601625844706,79.32175231681153,10612500,0.9684529669544594,35.0498046875,27.2998046875,59.55078125,1,BUY
2020-10-19,11879.2001953125,11898.25,11820.400390625,11873.0498046875,541400,0.009402769621849272,0.009358838750109354,-0.008186416529787244,-0.004852957197637786,0.032138482082749276,0.03199488942811546,11515.60244140625,11456.346953125,11735.31786959189,11589.743649311356,0.03010577477238652,0.03509653024431732,170.90737204257434,0.01044202851026733,0.01360192388179657,12211.767080509759,10819.437802302742,0.11726803989799846,0.7567261702208824,61.15750071528183,145.57409778362853,118.72053808445003,26.853559699178504,81.9527082270847,74.68602698411871,11153900,0.9620356631986691,6.150390625,19.0498046875,52.6494140625,1,HOLD
2020-10-20,11861.0,11949.25,11837.25,11896.7998046875,453600,0.002000328507897331,0.0019983305148122575,0.01853114012433066,-0.003158925410574387,0.020098728067244664,0.05744163718387729,11547.91494140625,11468.87994140625,11760.161244221985,11612.488554061794,0.0293259421868883,0.035969325390567915,166.69970261096188,0.009754071932479376,0.012398952349896719,12251.81871325388,10844.01116955862,0.11833497804515171,0.7478214190873969,61.85173219377344,147.6725810893331,124.51094668542665,23.16163440390646,84.70087633930333,79.41320027494504,11607500,0.816855753646676,35.7998046875,52.4501953125,23.75,1,HOLD
2020-10-21,11958.5498046875,12018.650390625,11775.75,11937.650390625,623700,0.0034337457642519276,0.003427863919924764,0.01489487244607579,-0.0027900154629230123,0.016935286494447643,0.07029088886083223,11587.11494140625,11481.18294921875,11787.467266745525,11636.574620296877,0.02936385618178573,0.03823762855081834,172.14260889767888,0.009642664434436348,0.012100785155401103,12286.131248008835,10888.098634803664,0.11711120425365179,0.7507348154163244,63.07422446060195,150.89254972455274,129.7872672932519,21.10528243130085,87.05781926118713,84.57046794252507,12231200,1.128103097445171,20.8994140625,60.1005859375,161.900390625,1,HOLD
2020-10-22,11890.0,11939.5498046875,11823.4501953125,11896.4501953125,544900,-0.0034512817819539743,-0.0034572511936285335,0.0019708828826576763,0.018501208710743677,0.00522625082208128,0.06868585300447916,11625.344970703125,11492.9439453125,11804.233871140446,11655.824666048607,0.022788749598279097,0.033918206135052954,168.1395375032018,0.009479436400060253,0.01214067569788714,12303.918483071611,10946.771458334639,0.1140799988614858,0.6997611310102662,60.95269116968705,148.40911869046977,133.51163757269546,14.897481117774305,77.4928182707282,83.0838379570729,11686300,1.0009644087256009,6.4501953125,43.099609375,66.5498046875,1,HOLD
2020-10-23,11957.900390625,11974.5498046875,11908.75,11930.349609375,502300,0.0028495402835257977,0.002845488039808009,0.0028200697026339316,0.014274187033702423,0.001355476137529843,0.10409463886784875,11681.5849609375,11505.54193359375,11823.6362924073,11676.159850124634,0.020851413125564905,0.03560731157848316,161.70811406547313,0.00927645635997862,0.009400933901788205,12257.781983456367,11105.387938418633,0.09659348491616458,0.7158676969114662,62.08277857982126,147.47636537028484,136.30458313221334,11.1717822380715,79.37753325794442,81.3093902632866,12188600,0.9403109409661429,27.55078125,16.6494140625,21.599609375,1,HOLD
2020-10-26,11937.400390625,11942.849609375,11711.7001953125,11767.75,519800,-0.013629073304543216,-0.01372280171939824,-0.014232314154419168,-0.008868808471259593,-0.01367872572099238,0.064930657677428,11717.4599609375,11517.32892578125,11815.038401267715,11682.94430662517,0.004273547539886555,0.02128028503484096,166.6682069224036,0.010224672323696615,0.0093173783237033,12216.081122211812,11218.838799663188,0.08474366999202257,0.5504291062712068,54.00864062766643,132.09402438159123,135.46247138208892,-3.368447000497696,34.94071847872448,63.93702333579904,11668800,0.976709664690572,169.650390625,5.44921875,56.0498046875,1,HOLD
2020-10-27,11807.099609375,11899.0498046875,11723.0,11889.400390625,616300,0.010337608346965288,0.010284540688903391,-0.0005925973354873326,-0.0006219667628251102,-0.0037789274267878703,0.05894879982284085,11750.552490234375,11530.17494140625,11826.478707322682,11698.237351876009,0.011678292918800934,0.030213924791531538,167.33832104848193,0.010874415743024727,0.008984462593955734,12200.16666986212,11300.93831060663,0.07563277623020803,0.654407830848361,58.37080226440899,128.2412923818265,134.01823558203643,-5.776943200209928,62.63911609321784,58.98578927662893,12285100,1.1426293638874963,82.30078125,9.6494140625,84.099609375,1,HOLD
2020-10-28,11922.599609375,11929.400390625,11684.849609375,11729.599609375,704000,-0.013440608945763599,-0.013531751526031222,-0.016826832957371862,-0.01742811813398293,-0.02016950887782254,0.045195252450064505,11775.912451171875,11537.05994140625,11811.574230715345,11700.560482341247,-0.003948373630746836,0.016414854247442507,172.85349677716178,0.011535403086947364,0.00968223716662505,12155.226670027729,11396.59823231602,0.06467641377164884,0.43895187750012443,51.465372645473565,111.01369026085013,129.41732651779918,-18.403636256949056,18.755933385180615,38.77858931904098,11581100,1.2808034130500017,193.0,6.80078125,44.75,1,BUY
2020-10-29,11633.2998046875,11744.150390625,11606.4501953125,11670.7998046875,555000,-0.005012942184360991,-0.0050255491286022155,-0.008238634854793814,-0.018967875872242246,-0.0008175957918105103,0.03763041794432476,11797.074951171875,11542.3079296875,11789.916626711061,11698.355987454097,-0.010819750882339479,0.011009688894534185,170.34254667254308,0.008641087679486972,0.00981780228784379,12094.504249411677,11499.645652932073,0.05096982267150901,0.28772241465120635,49.160773396225366,91.56058520226907,121.84597825469316,-30.285393052424098,15.357901998806682,32.250983825735055,11026100,1.0046339874013448,37.5,73.3505859375,26.849609375,1,BUY
2020-10-30,11678.4501953125,11748.9501953125,11535.4501953125,11642.400390625,553700,-0.002433373422367602,-0.0024363388871728973,-0.02077480712944646,-0.02413585755472969,-0.010206190265982351,0.019746971954477388,11808.3474609375,11548.91193359375,11767.221821159357,11694.211128001225,-0.014253681779071006,0.008029998444868031,173.42522191021857,0.008291005705257953,0.009351251136894055,12061.0167853091,11555.6781365659,0.0434050223139656,0.17161215409628727,48.04180507689538,73.0106426789971,112.07891113955397,-39.068268460556865,21.826570471938776,18.646801951975366,10472400,0.9927564815146824,36.0498046875,70.5,106.9501953125,1,BUY
2020-11-02,11697.349609375,11725.650390625,11557.400390625,11669.150390625,568400,0.002297636149117599,0.00229500061940095,-0.005153561993853972,-0.008378798782689989,-0.01717329729232675,0.014413261083091378,11816.6375,11554.86294921875,11752.133908769456,11692.354776906774,-0.012639061494441954,0.009793981359437138,173.0555632023458,0.007574489841023865,0.00923051052388225,12037.6291638087,11595.645836191301,0.037876221731831396,0.16630617003083323,49.21437559518633,59.77908494504845,101.61894590065288,-41.83986095560442,27.285754145408163,21.490075538717885,11040800,1.0156710683844663,28.19921875,28.30078125,111.75,1,BUY
2020-11-03,11734.4501953125,11836.2001953125,11723.2998046875,11813.5,674300,0.01237019016319918,0.01229430453308261,0.012227113625510544,-0.00638387034932808,-0.007001866556977654,0.012956132898375161,11824.19248046875,11561.8039453125,11761.574845881849,11701.328497931256,-0.000905106908938895,0.02130579884771658,172.6265804512854,0.008755829215197502,0.009127147703959865,12033.603932287851,11614.781028649648,0.03545290588210129,0.4744701629821546,55.10257919929134,60.24630530369177,93.34441778126066,-33.09811247756889,56.7448580994898,35.28572757227892,11715100,1.1928707266374752,79.0498046875,22.7001953125,11.150390625,1,BUY
2020-11-04,11783.349609375,11929.650390625,11756.400390625,11908.5,667300,0.008041647267956087,0.008009485529747545,0.022856077823030008,0.015252045814250215,-0.0024418867759683494,0.014452045666341284,11832.675,11570.5289453125,11784.178715746179,11716.674536380924,0.006367300667590438,0.028380657067430776,172.67111041905073,0.009109762411478515,0.00918335524378006,12041.313956197515,11624.036043802484,0.035040341973802853,0.6817134282620176,58.51183018724177,67.5041411367747,88.17636245236348,-20.67222131558877,77.20398466441793,53.74486563643865,12382400,1.1646334013997222,125.150390625,21.150390625,26.94921875,1,BUY
2020-11-05,12062.400390625,12131.099609375,12027.599609375,12120.2998046875,632500,0.017785598915690537,0.017629285844443805,0.03866171905925153,0.03851492678500579,0.018816504562277014,0.024141095156795744,11846.960009765626,11581.94294921875,11835.889652506381,11746.57270667551,0.02255223049979017,0.044417783730113805,176.23743177304712,0.010619690696326704,0.009821857790557675,12090.391381731582,11603.528637799669,0.040169199753921955,1.0614309131836934,64.90939969718622,89.31691270600822,88.40447250309244,0.9124402029157892,98.18688570280926,77.37857615557233,13014900,1.101618900819463,57.8994140625,10.7998046875,34.80078125,1,BUY
2020-11-06,12156.650390625,12280.400390625,12131.849609375,12263.5498046875,576800,0.011819014571289532,0.011749715515175936,0.03809622928746781,0.053352349448716696,0.027928787187482484,0.02932212012959523,11864.427490234375,11596.0289453125,11901.683522072706,11784.867309222598,0.03254541472980102,0.05443129191841768,175.0847999276509,0.011076212568273135,0.010035295347855936,12167.484488664797,11561.370491803953,0.049424025385306374,1.1584938089519154,68.45269067974576,116.81618487328888,94.08681497713174,22.729369896157138,97.73802516684604,91.04296517802443,13591700,1.0076165187617898,106.8994140625,16.8505859375,24.80078125,1,BUY
2020-11-09,12399.400390625,12474.0498046875,12367.349609375,12461.0498046875,553400,0.016104635537461442,0.015976331587139476,0.046399614114917886,0.06786264531295383,0.058915239080325366,0.04443062796316655,11890.932470703125,11612.29794921875,11987.739873244213,11834.9549047423,0.04575195051141783,0.068112387701835,177.61445707567583,0.010121621183143288,0.010553355824873786,12290.106707724453,11491.758233681796,0.06406751329589751,1.214120903990979,72.5657606457832,152.7849458604942,105.82644115380423,46.958504706689965,98.61495787232892,98.1799562473281,14145100,0.9641450921634882,61.6494140625,13.0,32.05078125,1,BUY
2020-11-10,12556.400390625,12643.900390625,12475.25,12631.099609375,847500,0.01364650710436388,0.013554232066476922,0.04214415591353182,0.06920892278960511,0.06238323165017157,0.058368562518329226,11925.762451171875,11637.16994140625,12086.71829418741,11893.928590124298,0.05584131073430952,0.07868908477540944,177.98846628009184,0.010338677465957612,0.010842924110585215,12439.257742343936,11412.267159999814,0.08130650648830873,1.1868000255581652,75.52463589660283,192.7896866561896,123.21909025428131,69.57059640190828,98.84516405841842,98.39938236586447,14992600,1.428114046912912,74.69921875,12.80078125,81.150390625,1,BUY
2020-11-11,12680.599609375,12769.75,12571.099609375,12749.150390625,880500,0.009346041508720315,0.009302637490367565,0.039597065586335356,0.07059246677793163,0.08692119212962002,0.06499852549546814,11964.66748046875,11662.74794921875,12188.630924408577,11957.278356662613,0.06153217164440339,0.08521371292357867,179.46431801901386,0.00773132095844215,0.010938599129126623,12591.41013876416,11337.92482217334,0.09831912544639543,1.1258413240042806,77.35089420106542,231.35255516670622,144.8457832367663,86.50677192993993,98.33106921861537,98.59706371645423,15873100,1.445800937594927,68.55078125,20.599609375,109.5,1,HOLD
2020-11-12,12702.150390625,12741.150390625,12624.849609375,12690.7998046875,622000,-0.004576821525331454,-0.004587327240413277,0.018437451386605908,0.04706979276035406,0.08739760916731032,0.08650855745803043,12015.189990234376,11685.8639453125,12265.887675220718,12011.613281548493,0.053236188802188784,0.07918617225399892,175.52406539265573,0.0076480558845208975,0.009057414632562525,12702.127078944495,11328.252901524256,0.10825749350429292,0.9917552317059656,74.39598866677164,254.27438483472724,166.7315035563585,87.54288127836875,93.60364515876363,96.92662614526581,15251100,1.0202407899484942,11.3505859375,39.0,65.9501953125,1,BUY
2020-11-13,12659.7001953125,12735.9501953125,12607.7001953125,12719.9501953125,513900,0.002296970330761372,0.0022943363271255195,0.007034271653716839,0.037216009874281974,0.0925539208868984,0.08140310769448167,12063.064990234376,11709.7139453125,12335.74344754253,12064.082685080535,0.05164212084102316,0.07942139980801873,172.14734643603745,0.007021417709186527,0.009041307602172118,12804.196834031723,11321.933146437028,0.1165306203903953,0.9431635279031387,74.91161467464644,271.66075679161077,187.71735420340897,83.94340258820179,95.965339660723,95.96668467936735,15765000,0.845835425016252,60.25,16.0,52.0,1,BUY
2020-11-17,12932.5,12934.0498046875,12797.099609375,12874.2001953125,707700,0.012126619808373373,0.012053681426341886,0.00980848141688373,0.033155343819393446,0.10326799847019186,0.0843212491393528,12113.122509765624,11740.52095703125,12418.582947199448,12124.091392202814,0.05911650230699258,0.08805822661465386,175.14393664596335,0.006671693019855509,0.0091475099354062,12927.751443010517,11298.493576520732,0.12655216182540008,0.9671315088910025,77.49437101494816,294.49155240692926,209.07219384411306,85.4193585628162,95.72074745525309,95.09657742491326,16472700,1.1490874845749153,58.2998046875,1.5498046875,77.1005859375,1,BUY
2020-11-18,12860.099609375,12948.849609375,12819.349609375,12938.25,731300,0.004975051165572175,0.004962716492027381,0.019498392467045322,0.024316995362543725,0.09520887120667032,0.08754036483846317,12165.19501953125,11772.1849609375,12498.531724553379,12184.399439700683,0.059749578224933875,0.09012540637740804,171.88365545696595,0.006776014062741847,0.009135824942902833,13048.134477403746,11282.255561658752,0.13648514410720103,0.937773492607603,78.48482200153146,314.1322849306762,230.0842120614257,84.04807286925049,99.25006270205435,96.97871660601015,17204000,1.161226806824766,78.150390625,10.599609375,40.75,1,HOLD
2020-11-19,12839.5,12963.0,12745.75,12771.7001953125,768800,-0.01287266861341374,-0.012956239372488106,0.004068412156131851,0.0017687299934967537,0.07248605578473355,0.0698671662677024,12206.897509765626,11801.27197265625,12540.557643131706,12227.903201029318,0.04422298338589012,0.07598269672916523,175.12410863861123,0.009738417157790382,0.009907048155733981,13121.14041486375,11292.654604667501,0.1431669849929099,0.8088909317187678,69.87357936597579,312.65444382827627,246.59825841479582,66.05618541348045,86.59943043252514,93.85674686327754,16435200,1.2068694860443923,67.7998046875,123.5,25.9501953125,1,BUY
2020-11-20,12813.400390625,12892.4501953125,12730.25,12859.0498046875,664000,0.00683930941371913,0.006816027431926412,-0.001176802472787064,0.013257635656489963,0.0609514625796872,0.08091486061567243,12255.027490234375,11832.89296875,12589.556437217212,12274.654802945799,0.046972546465520404,0.07980036250916732,174.20097197246042,0.008985609269959133,0.009797527292070955,13199.675110030621,11310.37987043813,0.14692339389678605,0.819707741698745,71.63157158467162,314.901637514964,260.2589342348295,54.642703280134526,92.60456572275788,92.81801961911246,17099200,1.032699560636104,45.6494140625,33.400390625,83.150390625,1,BUY
2020-11-23,12960.2998046875,12968.849609375,12825.7001953125,12926.4501953125,633100,0.005241475198302092,0.0052277864790618534,-0.0009120093279616492,0.016234340294516203,0.054054527537501285,0.08349299212109873,12304.83251953125,11862.43697265625,12641.386246154949,12322.935944694573,0.04808881528872221,0.08231287063188397,171.98300355032038,0.008747508022481637,0.009798069070661771,13280.289082546065,11329.375956516435,0.15092412043153872,0.8186290909044763,72.94354903768168,318.4503060371262,271.8972085952889,46.55309744183734,96.59592784624637,91.93330800050983,17732300,0.9747272965212489,33.849609375,8.5498046875,100.75,1,BUY
2020-11-24,13002.599609375,13079.099609375,12978.0,13055.150390625,571900,0.0099563448098976,0.009907106958531581,0.022193614865508193,0.01405525722509604,0.04767660793025774,0.10940072576533333,12369.2025390625,11894.2509765625,12705.04226838111,12377.174053437195,0.05254231709617714,0.08892271473916918,170.60203287261893,0.008096553680357658,0.0089382171937527,13364.112265444843,11374.292812680158,0.15241643284274908,0.8447286891323676,75.29322824406363,327.8682208183109,283.0914110398933,44.7768097784176,98.18936774056365,95.79662043652264,18304200,0.8769858308286804,52.55078125,23.94921875,24.599609375,1,HOLD
2020-11-25,13130.0,13145.849609375,12833.650390625,12858.400390625,679000,-0.015070680468092346,-0.015185397205090293,-5.050249220306391e-05,-0.006171592709601326,0.01799532806164339,0.08150116643090533,12417.6525390625,11922.61798828125,12728.635825649402,12412.82044978041,0.03427703588106091,0.07277595765535691,180.71611757814617,0.009534954238220537,0.009926902408287563,13408.751242984472,11426.553835140527,0.15415583180075465,0.7223531570658162,65.87482202096814,315.81538230421575,289.6362052927578,26.179177011457966,74.2947266934943,89.69334076010144,17625200,1.036237800550929,271.599609375,15.849609375,24.75,1,BUY
2020-11-26,12906.4501953125,13018.0,12790.400390625,12987.0,549800,0.010001213639976747,0.009951532476185488,0.004684178855959731,0.0168575680132641,0.01865611449292337,0.10719891833477502,12480.52255859375,11951.9219921875,12768.384160164878,12455.352269415522,0.03899880198708326,0.07970108630264887,184.0649384207786,0.009594431976290648,0.009113324762492178,13448.310770413495,11512.734346774005,0.14903953365977438,0.7616674987460079,68.63639817048184,313.0318978082232,294.3153437958509,18.71655401237234,84.33435804980276,85.60615082795358,18175000,0.849052961570237,80.5498046875,31.0,116.0498046875,1,BUY
2020-11-27,13012.0498046875,13035.2998046875,12914.2998046875,12968.9501953125,1162400,-0.001389836350773832,-0.0013908030691388337,-0.006602773061457845,0.008546540552703874,0.021917483129964888,0.11123062792179894,12545.430078125,11979.21,12799.240473264514,12493.396561134032,0.032656468781920134,0.07631613819214395,179.56029996215153,0.00940678989929602,0.008935062905479981,13459.948641191868,11630.911515058133,0.1410320109637573,0.7315535923986495,67.80697906483609,305.84391957779553,296.6210589522398,9.222860625555711,77.27688965157354,78.63532479829021,17012600,1.7146692431942032,43.099609375,23.25,54.650390625,1,BUY
2020-12-01,13062.2001953125,13128.400390625,12962.7998046875,13109.0498046875,583600,0.010802694687318537,0.01074476242399418,0.019493047847946032,0.014126044398578674,0.030589711704876787,0.12597483034886126,12618.762548828125,12011.06900390625,12846.903447329589,12539.000506112447,0.03740067077051303,0.08375746657005123,178.5631775318193,0.009792144849690638,0.008819590295101104,13464.501582507544,11773.023515148705,0.12903132511968984,0.7898572942326975,70.76049097743267,307.90294912429454,298.87743698665076,9.025512137643773,94.51240290435041,85.37455020190892,17596200,0.8589805860967591,46.849609375,19.3505859375,99.400390625,1,BUY
2020-12-02,13121.400390625,13128.5,12983.5498046875,13113.75,717700,0.0003585458429504751,0.0003584815807498976,0.009759759759759845,0.004488620017512934,0.018606965951540877,0.12379646855315118,12690.992529296875,12043.245,12887.956763125037,12581.57454357105,0.0322377253419598,0.08163225621961676,176.16225023043935,0.009275073071300568,0.00887278083871517,13441.362903137036,11940.622155456713,0.11444024384179381,0.7816992017813834,70.85709018664922,306.38222774976566,300.3783951392737,6.003832610491941,94.41503099173553,88.73477451588651,18313900,1.0448771610555034,7.650390625,7.099609375,130.2001953125,1,BUY
2020-12-03,13215.2998046875,13216.599609375,13107.900390625,13133.900390625,713700,0.0015365849299400214,0.0015354055912646832,0.012718854867074691,0.02142568217123375,0.015121858877746197,0.11177046519871325,12757.012548828125,12080.91201171875,12925.794244278877,12622.48757005674,0.02869580479427867,0.08017331848031027,171.34346226755085,0.009211270969791878,0.008786627315369349,13413.408750030023,12100.616347626226,0.09995449663535365,0.7870886829524497,71.29492910977365,303.3066825888127,300.96405262918154,2.3426299596311537,86.41824629157692,91.78189339588765,19027600,1.036082137491016,81.3994140625,1.2998046875,26.0,1,BUY
2020-12-04,13177.400390625,13280.0498046875,13152.849609375,13258.5498046875,640500,0.009490662358873525,0.009445908959648398,0.011404335342943162,0.0209093558702933,0.03811940477225462,0.11336858585779064,12824.5150390625,12123.01,12976.987407418665,12669.603291970074,0.0327362171594022,0.0856458527829367,169.5438873957615,0.007951872118581626,0.00881592849833837,13389.265287314014,12259.764790810987,0.08519034986041217,0.8842714252609025,73.90651873271264,307.38412402508584,302.2480669083624,5.136057116723464,96.8022588694614,92.54517871759128,19668100,0.9316295881484484,81.1494140625,21.5,24.55078125,1,BUY
2020-12-07,13264.849609375,13366.650390625,13241.9501953125,13355.75,591700,0.007331133249439903,0.007304391112653887,0.018453912877704592,0.02982506670642504,0.038626508401222504,0.10193231316231066,12886.287548828124,12167.4880078125,13035.258575508102,12720.42897487497,0.03515058691364212,0.08897006848641965,166.34076653267138,0.007974408577302406,0.008341364772237896,13397.108230210992,12375.466867445257,0.07649449583630533,0.9595178584978311,75.75862198379048,314.8296094029356,304.76437540727704,10.06523399565856,98.28718040001596,93.8358951870181,20259800,0.863209646006724,90.900390625,10.900390625,22.8994140625,1,BUY
2020-12-08,13393.849609375,13435.4501953125,13311.0498046875,13392.9501953125,543200,0.002785331809333158,0.002781459960611745,0.019723752806318773,0.021656824472776393,0.03608879413538957,0.09209408438927769,12942.757568359375,12219.236015625,13090.28805547801,12770.24536232604,0.033614149264192095,0.08763671652406334,163.3450253964091,0.007963778911164263,0.008190090414268361,13413.887342389904,12471.627794328846,0.07035489076864085,0.9777798515053889,76.44763967409062,320.04270202415137,307.8200407306519,12.22266129349947,93.97334256534533,96.35426061160757,20803000,0.7944017490877968,0.8994140625,41.6005859375,81.900390625,1,BUY
2020-12-09,13458.099609375,13548.900390625,13449.599609375,13529.099609375,502600,0.010165752285866914,0.010114428562528128,0.020405686042062277,0.031672832666094664,0.036303619994323855,0.0857110613815002,12996.16005859375,12268.8130078125,13157.797525308315,12826.456788819043,0.039392093056358955,0.09315376765274046,162.81682324755846,0.007982660808604849,0.007845574410369986,13478.76433128645,12513.555785901051,0.07134314723476172,1.052149639917869,78.82036162960125,331.34074548992794,312.5241816825071,18.816563807420835,97.58128970843303,96.61393755793146,21305600,0.7377668826927158,71.0,19.80078125,8.5,1,BUY
2020-12-10,13488.5,13503.5498046875,13399.2998046875,13478.2998046875,553400,-0.0037548548058806697,-0.0037619219695161584,0.00917580852348232,0.026222173445775043,0.048209683571097006,0.0670725607043503,13038.520068359376,12313.8280078125,13207.10556828973,12874.74145728604,0.032628724891189696,0.08639604503158609,160.45846477898286,0.005438288606668993,0.007700490183233772,13534.06756653466,12542.97257018409,0.07353264215163738,0.9437311639616246,75.75382655456892,332.3641199625181,316.4921693385093,15.871950624008775,91.37597847066317,94.31020358148054,20752200,0.8302577489723034,10.2001953125,15.0498046875,79.0,1,BUY
2020-12-11,13512.2998046875,13579.349609375,13402.849609375,13513.849609375,787700,0.002637558535026452,0.0026340862816878062,0.009027093530506347,0.01925548483418904,0.04056746048933557,0.05998040616983524,13076.755029296875,12359.6569921875,13254.296959225925,12922.08280245252,0.03234419449028779,0.08540812947827975,161.60428872334123,0.005135770223754833,0.007567282935220655,13594.597038436943,12558.913020156808,0.07663871126415728,0.9220346866055201,76.44448291470593,332.2141656359163,319.63656859799073,12.577597037925557,91.69781800357477,93.55169539422367,21539900,1.1900589212872017,1.5498046875,65.5,109.4501953125,1,BUY
2020-12-14,13571.4501953125,13597.5,13472.4501953125,13558.150390625,558400,0.0032781762806703973,0.0032728147749187795,0.002147281200433282,0.01515455070849625,0.045431602900708246,0.06834483242081668,13120.12255859375,12405.86900390625,13301.04364097963,12969.198920617702,0.032307344247643935,0.08498809598066666,158.99325414935257,0.004792481267435939,0.007357327939637304,13646.614142327006,12593.630974860494,0.07766421946422819,0.9159874968222272,77.31179961077089,331.84472909073156,322.0782006965389,9.766528394192676,95.12456592495795,92.73278746639865,22098300,0.8477046393004601,13.2998046875,26.0498046875,85.7001953125,1,HOLD
2020-12-15,13547.2001953125,13589.650390625,13447.0498046875,13567.849609375,497600,0.0007153791977927426,0.0007151234360649028,0.006643998574386689,0.013059065516701107,0.03499870787915116,0.06665901996809431,13162.517529296874,12448.8869921875,13342.090713040456,13013.543416536782,0.029874452602868824,0.08247162589525824,157.8223492770774,0.004351138138309158,0.007377564304104187,13689.839415730305,12635.195642863444,0.07773109248927197,0.8843307953883031,77.50707212037757,328.54730504147665,323.37202156552644,5.175283475950209,96.32630343509142,94.38289578787472,22595900,0.7563402010928617,20.6494140625,21.80078125,100.150390625,1,HOLD
2020-12-16,13663.099609375,13692.349609375,13606.4501953125,13682.7001953125,462200,0.008464907059269056,0.008429280641864136,0.012494632604196143,0.011353348735126723,0.04338577411590894,0.06280001768920562,13202.942529296875,12492.47400390625,13394.492171851538,13063.110585806495,0.035063083979577574,0.08698766869232463,155.44218147157184,0.0044639388370580025,0.007188907501121368,13758.84204683684,12647.04301175691,0.08125582079630866,0.9315147350170188,79.73161761436879,331.38159442192955,324.9739361368071,6.407658285122466,98.93015994006038,96.79367643336992,23058100,0.7158899059833019,19.6005859375,9.6494140625,56.6494140625,1,HOLD
2020-12-17,13713.5498046875,13773.25,13673.5498046875,13740.7001953125,416000,0.004238929390550483,0.004229970438016461,0.013464211520601399,0.019468359839698968,0.046201035993895134,0.06202154041794672,13243.0650390625,12534.04,13447.754944691686,13113.302409174954,0.03621614249467167,0.08781649975334874,151.46061103163814,0.004361021450311804,0.007180544952831663,13831.630451655012,12654.499626469988,0.08566745569389472,0.9227526334389028,80.76614298570274,334.45254371519513,326.8696576524847,7.582886062710429,96.21051315138733,97.15565884217972,23474100,0.6604589872432971,27.150390625,32.5498046875,40.0,1,HOLD
2020-12-18,13764.400390625,13772.849609375,13658.599609375,13760.5498046875,519400,0.0014445849987885229,0.0014435425896574643,0.014202707198298414,0.018255360422344546,0.037862361072288575,0.07742505651189102,13292.50751953125,12574.47400390625,13495.877230844886,13161.24666108541,0.03401334189399999,0.08619392521490785,148.802710243664,0.004078255348439647,0.006150697371894789,13880.514443594804,12704.500595467694,0.08546270787279904,0.8979904538545572,81.12128587324145,334.63057774165645,328.42184167031905,6.208736071337398,98.43294561640485,97.85787290261754,23993500,0.8412766543298846,3.8505859375,8.44921875,101.9501953125,1,BUY
2020-12-21,13741.900390625,13777.5,13131.4501953125,13328.400390625,687300,-0.0314049525779333,-0.03190866215630266,-0.025893997502691612,-0.01694552674079086,-0.002047777876570067,0.036499632015299266,13315.975048828124,12604.35001953125,13470.11156311875,13173.628418922584,0.0009322455383029706,0.05432387607465907,184.32035984679513,0.011648515584710415,0.009926747913227297,13869.355374236466,12762.594723419783,0.08303777035353484,0.5112267650527653,56.61273938272019,296.4831516805734,322.03410367236995,-25.550951991796524,43.43478822393466,79.35941566390896,23306200,1.1111290739782702,413.5,35.599609375,196.9501953125,1,BUY
2020-12-22,13373.650390625,13492.0498046875,13192.900390625,13466.2998046875,696200,0.010346283876607965,0.010293127415086657,-0.019969898675076925,-0.007484590971389649,0.005476732781450444,0.04176317559872422,13342.967529296875,12635.39201171875,13469.525138744712,13195.307780982681,0.009158586781774614,0.06170275465570122,192.5224351479169,0.012096478639240288,0.010083167992012152,13869.739769155032,12816.195289438718,0.07823563228182288,0.6170641370767918,60.69366310566789,274.2173648436201,312.47075590662,-38.253391062999924,53.524435953155304,65.13072326449829,24002400,1.119805698752642,92.6494140625,25.75,180.75,1,BUY
2020-12-23,13473.5,13619.4501953125,13432.2001953125,13601.099609375,458700,0.010010159185716239,0.009960389402299756,-0.011587487242565198,-0.005963777965803496,0.005321861918298421,0.04181868476536654,13370.264990234375,12668.795,13489.767364995527,13225.366435132271,0.016971761531804023,0.06854626729829834,192.1458326373514,0.01208291869510371,0.010085382686142192,13891.09805397081,12849.431926497939,0.07658690527895773,0.721601349080937,64.23499078268979,264.4009366148839,302.85679204827284,-38.45585543338893,72.69554307653937,56.55158908454312,24461100,0.7445763771091854,127.599609375,18.3505859375,41.2998046875,1,BUY
2020-12-24,13672.150390625,13771.75,13626.900390625,13749.25,471400,0.01089253037474136,0.01083363406633502,0.03157540267705494,0.0006222248186753543,0.020102698355045412,0.06928152665276421,13414.807470703125,12705.09,13529.68777038083,13264.172625355099,0.024324419826308733,0.07594305143916939,190.6104439221834,0.012380804836971036,0.009407130849406283,13904.353999517909,12925.26094188834,0.07121065204498926,0.8415840064331936,67.68131007098684,265.51515150986415,295.3884639405911,-29.87331243072697,95.62727210889496,73.94908371286323,24932500,0.7783051966813872,77.099609375,22.5,45.25,1,BUY
2020-12-28,13815.150390625,13885.2998046875,13811.5498046875,13873.2001953125,403600,0.009015051389166695,0.008974658395164679,0.030216198697979424,0.008186474539456645,0.026591282005107297,0.06823748327654577,13459.11748046875,12743.1330078125,13582.535835754934,13309.285778935677,0.029847670978154,0.08145685001228697,186.7132554054203,0.012576436671192027,0.009373218867499814,13946.173152450881,12972.06180848662,0.07021533101593933,0.9250876631388621,70.26310578331334,273.25006307348485,290.9607837671699,-17.71072069368506,98.3949571340852,88.90592410650652,25336100,0.6745046919522353,58.0498046875,12.099609375,3.6005859375,1,BUY
2020-12-29,13910.349609375,13967.599609375,13859.900390625,13932.599609375,439600,0.004281594241144937,0.004272454296258275,0.024373029352090292,0.04533171281191284,0.027618016319461924,0.07430434997050117,13507.299951171875,12788.1780078125,13636.391800927253,13355.457174020325,0.0305255063754899,0.08213984709590302,181.06939564431886,0.01258556091241071,0.009307894313064783,13981.347730904008,13033.252171439743,0.06804871926602332,0.9485831137554294,71.44054285214872,280.93463293516834,288.9555536007696,-8.020920665601238,95.81414524588976,96.61212482962333,25775700,0.7818933700920435,22.25,35.0,50.44921875,1,BUY
2020-12-30,13980.900390625,13997.0,13864.9501953125,13981.9501953125,380700,0.003542094606974411,0.003535836164182277,0.016924573726748715,0.038291913747940276,0.030520723464635635,0.06658761722858597,13550.944970703125,12832.5680078125,13689.554630832676,13401.864064707246,0.030825830344744808,0.08220471189243214,177.56799629026037,0.012565254537687613,0.009153807298389223,14030.986303889153,13070.903637517098,0.06866586226962286,0.9489251183308012,72.41770651223725,287.69057192796754,288.70255726620917,-1.0119853382416295,98.26124336161874,97.49011524719792,26156400,0.6895739747862616,1.0498046875,15.0498046875,115.9501953125,1,BUY
2020-12-31,13970.0,14024.849609375,13936.4501953125,13981.75,452400,-1.4318125132972703e-05,-1.4318227638304822e-05,0.00782442429715502,0.027986736481411034,0.021856051833244905,0.0661900676770566,13594.344970703125,12874.74201171875,13734.507764550726,13444.8185786219,0.02770790704288626,0.07917520970416791,171.19881184542035,0.012447272480283976,0.009160423704945566,14065.29735443092,13123.39258697533,0.06736672930467154,0.9112995736739691,72.40688361612727,289.6891914908083,288.89988411112904,0.7893073796792578,95.17577371368358,96.41705410706406,25704000,0.8396202778319073,11.75,43.099609375,33.5498046875,1,BUY
2021-01-01,13996.099609375,14049.849609375,13991.349609375,14018.5,358100,0.0026284263414808606,0.002624978069994666,0.006165424474496417,0.019582886339254868,0.020217296115831784,0.06735239213527366,13638.574951171875,12917.176015625,13778.198877696768,13487.313498897352,0.02710169053951029,0.07856218456860575,163.83458309753317,0.012428871583399484,0.009152924642627258,14094.152209779822,13182.997692563928,0.06499657718128865,0.9169710423958598,73.19873226981323,290.88538412277194,289.29698411345765,1.5884000093142845,96.58649505923285,96.67450404484505,26062100,0.6872858829061375,22.400390625,31.349609375,4.75,1,BUY
2021-01-04,14104.349609375,14147.9501953125,13953.75,14132.900390625,495000,0.00816067272711063,0.008127554493474463,0.010796075883828138,0.018719559413569842,0.02705928114955558,0.06594617049508522,13682.29248046875,12961.081015625,13832.76834122419,13535.134750317087,0.031883611834918106,0.08291428812286264,166.00355539860223,0.01257170776111835,0.00911034841064837,14151.220465041488,13213.364495896012,0.06635976644734569,0.9804660043544207,75.55085487469633,297.6335960167835,290.96430649412287,6.66928952266062,98.51944862887359,96.76057246726334,26557100,0.9634848956711286,28.55078125,15.0498046875,150.599609375,1,BUY
2021-01-05,14075.150390625,14215.599609375,14048.150390625,14199.5,492500,0.004712380865514287,0.00470131235786493,0.01557387308455671,0.019156539203596168,0.06535665074915653,0.06317503696909577,13724.47998046875,13007.14201171875,13889.188596420468,13584.346991206472,0.03345329198431283,0.08397182916872073,166.10681706655922,0.003794457851674922,0.009067143819359098,14219.403246674985,13229.556714262515,0.06970995685851403,0.9798925934230872,76.82593004871183,304.8416101173152,293.73976721876136,11.101842898553855,98.51500086923703,97.87364818578116,27049600,0.9679638364779856,124.349609375,16.099609375,27.0,1,BUY
2021-01-06,14240.9501953125,14244.150390625,14039.900390625,14146.25,632300,-0.0037501320469031096,-0.0037571814216639365,0.009112957877090988,0.011750850374405042,0.05049272667134708,0.056245994624183115,13762.144970703124,13051.46001953125,13928.736504663473,13625.96943643709,0.027152427625475,0.07739082657727309,168.83133013323354,0.004666235421001729,0.009196205556236127,14265.0068042725,13259.283137133749,0.07109471889290454,0.8819190517697166,73.52424750562213,302.76707290129525,295.54522835526814,7.221844546027114,91.20154817646052,96.07866589152373,26417300,1.2319412377862833,94.7001953125,3.2001953125,106.349609375,1,BUY
2021-01-07,14253.75,14256.25,14123.099609375,14137.349609375,559200,-0.0006291696120880319,-0.0006293676223474675,0.00031481285702339434,0.011128764952527348,0.03942695924602835,0.0449586459972926,13792.557470703125,13098.85201171875,13960.830828465247,13663.849449360898,0.024388739629331295,0.07345772909001154,166.28269159693113,0.004596137662594307,0.009055650623862987,14308.759000267519,13276.35594113873,0.07302663424579693,0.833970473665586,72.95984939051797,296.98138354656476,295.8324593935275,1.1489241530372851,89.42919529951077,93.04858144840279,25858100,1.083542439714386,116.400390625,2.5,14.25,1,BUY
2021-01-08,14258.400390625,14367.2998046875,14221.650390625,14347.25,613500,0.014847223590326086,0.014738082534464191,0.010405295961125383,0.02345115383243579,0.04349328145171549,0.0644703121242558,13836.00498046875,13148.00900390625,14020.279931778286,13714.47171251176,0.035633659379410716,0.08358681950155948,170.83037043375748,0.005371011014598533,0.009357701100862766,14384.364770193451,13287.645190744048,0.0764411005209642,0.9661583773191588,77.37148712167752,305.8082235202455,297.8276122188711,7.980611301374438,98.37765011734399,93.00279786443843,26471600,1.1818759752644028,88.849609375,20.0498046875,36.75,1,BUY
2021-01-11,14474.0498046875,14498.2001953125,14383.099609375,14484.75,672900,0.009583718134137165,0.00953808562855032,0.02392860298665722,0.024895782157241975,0.044081379644051566,0.07184484204644792,13884.55,13203.11201171875,14091.736865350857,13771.529363583508,0.04143668340841235,0.08848188531257016,169.41035792509624,0.005429414870169948,0.0094651509985104,14480.107878589622,13288.992121410376,0.08223240008831678,1.0038972882202204,79.70713918572837,320.20750585267524,302.3035909456319,17.903914907043315,98.96957041867327,95.5921386118427,27144500,1.3108015973507328,10.7001953125,13.4501953125,90.9501953125,1,HOLD
2021-01-12,14473.7998046875,14590.650390625,14432.849609375,14563.4501953125,929600,0.005433314024232416,0.0054186068221036155,0.030140061447934796,0.025631197951512474,0.0452787422035017,0.07414726756406465,13934.814990234376,13260.96501953125,14164.308146883417,13830.190166073446,0.04316526624168093,0.08943520651448912,168.58110244830365,0.00544033118889954,0.009474537910218166,14579.37426897929,13290.25571148946,0.08851738703406664,0.987647316396728,80.92099118525178,334.11798473232375,308.6664697029703,25.45151502935346,97.6520185828824,98.3330797062999,28074100,1.7476640785095188,89.650390625,27.2001953125,40.9501953125,1,HOLD
2021-01-13,14639.7998046875,14653.349609375,14435.7001953125,14564.849609375,874000,9.609083312889233e-05,9.608621670051523e-05,0.015166642344351722,0.029590853362198466,0.041689421426913675,0.07348253619432077,13984.664990234374,13319.41400390625,14225.92991034366,13884.609384215733,0.03983457671730277,0.08550967836064008,172.08598184931768,0.005610796769772266,0.009485556308373406,14661.40170412645,13307.928276342298,0.09292738779211,0.9286634722408624,80.94282030370366,341.32052987968564,315.19728173831334,26.1232481413723,91.37804400028922,95.99987766728164,28948100,1.5869845477820317,74.9501953125,13.5498046875,129.1494140625,1,HOLD
2021-01-14,14550.0498046875,14617.7998046875,14471.5,14595.599609375,620200,0.002111247340323086,0.002109021789565324,0.007652849332919098,0.03241413791564707,0.043903632190176456,0.06671924408423768,14030.3099609375,13377.94298828125,14282.802171733098,13937.275326927609,0.03873014220494268,0.08342628283058884,170.24411205204498,0.005475968596231626,0.009420041570677022,14741.682156645169,13318.937765229832,0.097477625413997,0.8973234066832312,81.44518666168749,345.526848386824,321.2631950680155,24.263653318808508,93.1396990497713,94.05658721098098,29568300,1.1102160643001608,45.5498046875,22.2001953125,78.5498046875,1,HOLD
2021-01-15,14594.349609375,14617.4501953125,14357.849609375,14433.7001953125,789600,-0.011092344158201595,-0.01115432296065278,-0.008909289918247687,0.006025558578298895,0.029618018711880634,0.05043411108237472,14064.9599609375,13430.3469921875,14306.017252283775,13974.047539470053,0.025547172892973927,0.06951462130624339,176.6267173295775,0.007346291394302127,0.009946741362104508,14783.999517425666,13345.920404449334,0.09963343380537742,0.7564116473474659,70.85471049285562,331.9697161992626,323.40449929426495,8.56521690499767,72.31714281494465,85.61162862166839,28778700,1.3677227139664974,160.6494140625,23.1005859375,75.8505859375,1,HOLD
2021-01-18,14453.2998046875,14459.150390625,14222.7998046875,14281.2998046875,762000,-0.010558650142566628,-0.010614788200058034,-0.019468090113679337,-0.014045820280812582,0.010500280194498446,0.037843691377986044,14090.9974609375,13477.80298828125,14302.214568038195,13996.806966563021,0.013325281756744396,0.056262162925990906,180.8927079444291,0.008205026310454657,0.010367671380904669,14801.724943959525,13380.269977915475,0.09953260455868945,0.6338785598526436,62.602551530695294,305.40760464975756,319.8051203653635,-14.397515715605948,52.80947727112264,72.75543971194621,28016700,1.2927524429967403,172.0,5.8505859375,58.5,1,HOLD
2021-01-19,14371.650390625,14546.0498046875,14350.849609375,14521.150390625,546100,0.016794730817062842,0.01665525875641371,-0.0051007989217640715,-0.0029045180997779863,0.02265223357336521,0.08948935844086447,14150.6349609375,13525.82,14335.89700228232,14035.647220260167,0.025515570028577707,0.06854349440989163,186.88251451982703,0.009575282417563984,0.00739038555869188,14792.197490821944,13509.072431053055,0.0883624936903957,0.7887601850387427,68.76768425778769,300.2497850245072,315.8940532971923,-15.644268272685053,81.55958616274239,68.89540208293657,28562800,0.9377039046670542,149.5,24.8994140625,20.80078125,1,HOLD
2021-01-20,14538.2998046875,14666.4501953125,14517.5498046875,14644.7001953125,623100,0.008508265623863087,0.008472274336760961,0.014618566074174444,0.005482417469391709,0.03523550024299715,0.08750736339724208,14209.55498046875,13573.4430078125,14383.405185825424,14080.762255516907,0.029713494236162735,0.07314982029081682,184.16950567019651,0.009501391349555141,0.00732262799984946,14803.58643998343,13615.523520954072,0.08112579316643406,0.8662644527264554,71.3845806912862,302.64293315615396,313.2438292689846,-10.60089611283064,96.94822589595852,77.1057631099412,29185900,1.0766771782798374,106.400390625,21.75,20.75,1,HOLD
2021-01-21,14730.9501953125,14753.5498046875,14517.25,14590.349609375,704600,-0.0037112802046228577,-0.003718184091801354,0.02164017343757907,-0.0003596974526917096,0.03204278118011583,0.07273308985386207,14259.01748046875,13616.02900390625,14415.242789448435,14118.509466966234,0.022708991749817484,0.06677842762881453,187.89309845714678,0.009698503462349402,0.007394874923291504,14804.952038292617,13713.082922644884,0.0748350207418028,0.803454071698776,68.65919539131465,296.7333251713353,309.9417284494548,-13.208403278119476,79.59486932154653,86.03422712674916,28481300,1.1921762376907699,140.6005859375,22.599609375,73.099609375,1,HOLD
2021-01-22,14583.400390625,14619.900390625,14357.75,14371.900390625,776800,-0.014972171647596122,-0.015085386074712022,-0.010278111305586202,-0.0042816328350487876,0.0017181265137917734,0.045286134925541344,14290.15,13650.84501953125,14408.574728090985,14137.279165039172,0.00568821021598002,0.05017119180453715,193.1971907548506,0.01028630452354284,0.008253624557233451,14784.865615065122,13795.434384934877,0.06884484328708997,0.582623620656947,58.92203771319454,271.2955655658934,302.2124958727425,-30.91693030684911,46.521442245719285,74.35484582107479,27704500,1.2812350525326142,211.5,36.5,14.150390625,1,HOLD
2021-01-25,14477.7998046875,14491.099609375,14218.599609375,14238.900390625,618600,-0.009254169343308138,-0.009297255190251277,-0.027709669660386016,-0.0029688764077751006,-0.01697299638412808,0.02636019016261759,14308.435009765624,13680.64001953125,14382.470983865449,14144.806663239679,-0.004883426193950088,0.039206705277699115,198.86167712950413,0.010104124249448666,0.008473461985544047,14765.777387013979,13851.09263251727,0.06423844042753082,0.423979689396585,53.90921516751448,237.66432296258608,289.30286129071123,-51.63853832812515,27.884840382223306,51.33371731649638,27085900,1.0025281991443,238.8994140625,13.2998046875,20.30078125,1,BUY
2021-01-27,14237.9501953125,14237.9501953125,13929.2998046875,13967.5,660700,-0.019060488041877988,-0.019244480891583437,-0.04268914906430954,-0.03812717145209388,-0.04092094849229588,0.0025049446337004344,14310.180029296875,13706.1740234375,14318.629294039994,14131.672836318554,-0.02453409910842131,0.018709574122964076,206.7715991872181,0.011110990085177035,0.009581460665806108,14762.006053551719,13858.35400504203,0.06469676380953557,0.12078320979613033,45.4178971501792,186.95645987067837,268.83358100670466,-81.87712113602629,4.634539922656961,26.346940850199868,26425200,1.0519109370397772,270.4501953125,0.0,38.2001953125,1,BUY
2021-01-28,13810.400390625,13898.25,13713.25,13817.5498046875,637900,-0.010735650281904374,-0.010793693167934581,-0.038571836073892585,-0.056481210239439084,-0.05130844634375653,-0.011758044359227893,14301.960009765626,13728.126015625,14241.54014183192,14108.404463581386,-0.03505760514167231,0.006471754422927032,210.16291353098822,0.011182716322125592,0.009845163930397796,14782.445622626008,13821.474396905243,0.069547151217415,-0.004083985152412511,41.526064787761925,133.13568021681021,241.69400084872578,-108.55832063191556,10.025937159416372,14.181772488098893,25787300,0.9952336747509559,7.1494140625,80.7001953125,97.150390625,1,BUY
2021-01-29,13946.599609375,13966.849609375,13596.75,13634.599609375,753200,-0.013240422354072856,-0.013328858232496075,-0.04244012983248879,-0.06550562704720142,-0.06584176229270733,-0.024828822616982826,14284.602490234374,13743.33400390625,14148.164675300088,14073.307807681067,-0.04767304500914273,-0.007974887246156095,221.5869632341319,0.0111215282763694,0.010243766759341678,14830.705393504255,13738.499586964494,0.08010545507979368,-0.09512857097744792,37.323799416289475,74.85686940646701,208.32657456027403,-133.469705153807,3.271923907803975,5.977466996625783,25034100,1.1481794830753265,312.0,20.25,37.849609375,1,BUY
2021-02-01,13758.599609375,14336.349609375,13661.75,14281.2001953125,870500,0.047423511101338356,0.04633334971971787,0.022459294455879686,-0.0063109396006991725,-0.010565551309533627,0.018739536705959958,14297.7375,13770.1930078125,14168.63167837892,14088.707243815394,-0.0011579772330988884,0.03578180968765683,255.8843230031225,0.020233682809730934,0.014944801237007381,14830.070549034137,13765.404450965862,0.07455018370358882,0.48446714447093886,54.75192569307747,79.92443623204963,182.64614689462917,-102.72171066257954,59.16755799396064,24.155139687060345,25904600,1.2771139132794886,522.6005859375,55.1494140625,96.849609375,1,BUY
2021-02-02,14481.099609375,14731.7001953125,14469.150390625,14647.849609375,915000,0.02567357148195737,0.025349539675742865,0.06009023426178106,0.028720561808217582,0.025666417602072,0.0364362023729814,14323.4849609375,13807.71599609375,14242.357513916779,14130.125196853378,0.022144182053173093,0.057355423197651016,269.78544278861375,0.021511758055718696,0.015868873647253878,14871.032393965772,13775.937527909227,0.07476147661672165,0.7961977619388783,61.31994866211632,112.23231864189802,168.56338124408293,-56.331062602184915,90.8627063313644,51.10072941104303,26819600,1.302277918917186,166.75,83.8505859375,11.94921875,1,BUY
2021-02-03,14754.900390625,14868.849609375,14574.150390625,14789.9501953125,869500,0.009701122671723184,0.009654368913945022,0.08473667133892904,0.05888313551548241,0.01851091665995286,0.04158246384115638,14353.007470703125,13846.33400390625,14326.602541823813,14179.001122701844,0.02954321812035976,0.0638011743748345,271.564998214427,0.021110103414496813,0.015954237073851543,14933.32237310765,13772.6925682986,0.07847421995896228,0.8764703635888319,63.529508344219565,147.60142062021805,164.37098911930997,-16.769568499091918,93.7977015729716,81.27598863276556,27689100,1.2051866687919701,35.0498046875,78.8994140625,180.75,1,BUY
2021-02-04,14789.0498046875,14913.7001953125,14714.75,14895.650390625,884700,0.0071467580293813615,0.007121340982025425,0.04302510901809087,0.07802400578804236,0.017135905273965468,0.052975197711407684,14390.477490234374,13885.7180078125,14414.148364716302,14232.086253696001,0.033914121716267634,0.06780048915810546,266.3782265785751,0.021068050863878966,0.015927882602020226,15008.127807054532,13772.827173414216,0.08293029181309111,0.9089473336551438,65.12536180620684,182.06211244445694,167.90921378433939,14.152898660117557,98.62942389531922,94.42994393321841,28573800,1.2051737877766182,106.6005859375,18.0498046875,74.2998046875,1,BUY
2021-02-05,14952.599609375,15014.650390625,14864.75,14924.25,935600,0.0019199973566108586,0.0019181565175802602,0.018869690636917458,0.09458659788867219,0.02288501643651175,0.05566109719060619,14429.822509765625,13923.1,14492.62553937533,14283.357642344099,0.03312913481309781,0.06708209792786905,258.0583811533197,0.0209765493881094,0.015910001717099987,15077.48574420387,13782.15927532738,0.08679340461842239,0.8817010631013649,65.56442569279628,209.2678983828846,176.18095070404843,33.08694767883617,93.62434828125323,95.35049124984805,29509400,1.2426534556152484,28.349609375,62.05078125,59.5,1,BUY
2021-02-08,15064.2998046875,15159.900390625,15041.0498046875,15115.7998046875,671200,0.01283480273296811,0.012753134705385865,0.022031826008330535,0.05844043903599494,0.05176068535430134,0.05356774327397229,14468.25,13968.24798828125,14588.498503269511,14345.020024776639,0.042839268385037155,0.07591737329376298,256.45781040129685,0.02023902256177687,0.01583619730066381,15179.804849028536,13756.695150971464,0.09414716498267978,0.9550245181876172,68.43113266221779,243.4784797811335,189.64045651946546,53.83802326166804,97.17873685078587,96.47750300911946,30180600,0.888077375990684,51.5,44.1005859375,23.25,1,BUY
2021-02-09,15164.150390625,15257.099609375,15064.2998046875,15109.2998046875,713300,-0.0004300136336804483,-0.00043010611605642915,0.014343073881283308,0.031502930984296906,0.06112827466898896,0.04311774829993609,14499.477490234374,14010.693984375,14668.62178041074,14401.6333418383,0.0403607263298816,0.07271057127158656,251.9108099931685,0.019722598158845056,0.015766250102051207,15264.032392781372,13734.922587687377,0.10120322085472183,0.8988087136847187,68.22358071701584,266.98843979650155,205.1100531748727,61.87838662162886,91.09827208360439,93.96711907188119,29467300,0.9412649608740964,54.8505859375,92.94921875,45.0,1,BUY
2021-02-10,15119.0498046875,15168.25,14977.2001953125,15106.5,624800,-0.00018530340410816137,-0.00018532057490518592,0.012211668928086894,0.021403033851177256,0.08154644710936099,0.037288540655173286,14526.62998046875,14053.44498046875,14735.987660347548,14453.84568691398,0.03838546450410422,0.06970873594355077,247.5635953284779,0.017859871925510983,0.01575621116048384,15335.624376109638,13717.635584827862,0.10710547057768349,0.8583893922225612,68.1277298467823,282.1419745936255,220.51643745862327,61.62553713500222,90.9296446649155,93.06888453310194,28842500,0.8414021573723678,12.5498046875,49.2001953125,129.2998046875,1,HOLD
2021-02-11,15073.25,15188.5,15065.400390625,15173.2998046875,500100,0.004421924647502795,0.004412176664707947,0.0038039667594809146,0.018639630145807384,0.0981179745442331,0.041775247368215584,14557.052490234375,14094.72998046875,14803.266451784462,14507.138584552036,0.04061392857094587,0.0710834055941837,238.6733106175152,0.016697469915572014,0.015759135281120353,15413.857042090212,13700.247938378538,0.11293582317422399,0.8596195381534065,69.23819640753676,296.1278683317578,235.63872363325018,60.4891446985076,94.95288195845426,92.32693290232474,29342600,0.6908651355551708,100.0498046875,15.2001953125,7.849609375,1,HOLD
2021-02-12,15186.2001953125,15243.5,15081.0,15163.2998046875,571800,-0.0006590524229219685,-0.0006592696934370658,0.0035739578073132883,0.016017542234115556,0.11211918494925088,0.03889529793266289,14585.4375,14135.7209765625,14858.65619838493,14555.743119398168,0.03810927120948059,0.06776749397300319,233.23235985912126,0.015198065538343717,0.01577180018830642,15482.154395202058,13688.720604797942,0.11827463767811966,0.8222100017176923,68.8514599350566,302.91308002594087,249.09359491178833,53.81948511415254,94.35059916550895,93.41104192962625,28770800,0.7925650248456233,22.900390625,57.2998046875,82.2998046875,1,HOLD
2021-02-15,15270.2998046875,15340.150390625,15243.400390625,15314.7001953125,456000,0.00998465984153385,0.009935142462115996,0.013782159687055318,0.013158443032787348,0.07236786725664857,0.061037709532453466,14629.4875,14179.33697265625,14928.816813296864,14611.962162081283,0.04474215535229541,0.07413551739026271,229.2050902932912,0.008143872797319004,0.015551731024735154,15577.16864572832,13681.806354271679,0.12376097914321366,0.8615206962807271,71.45141395547611,316.85465220057995,262.6458063695467,54.20884583103327,98.54019791154364,95.94789301183563,29226800,0.6470150047887614,44.400390625,25.4501953125,26.8994140625,1,HOLD
2021-02-16,15371.4501953125,15431.75,15242.2001953125,15313.4501953125,648500,-8.162092525865194e-05,-8.162425642763527e-05,0.009236645451486059,0.013511571897042218,0.04544015699830095,0.07227286064579497,14681.09501953125,14220.43498046875,14987.99117976081,14663.924238636435,0.04129410209430239,0.07137615631376956,226.37256989287752,0.005100349633766094,0.015241499505772438,15659.236251236922,13702.95378782558,0.1277492948003427,0.8232432880258674,71.39842512860236,324.066942055917,274.9300335068208,49.13690854909623,93.55314415871935,95.48131374525734,28578300,0.9276212272922315,58.0,60.2998046875,71.25,1,HOLD
2021-02-17,15279.900390625,15314.2998046875,15170.75,15208.900390625,504800,-0.006827318687430917,-0.006850731452785171,0.0030072996329864043,0.006778564897560679,0.028326680602702936,0.047361950086545423,14715.48251953125,14257.49798828125,15021.977212201455,14704.292842501472,0.032442705154272736,0.06255563373471823,220.4566580924934,0.00583964864417423,0.015079923651969402,15716.796413185772,13714.168625876728,0.13167472571149816,0.7463852115804384,66.92770670844169,317.684370576555,283.4809009207677,34.20346965578733,87.85560711852861,93.31631639626387,28073500,0.7242104055033094,71.0,34.3994140625,38.150390625,1,HOLD
2021-02-18,15238.7001953125,15250.75,15078.0498046875,15118.9501953125,770600,-0.005914312869584326,-0.005931871684390037,-0.012781836895502163,-0.00358192417434533,0.014990940229641758,0.03238372883535012,14739.19501953125,14292.01798828125,15036.896132680076,14735.00820197884,0.02511782702339945,0.0546950810968101,217.04548217963674,0.006211327865155113,0.015118398497140651,15755.037324515777,13723.352714546721,0.13438000547147524,0.68691640125499,63.257709644803,301.8879315227605,287.1623070411663,14.725624481594195,82.32769465042372,87.91214864255723,27302900,1.0939651623344342,119.75,12.0498046875,40.900390625,1,HOLD
2021-02-19,15074.7998046875,15144.0498046875,14898.2001953125,14981.75,712200,-0.009074717063029758,-0.009116143118184506,-0.021660709447047677,-0.011972974684004933,0.003852789922441646,0.026825977519654876,14758.7650390625,14321.07099609375,15028.412112267757,14753.285372208076,0.01488377265256059,0.04409892061383021,219.1029198364484,0.007046870256413915,0.015266313566526222,15777.459909189756,13740.070168935245,0.13599143893433754,0.6094463943403557,58.03068252338796,275.12674082579724,284.7551937980925,-9.628452972295236,53.25159125171705,74.47829767355647,26590700,1.010513770059165,93.0498046875,69.25,83.5498046875,1,HOLD
2021-02-22,14999.0498046875,15010.099609375,14635.0498046875,14675.7001953125,609900,-0.020428174591586412,-0.02063971564030592,-0.03505843168262002,-0.04172461699221408,-0.029115204955183493,0.02113845743640641,14773.955029296874,14345.01900390625,14974.148740428485,14747.538322066077,-0.006695069582830358,0.02253256655596375,230.24198304009494,0.008272650692395528,0.01561956470135117,15778.078227725042,13769.831830868707,0.1368416068827694,0.4510743133219951,48.41937395548179,226.6104190701917,273.12623885251236,-46.51581978232065,11.841167320669292,49.140151074270044,25980800,0.8757331878324909,323.349609375,11.0498046875,40.650390625,1,HOLD
2021-02-23,14782.25,14854.5,14651.849609375,14707.7998046875,744100,0.0021872625461001327,0.002184873969705697,-0.02719437429937921,-0.039550224338757545,-0.026573038141412653,0.032930872553278645,14797.4,14368.8980078125,14933.171981083718,14744.594728185431,-0.006092018962886842,0.02304231777529285,228.27115501044528,0.00840057307976225,0.015426366651663487,15771.916978042094,13822.883021957905,0.1325170305529326,0.45402840723566984,49.36660134073947,188.5772535528904,256.216441792588,-67.6391882396976,9.131414856935528,24.741391143107307,26724900,1.0588854735883408,74.4501953125,72.25,55.9501953125,1,BUY
2021-02-24,14729.150390625,15008.7998046875,14504.5,14982.0,403800,0.01864318245786234,0.01847152850052029,1.668696914580714e-05,-0.0149189214734331,-0.008241485453281738,0.07263289779846072,14848.125,14397.375,14940.683983993915,14762.18030387956,0.00893572286744093,0.039021826191429715,247.9874871302349,0.010787281637916556,0.015050796133444917,15747.268963997032,13948.981036002968,0.12002989774356324,0.5744458092140778,56.68417240391357,178.50368072463243,240.6738895789969,-62.17020885436446,51.496360204906985,24.156314127503947,27128700,0.585323428157274,252.849609375,26.7998046875,224.650390625,1,BUY
2021-02-25,15079.849609375,15176.5,15065.349609375,15097.349609375,803900,0.007699213013950157,0.007669725331353619,0.028731127540829515,-0.0014287093785253502,-0.005005516024209622,0.09262132742617935,14912.114990234375,14427.965,14964.786387898697,14787.007659847624,0.012269346867717754,0.04433788888079614,244.16695233521813,0.011010187218721872,0.014685544725569284,15681.586579792078,14142.643400676672,0.10193465866086643,0.6203648202570278,59.34592108075826,177.77872862158256,228.09485738751405,-50.316128765931495,63.936328862227015,41.52136797468986,27932600,1.1514305152719573,17.5,79.150390625,14.5,1,HOLD
2021-02-26,14888.599609375,14919.4501953125,14467.75,14529.150390625,1103600,-0.03763569324758598,-0.03836220275630364,-0.012146576404008624,-0.030210062868156307,-0.041821333234238534,0.06560887791929848,14956.842529296875,14444.89400390625,14897.765465241206,14767.907121382816,-0.029436830590441495,0.005799126889973962,271.6978564094883,0.016114997319989964,0.01706106130858858,15492.573416383335,14421.111642210415,0.07374565926885067,0.10083304044876551,44.75630553630331,129.8583443827647,208.44755478656418,-78.58921040379948,6.369335127074689,40.60067473140291,26829000,1.5419976386589236,359.44921875,30.8505859375,61.400390625,1,BUY
2021-03-01,14702.5,14806.7998046875,14638.5498046875,14761.5498046875,507300,0.015995389118723446,0.01586881087701919,-0.014714336891770152,0.005849779447145043,-0.03611891735199013,0.033635100888275815,14980.860009765625,14465.31099609375,14876.809209771405,14767.436209034926,-0.014856855003699128,0.0200682728110079,272.1229676704177,0.01679818232788768,0.01394854316146445,15429.223213952673,14532.496805578578,0.060747443204733284,0.2554324228322613,50.15393348202709,109.3730012219221,188.6326440736358,-79.25964285171369,30.477158162603736,33.59427405063516,27336300,0.7272753338542141,59.0498046875,45.25,63.9501953125,1,BUY
2021-03-02,14865.2998046875,14959.099609375,14760.7998046875,14919.099609375,621700,0.010672985341787733,0.010616431079728933,-0.011806708105197017,0.01436651351619278,-0.025751909655095995,0.018518076525471328,14994.422509765625,14488.4819921875,14883.315425095036,14778.670534987996,-0.005048756450643527,0.028863512441253764,266.8498846002093,0.017378696759474625,0.012962830059477688,15417.361608574773,14571.483410956478,0.05669767075532855,0.4109530182913805,53.472834856353984,104.64489055847662,171.83509337060397,-67.19020281212735,46.82049889782158,27.888997395833346,27958000,0.9104221887035586,53.7998046875,40.0,104.5,1,BUY
2021-03-03,15064.400390625,15273.150390625,14995.7998046875,15245.599609375,544200,0.021884698711632122,0.02164866615239294,0.04931115719005108,0.017594420596382276,0.0024130093437013667,0.030808042491374588,15017.20498046875,14526.8259765625,14939.0514534458,14813.257873837047,0.014981019753778826,0.047146301308510205,273.0785200751944,0.018885022671205197,0.01366081343371453,15442.713522115342,14591.696438822159,0.05582050592289373,0.7683784302210032,59.49221716045714,125.79358003231937,162.62679070294706,-36.83321067062769,80.68979350363071,52.66248352135202,28502200,0.8163755147351117,181.19921875,27.55078125,68.6005859375,1,HOLD
2021-03-04,15026.75,15202.349609375,14980.2001953125,15080.75,534900,-0.010812930524138231,-0.010871815118793142,0.02162375899115543,-0.0010995048670457974,-0.0025266433726558457,0.012426420097204849,15026.4599609375,14559.11498046875,14960.851229838754,14833.072105407628,0.003599956173433019,0.03458946136838352,272.53001250285905,0.01912905172349376,0.013866284793829689,15449.032310481729,14603.887611393271,0.05604129098940423,0.5642375667983139,55.58226876881044,127.77912482627107,155.65725752761188,-27.878132701340803,63.58921161825726,63.69983467323653,27967300,0.8240450459471729,54.0,121.599609375,46.5498046875,1,HOLD
2021-03-05,14977.9501953125,15092.349609375,14862.099609375,14938.099609375,640700,-0.009459104528952489,-0.009504125991607463,0.0012735353002175653,0.028146808846708282,-0.0029135708862448872,0.0009279936596477967,15027.15244140625,14585.85498046875,14957.350980536638,14840.851920517396,-0.0059614565681006025,0.023580283845823658,269.5100116097977,0.019149494283864702,0.014046295460087399,15449.09747053352,14605.20741227898,0.05649246425729565,0.3944734196586738,52.37451787316595,116.49906038618974,147.82561809932747,-31.32655771313773,48.79145325466805,64.35681945885203,27326600,1.0099784037706685,39.8505859375,114.3994140625,76.0,1,HOLD
2021-03-08,15002.4501953125,15111.150390625,14919.900390625,14956.2001953125,0,0.0012117060677612201,0.001210972544447202,-0.018982488159044908,0.01318631127493064,0.01911322773475521,-0.010558462763280763,15019.1724609375,14609.993984375,14957.173936656001,14849.396237169978,-0.004210445487667121,0.02314800593843391,263.9200107805264,0.0177735175975739,0.013730343038182317,15440.145215986911,14598.199705888088,0.05629407864991684,0.4252062456891854,52.747163986457096,107.77769982688369,139.81603444483872,-32.03833461795503,57.69893190074141,56.69319892455559,27326600,0.0,46.25,108.7001953125,36.2998046875,1,HOLD
2021-03-09,15049.900390625,15126.849609375,14925.4501953125,15098.400390625,675300,0.00950777560179139,0.009462861169810146,0.0011703920975416615,0.012018203909392122,0.026557377114489356,-0.0007213712219223956,15018.627490234376,14634.49798828125,14978.901083420462,14867.840989279941,0.00528353324370424,0.030725268262974396,259.454253872096,0.01793038329085686,0.013909389882497271,15439.16012615203,14598.094854316721,0.05570558801431365,0.5948474548425416,55.68102262230781,111.0600944583166,134.0648464475343,-23.00475198921771,78.30271725291914,61.59770080277622,28001900,1.1275483795561918,48.5,28.44921875,124.4501953125,1,HOLD
2021-03-10,15202.150390625,15218.4501953125,15100.849609375,15174.7998046875,404600,0.005060099883821945,0.005047340602462587,0.01584540212624841,-0.0046439501562117735,0.012868762827893399,0.004521219652964037,15022.04248046875,14659.3419921875,15009.039348230775,14890.578679312623,0.010066513310545502,0.03396801401892469,249.49679321605342,0.01708912599991472,0.013953971218907712,15446.465255546236,14597.619705391264,0.055937841756091164,0.6799589150113131,57.2179297333508,118.46066921490092,130.94401100100765,-12.483341786106735,87.78860960556788,74.59675291974283,28406500,0.6882122810001688,27.3505859375,16.2998046875,73.9501953125,1,HOLD
2021-03-12,15321.150390625,15336.2998046875,14953.599609375,15030.9501953125,493200,-0.009479506235763657,-0.009524722735275023,0.004997927215726117,-0.0033022100815609523,-0.0043980841525500525,-0.009381585496058276,15014.925,14680.3219921875,15012.41024778181,14900.976569387743,0.0010661465246221287,0.023327081692702638,259.01132193722816,0.0172496160669508,0.014084447541738772,15433.699607327577,14596.150392672422,0.05572164126499137,0.5191334372136922,53.45885561178591,111.43367866988956,127.04194453478405,-15.608265864894491,64.84374209434503,76.9783563176107,27913300,0.8394107785654094,290.2001953125,15.1494140625,77.3505859375,1,HOLD
2021-03-15,15048.400390625,15048.400390625,14745.849609375,14929.5,467500,-0.006749419963093084,-0.006772300308835674,-0.011186641382876172,-0.0005756829583331013,0.02755492225019074,-0.01541879456971662,15003.235009765625,14699.2769921875,14999.654825046147,14903.089416099961,-0.004938880053961979,0.015420677706051737,262.12128331671187,0.011692947938100356,0.014156538378994521,15417.821572316123,14588.648447215128,0.055539242781137685,0.4110740477061948,50.91817283224573,96.56540920177576,120.9466374681824,-24.381228266406637,53.16333012890785,68.59856060960693,27445800,0.8027956176803914,118.900390625,0.0,183.650390625,1,HOLD
2021-03-16,14996.099609375,15051.599609375,14890.650390625,14910.4501953125,100,-0.001275984104457617,-0.0012767988653300596,-0.01742030292177843,-0.003058932041732021,0.010087043203127477,-0.026396207228642443,14983.022509765626,14717.11599609375,14985.931035856356,14903.634659004641,-0.004867211486071747,0.01296635558861465,254.89470727623242,0.0107631533251448,0.013932178391469981,15373.621446297086,14592.423573234166,0.05239264159230486,0.4071012390638093,50.43347397699223,82.29637708841801,113.21658539222953,-30.92020830381152,50.97004143265928,56.32570455197074,27445700,0.00017871663583804664,85.6494140625,55.5,19.7998046875,1,HOLD
2021-03-17,14946.5498046875,14956.5498046875,14696.0498046875,14721.2998046875,100,-0.012685759862868795,-0.01276691115553913,-0.020600852680728532,-0.024976194575661914,-0.013258159665560876,-0.03866864639075651,14953.414990234374,14728.883984375,14945.218538753456,14890.12837349858,-0.01576730238677464,-0.0005151841065749063,255.2950853279301,0.010976728823316342,0.014160044374178922,15328.813940903983,14578.016039564765,0.05100078874150444,0.19084198939150576,45.77416985594232,55.09016547295687,101.591301408375,-46.501135935418134,29.192316125006325,44.4418958955245,27445600,0.0001897083234526911,225.25,10.0,25.25,1,HOLD
2021-03-18,14855.5,14875.2001953125,14478.599609375,14557.849609375,542200,-0.011102973071742905,-0.011165071153974405,-0.024893693065742295,-0.040656232915963986,-0.045111377552974785,-0.042807222384816046,14920.862451171875,14736.0509765625,14885.623318849077,14865.515131709812,-0.02493588349498414,-0.01224091277002482,265.3883353714708,0.00771345474524639,0.014270607506441194,15314.468265547775,14527.256636795975,0.05407471912918029,0.038862450021849855,42.15035273725887,20.108187339355936,85.2946785945712,-65.18649125521526,10.373568549407182,30.178642035690945,26903400,1.0249624287564134,297.650390625,19.7001953125,79.25,1,HOLD
2021-03-19,14471.150390625,14788.25,14350.099609375,14744.0,919200,0.012786942826028547,0.012705880170274957,-0.011163324589946177,-0.01909062245459292,-0.022329791290220946,-0.02480001524370057,14902.11494140625,14748.0059765625,14863.83511594922,14856.514010841796,-0.010724019357450439,-0.0002717021542660879,277.72848217529435,0.009082808620354882,0.014615211886151667,15291.894334232535,14512.335548579964,0.05287295073606693,0.2971738061111222,47.270287101445476,7.32110529207057,69.69996393407106,-62.378858642000495,39.941220098844504,26.50236825775269,27822600,1.7135666682201578,272.849609375,44.25,121.05078125,1,HOLD
2021-03-22,14736.2998046875,14763.900390625,14597.849609375,14736.400390625,459000,-0.000515437423697751,-0.0005155703072306843,0.0010257644459283899,-0.012934097550152401,-0.013502334568944452,-0.016376565446292957,14889.8474609375,14759.9869921875,14844.229773591647,14847.616705639983,-0.010412791878953062,-0.0016005673663362886,269.7515035377733,0.00872387560590127,0.014495860569514737,15284.245641359905,14495.449280515097,0.053527071736366796,0.3054668125643189,47.08706523499575,-3.3869318779343303,55.08258477166999,-58.46951664960432,39.17062510087942,29.828471249710386,27363600,0.8763472167861525,0.1005859375,27.5,138.4501953125,1,HOLD
2021-03-23,14768.5498046875,14878.599609375,14707.0,14814.75,474200,0.00531673999743143,0.005302656033791128,0.017646863892560205,-0.006418330369567626,-0.009457629174877802,0.009474832739627237,14896.799951171875,14769.3369921875,14839.694423808318,14845.182134851691,-0.005538395934583801,0.003065391438431288,262.7406539547181,0.008950112607021169,0.013779477499352478,15280.613306452258,14512.986595891492,0.051815029653606424,0.3931121728263866,49.270209236735646,-5.4877108857399435,42.96852564018801,-48.456236525927956,47.11521989485765,42.07568836486055,27837800,0.9172501837595247,46.2001953125,63.849609375,61.5498046875,1,HOLD
2021-03-24,14712.4501953125,14752.349609375,14535.0,14549.400390625,456400,-0.017911176994211853,-0.018073523592070435,-0.013198562762818722,-0.011676918230261513,-0.036361467824160276,-0.010769755923113467,14888.87998046875,14770.63,14795.033803318578,14823.272376018884,-0.02333289212815227,-0.015205410768511802,263.9556072436668,0.009580448556751803,0.014374765705930836,15293.916852626386,14483.843108311114,0.05567746591380139,0.08092754860141631,42.82568125338682,-28.23857255555049,28.727106001040315,-56.9656785565908,20.208957795516053,35.49826759708439,27381400,0.9080870283230018,163.0498046875,39.8994140625,14.400390625,1,BUY
2021-03-25,14570.900390625,14575.599609375,14264.400390625,14324.900390625,606800,-0.015430189146808937,-0.015550473459416195,-0.027924051267077976,-0.016001622835833174,-0.05600729004675009,-0.04385927175110127,14856.025,14765.85900390625,14722.705585981104,14786.355932654502,-0.03707701937827063,-0.030782665237228224,267.3301509226906,0.0096996869091848,0.014008201088274372,15326.787569439626,14385.262430560373,0.06572647021653559,-0.0641109168971963,38.26536329279367,-63.650346541235194,10.251615492585216,-73.90196203382041,5.64418631135406,24.32278800057594,26774600,1.183434260694885,246.0,4.69921875,60.5,1,BUY
2021-03-26,14506.2998046875,14572.900390625,14414.25,14507.2998046875,481000,0.012733031929623273,0.012652648509180619,-0.020752978977876757,-0.016054001309854904,-0.034838142886555734,-0.03908300595497216,14826.522509765626,14764.7080078125,14689.566235012857,14765.68510835968,-0.02200428124984228,-0.017743357247075573,265.94942585678416,0.011170971300243807,0.014237748164716934,15306.949557314398,14346.095462216854,0.0662324559382911,0.1677719263444606,43.52702905252683,-76.11887322542134,-7.022482251016095,-69.09639097440524,22.66065368409065,16.171265930320274,27255600,0.968586387434553,1.0,65.6005859375,92.0498046875,1,BUY
2021-03-30,14628.5,14876.2998046875,14617.599609375,14845.099609375,594500,0.02328481586755049,0.023017860602701366,0.02032380791036137,0.007376239506843962,-0.0056532630446431975,0.021745883981892478,14842.319970703125,14769.6980078125,14713.494446453185,14771.5676639907,0.0001872428441045444,0.005079225033618668,273.31018115272815,0.013899567206236621,0.012612751146725575,15302.966142081641,14381.67379932461,0.062060367865448024,0.5030171081885402,51.73195567367351,-58.073217424847826,-17.232629285782444,-40.84058813906538,54.1747864707892,27.49320882207799,27850100,1.2618196096743015,216.599609375,31.2001953125,10.900390625,1,HOLD
2021-03-31,14811.849609375,14813.75,14670.25,14690.7001953125,463900,-0.010400699094332388,-0.010455164345430578,0.025535940544961777,-0.008373398450024494,-0.014737985582023883,-0.004799605076189373,14838.777490234375,14774.8380078125,14709.987638585388,14765.577481125405,-0.010079662164035162,-0.005727284021958725,266.2772831686047,0.014252650328301373,0.012356177702591176,15302.930100749993,14374.624879718758,0.06318999153814585,0.3404864137705485,48.27920578585865,-55.58984243594023,-24.904071915814,-30.685770520126226,39.77050449834871,38.86864821774287,27386200,0.989178527640064,121.1494140625,1.900390625,20.4501953125,1,BUY
2021-04-01,14798.400390625,14883.2001953125,14692.4501953125,14867.349609375,445000,0.012024574166918489,0.011952853344086897,0.0248185265028551,0.021853080554087523,0.009920985689116701,-0.003468707988750208,14836.189990234376,14786.55900390625,14734.19717255302,14773.116157292323,0.0020958422287302475,0.005434096028642888,261.0074772279901,0.014219161619559573,0.012422112235834613,15299.09798309824,14373.281997370512,0.06227175724339798,0.5336563848760917,52.20928235615447,-38.91898464265432,-27.707054461182068,-11.211930181472255,56.25054094066735,50.06527730326844,27831200,0.967096970487241,68.94921875,15.8505859375,105.9501953125,1,HOLD
2021-04-05,14837.7001953125,14849.849609375,14459.5,14637.7998046875,509700,-0.015439860548026041,-0.015560296479187625,-0.013964190887381212,0.021843042920373756,0.0054918959501417675,-0.03986722859452141,14805.8,14788.8919921875,14719.366808266017,14763.092723765692,-0.011477148038238653,-0.010322055876977886,271.4962009527765,0.014690316726775694,0.011729739584010926,15235.844288099213,14375.755711900785,0.05875805023122395,0.30467105370081654,47.19111151040723,-43.72591541053407,-30.910826651052467,-12.815088759481604,47.43391573170308,47.818320390239734,27321500,1.1118746114328695,199.900390625,12.1494140625,178.2998046875,1,HOLD
2021-04-06,14737.0,14779.099609375,14573.900390625,14683.5,475300,0.003122067245233451,0.0031172037135109875,-0.0004901192738789861,0.01214562307836009,-0.004103364080303873,-0.026341528107023837,14785.9375,14789.66798828125,14713.848837763551,14757.196966449526,-0.006976368032144925,-0.007230427914410704,266.76070222400676,0.014109155112317367,0.01158966020192285,15199.739350650476,14372.135649349524,0.05636283592474218,0.37622397067660573,48.25739292223588,-43.34812860362399,-33.398287041566775,-9.949841562057216,53.239332483140885,52.30792971850379,27796800,1.0436176402779738,53.5,42.099609375,109.599609375,0,HOLD
2021-04-07,14716.4501953125,14879.7998046875,14649.849609375,14819.0498046875,0,0.009231436965811968,0.0091890876818974,-0.003248716547100128,-0.0017547746645666384,0.005608521204071071,-0.007969541494607935,14779.985009765625,14794.2419921875,14730.033601905698,14761.778658170993,0.002636120091149017,0.0016740487971200534,264.1313803017563,0.0144273558421131,0.011647996400335914,15188.24824161519,14371.72177791606,0.05509978537496043,0.5478426562494381,51.392372791854186,-31.745056188909075,-33.06764087103524,1.3225846821261626,80.13434712124398,60.26919844536266,27796800,0.0,102.599609375,60.75,66.6005859375,0,HOLD
2021-04-08,14875.650390625,14984.150390625,14821.099609375,14873.7998046875,514800,0.0036945688638336804,0.003687760707936765,0.016122641595660125,0.012463640734661663,0.0039858792546279,-0.005509446888175895,14775.864990234375,14804.27998046875,14752.151479256743,14770.076520876148,0.006584384336157375,0.004673978749992417,257.05775213288086,0.014378128204685378,0.011678546258692009,15178.556997930435,14373.172982538315,0.05414783215908965,0.6216001467384744,52.64051293169202,-17.925041548447552,-30.0391210065177,12.114079458070147,84.66820619138589,72.68062859859026,28311600,1.146190497395019,1.8505859375,108.5,52.7001953125,0,HOLD
2021-04-09,14882.650390625,14918.4501953125,14785.650390625,14834.849609375,504100,-0.0026187118170183377,-0.0026221466406612408,0.01030746139374128,-0.0021859982346488227,0.01961931152392582,-0.017455543264943807,14762.687451171874,14816.19896484375,14764.874268505706,14774.874527431739,0.004864367358164675,0.0012572183083988503,248.1821844582108,0.012945285509465365,0.011460135589328126,15138.661230945561,14386.713671398187,0.05068791254022386,0.5959670089839335,51.62489970242936,-10.000258860211034,-26.031348577256367,16.031089717045333,79.25657780479334,81.35304370580775,27807500,1.1441735893594782,47.80078125,35.7998046875,49.19921875,0,HOLD
2021-04-12,14644.650390625,14652.5,14248.7001953125,14310.7998046875,650200,-0.03532558930400764,-0.03596463281723922,-0.03429707077705024,-0.022339422888901894,-0.0009843409415069004,-0.05693650071964118,14719.487451171875,14823.0649609375,14695.01665868752,14740.498622042469,-0.028557987817739564,-0.035795704170371194,272.3227008585172,0.016861623464897054,0.01370756480993404,15094.673396673985,14344.301505669766,0.05243395905506516,-0.04464679632040334,40.34621121625545,-45.48196329480925,-29.921471520766946,-15.560491774042301,8.44375455616179,57.456179517447026,27157300,1.4357638122156926,333.8505859375,7.849609375,62.099609375,0,HOLD
2021-04-13,14364.900390625,14528.900390625,14274.900390625,14504.7998046875,605100,0.013556195506029933,0.013465132344700306,-0.024808724390905756,-0.012170136228589867,-0.00017232703767466884,-0.03500446637026866,14693.179931640625,14836.8099609375,14665.752527302902,14723.039450386166,-0.012987433779833791,-0.022889675191704817,271.0139365114802,0.016932386358352106,0.01408271378185949,15050.68867318388,14335.67119009737,0.049295232799796335,0.23653773311922052,45.12570786745063,-57.28692302795935,-35.39456182220543,-21.892361205753915,34.822155328435365,40.840829229796846,27762400,1.319867816906782,139.8994140625,24.1005859375,90.0,0,HOLD
2021-04-15,14522.400390625,14597.5498046875,14353.2001953125,14581.4501953125,568000,0.005284484560774683,0.005270570669209097,-0.01708136049470721,-0.016033390298738515,-0.017760029976221947,-0.023312890899728766,14675.77744140625,14855.74697265625,14652.782937765918,14712.551357417537,-0.006468989354986998,-0.018811350974673874,269.10934171601735,0.015047174158962704,0.014112004737115364,15019.18446735145,14332.37041546105,0.04710190294455008,0.3626597026742767,46.9347620372986,-59.7684196006212,-40.269333377888586,-19.499086222732615,45.244396169969235,29.503435351522153,28330400,1.2255113489255174,59.0498046875,16.099609375,169.2001953125,0,HOLD
2021-04-16,14599.599609375,14697.7001953125,14559.0,14617.849609375,577200,0.002496282165007191,0.0024931716281266104,0.021455810218722116,-0.017208124263702773,-0.004958959407581176,-0.01962385991735427,14661.147412109374,14862.4799609375,14647.40857955193,14705.53641311796,-0.0029619816793439776,-0.016735043669187114,259.7944026871947,0.014767453297798864,0.014134488879047375,14987.84161300556,14334.45321121319,0.04469798357846879,0.4337334384631962,47.81458737689164,-58.12783351893995,-43.84103340609886,-14.286800112841092,50.193665922631894,43.42007247367885,28907600,1.1723724699645544,18.25,79.8505859375,40.599609375,0,HOLD
2021-04-19,14306.599609375,14382.2998046875,14191.400390625,14359.4501953125,512300,-0.017676978554819645,-0.01783508230882999,-0.010020793898032787,-0.03204612291870268,-0.03416206838522384,-0.024580004087667695,14643.054931640625,14856.71197265625,14603.10728966894,14679.90039698378,-0.019750389636833378,-0.034629583346169945,271.6983181202522,0.014976856150340754,0.01439528300886105,14993.626364531512,14292.483498749738,0.048827974347559304,0.09551077224182937,42.4356221282549,-76.79310727167831,-50.43144817921475,-26.36165909246356,21.19833550141911,38.87879919800676,28395300,0.9891011593895086,52.8505859375,22.849609375,115.19921875,0,BUY
2021-04-20,14526.7001953125,14526.9501953125,14207.2998046875,14296.400390625,467400,-0.004390823034999047,-0.0044004910090830246,-0.01954879664706699,-0.0010061921247604966,-0.02332313726227986,-0.0179593295552134,14629.982470703126,14846.8409765625,14555.92161289295,14651.492989104896,-0.023333291665283473,-0.038502040436588274,275.12346615630565,0.014383074933261237,0.014228167733546376,15010.506658360353,14249.458283045898,0.05323356610895699,0.06168084592473377,41.217211067715255,-95.57137617244007,-59.459433777859815,-36.111942394580254,13.245033112582782,28.21234484554461,27927900,0.9089759920654197,230.2998046875,0.25,89.1005859375,0,BUY
2021-04-22,14219.150390625,14424.75,14151.400390625,14406.150390625,524600,0.007676757575422188,0.007647441212800463,-0.01448224084985994,-0.006801156540652165,-0.01888852176763034,-0.022914379366182902,14613.089990234375,14837.0509765625,14532.879886390188,14633.319463291302,-0.014364670227519223,-0.029910876552969607,274.99676210049813,0.014642321614762107,0.014015457557161309,15001.776746406582,14224.403234062169,0.053961224287253,0.23379643591724902,44.219491101724344,-100.43957686480098,-67.65546239524805,-32.78411446955293,30.591413989792855,21.678260867931602,28452500,1.0609232013751937,187.0,18.599609375,67.75,0,BUY
2021-04-23,14326.349609375,14461.150390625,14273.2998046875,14341.349609375,498100,-0.004498133053794207,-0.004508280094204329,-0.0012605347482878004,-0.016466166445823438,-0.03223554827121211,-0.026807820823145034,14593.337451171876,14825.39296875,14503.413689926312,14611.692066704612,-0.017570720236270525,-0.033751590509904256,268.77203523171255,0.014126872384703046,0.014035526026930673,14994.88971324374,14191.785189100012,0.05599922922308058,0.18623281998600108,42.828593310163484,-108.27837674497277,-75.780045265193,-32.49833147977978,22.80987316121285,22.215440087862845,27954400,1.003364019096346,15.0,119.80078125,53.0498046875,0,BUY
2021-04-26,14449.4501953125,14557.5,14421.2998046875,14485.0,452700,0.010016518287169873,0.009966685459202936,0.013192104601286614,-0.009088177326013747,-0.026139911104959834,-0.02225822237972286,14576.849951171875,14812.77697265625,14500.580814553034,14602.307469170819,-0.0063410390867707726,-0.02262871747713146,265.0133463312331,0.014602172082100514,0.014189987670446552,14967.617869327396,14186.082033016353,0.05395483854408303,0.3824750614049874,46.82183911249164,-101.72665458704614,-80.96936712956364,-20.757287457482505,40.05999512158511,31.15376075753029,28407100,0.9138900384572662,35.5498046875,72.5,28.150390625,0,BUY
2021-04-27,14493.7998046875,14667.5498046875,14484.849609375,14653.0498046875,451800,0.011601643402658013,0.011534860370141113,0.017138472622302503,0.020446438086525243,-0.01225491390034783,0.007123964650068038,14582.032421875,14803.65197265625,14524.03758226603,14606.066160690618,0.004846593969112308,-0.01027787184075302,259.1338355441807,0.015271601884308754,0.01387293631653007,14973.954252996415,14190.110590753584,0.05349355067312197,0.5906014633182163,51.12283527631789,-82.0285783960826,-81.18120938286742,-0.8473690132151717,60.24009775592915,41.03665534624239,28858900,0.9124968442312529,159.25,14.5,8.9501953125,0,HOLD
2021-04-28,14710.5,14890.25,14694.9501953125,14864.5498046875,457000,0.014433855260107098,0.014330678808834763,0.03648193577056946,0.039740731830305354,0.03869455289414492,0.03767212332001102,14609.014892578125,14798.81296875,14576.42407802318,14625.213097283187,0.017190894811277276,0.004422389968162346,257.56714695620354,0.010131851939649708,0.013679909681973898,15000.716749642752,14217.313035513498,0.05270282143911344,0.8261854743598881,55.95146850737592,-48.78901923340527,-74.70277135297499,25.913752119569722,85.6378762008406,61.9793230261183,29315900,0.9371763716714326,154.0498046875,25.7001953125,15.5498046875,0,HOLD
2021-04-29,14979.0,15044.349609375,14814.4501953125,14894.900390625,517500,0.0020418099664161193,0.002039728305535653,0.02829826652571632,0.03392648186694358,0.026894586012240707,0.02671762431022895,14628.394921875,14793.24498046875,14625.420433808074,14645.189933827225,0.017892396844610043,0.006824846591134877,255.59088032093902,0.009543412913834452,0.013442803155902823,15036.07729145145,14220.712552298552,0.05474120120105646,0.8268542971652807,56.613853799232864,-19.76949999431963,-63.71611708124392,43.94661708692429,83.26341346048689,76.3804624724189,29833400,1.0572876230948371,84.099609375,65.349609375,80.4501953125,0,HOLD
2021-04-30,14747.349609375,14855.4501953125,14601.7001953125,14631.099609375,613900,-0.017710812045177438,-0.017869525228607498,-0.001497994997974983,0.020203816787967455,0.00340497093207226,-0.014415531429971318,14617.694921875,14782.6009765625,14626.294153126064,14644.146206090014,0.0009161777212842703,-0.010354749214503644,258.2772599631934,0.011434192492758238,0.0130508807977833,15013.113982130659,14222.27586161934,0.05405185813953328,0.5169499764260436,49.62827907252115,-17.85205294096704,-54.54330425318855,36.69125131222151,53.720772545331265,74.20735406888626,29219500,1.2517586607670794,116.25,108.1005859375,29.3994140625,0,BUY
2021-05-03,14481.0498046875,14673.849609375,14416.25,14634.150390625,448900,0.00020851346320172048,0.0002084917272909865,-0.015499925466282427,0.010296885787021148,0.0011151285370691877,-0.003849360747661512,14614.867431640625,14768.98998046875,14627.502805048978,14643.40577531482,0.0013176684993430258,-0.009214036089866331,258.228856349751,0.011410429832309806,0.012847468795124502,15008.96444623194,14220.77041704931,0.053859910424835136,0.5244647361815812,49.70556830658547,-15.902970244569588,-46.81523745146476,30.912267206895173,54.062424812441215,63.68220360608647,29668400,0.9167211239993447,153.1005859375,39.69921875,64.7998046875,0,BUY
2021-05-04,14687.25,14723.400390625,14461.5,14496.5,503400,-0.00940610742344028,-0.009450624224999165,-0.02674743571133631,-0.010683769370484208,0.009544223687076636,-0.02494389512042894,14596.324951171875,14752.6509765625,14607.348527349135,14632.523866032154,-0.0068861415632652705,-0.017669849726658134,258.4911087979831,0.010209601962752493,0.012674348151460227,14975.784938972949,14216.864963370801,0.052351945338678166,0.36846445688421947,46.256838099689595,-25.175338663406365,-42.48725769385308,17.311919030446717,38.64717076051532,48.810122706095946,29165000,1.0219244823386093,190.75,36.150390625,35.0,0,BUY
2021-05-05,14604.150390625,14637.900390625,14506.599609375,14617.849609375,455900,0.0083709591539336,0.008336116981918119,-0.0009056052076571453,-0.016596546720486827,0.022484626197290414,-0.0013629230880799481,14595.32744140625,14740.8299609375,14608.964078430037,14631.436884057543,0.0015407305842238877,-0.008413026187082173,250.12748607134145,0.010258740736654373,0.012379774109629376,14974.450814104883,14216.204068707619,0.05187129199297349,0.5297029536953959,49.57821392759525,-22.4728056093536,-38.484367276953186,16.011561667599587,52.236925567050896,48.31550704666916,29620900,0.9305790859545612,13.69921875,20.05078125,97.55078125,0,HOLD
2021-05-06,14668.349609375,14743.900390625,14611.5,14724.7998046875,467800,0.0073164109749706,0.007289775876840782,0.006194374913665701,-0.011420055285805253,0.02211898428256487,0.002812667598835361,14597.392431640625,14732.946953125,14626.784959392724,14638.352655956105,0.008652570815008054,-0.0005532943432552572,241.7184078251742,0.010238264976468583,0.012470544242215229,14978.856995578935,14215.927867702314,0.051812529745480826,0.6669976520634461,52.37195069834509,-11.567696546528168,-33.10103313086818,21.533336584340013,64.21411229466962,51.69940287407863,30088700,0.9556007231352183,56.4501953125,19.1005859375,56.849609375,0,HOLD
2021-05-07,14816.849609375,14863.0498046875,14765.5,14823.150390625,488000,0.006679247748155426,0.006657040403640492,0.02253305215914181,0.013126202840348489,0.0335952190256239,0.0002767104498293538,14597.5974609375,14729.7749609375,14656.99502573615,14652.041377042777,0.015216261303680203,0.006299297195726719,234.32780726623318,0.01002921498192595,0.012386198308636997,14979.54245487818,14215.652466996822,0.051533578743455544,0.7952688649739648,54.84943277998613,4.953648709066329,-25.490096762881283,30.44374547194761,75.22824208753472,63.89309331641843,30576700,0.9495364199752869,6.30078125,39.8994140625,51.349609375,0,HOLD
2021-05-10,14928.25,14966.900390625,14892.5,14942.349609375,522000,0.008041422748121585,0.008009262800994111,0.02219888757043198,0.021060274120692446,0.031574015144977485,0.0046087620909014415,14601.024951171876,14735.10794921875,14700.89573091136,14673.545690548995,0.022842770188496547,0.013869415826425658,227.85796389007368,0.009902097509497573,0.012490521473203531,14993.89674892653,14208.15315341722,0.0525850094563659,0.9343969968739577,57.71997602072306,27.350040377023106,-14.922069334900407,42.27210971192351,88.57717797852096,76.00651078690845,31098700,1.0149816739419963,14.099609375,24.55078125,35.75,0,BUY
2021-05-11,14789.7001953125,14900.0,14771.400390625,14850.75,647400,-0.006130201191218876,-0.006149068019026527,0.008553610030908931,0.02443693305280581,0.013492085125463404,0.0010718268835669953,14601.819970703125,14737.966953125,14723.950233848072,14686.671935693585,0.01676211836418192,0.007594434414086821,223.79305352292553,0.009809217386432588,0.01255827579919242,14996.640749148783,14206.999192257468,0.05317183016960857,0.8152443372864707,54.83486482618355,37.278298168133915,-4.481995834293542,41.76029400242746,78.31907959491677,80.7081665536575,30451300,1.2415142101024024,61.0498046875,49.25,18.2998046875,0,BUY
2021-05-12,14823.5498046875,14824.0498046875,14649.7001953125,14696.5,643800,-0.0103866808073666,-0.0104409988264523,-0.0085440940210052,0.005380435065808653,-0.011305408296624408,0.026951686878196934,14621.10498046875,14732.256953125,14719.727120948368,14687.399940457026,0.005130134353842752,-0.002433025082502582,222.16853574896658,0.00926556543318994,0.009784348686122536,14994.267297523638,14247.942663413862,0.050782474338092506,0.6010217485592995,50.27737947010085,32.32718050398216,2.879839433361599,29.447341070620563,54.88623338462805,73.92749698602194,29807500,1.2353686149595096,127.0498046875,0.5,46.7998046875,0,BUY
2021-05-14,14749.400390625,14749.650390625,14591.900390625,14677.7998046875,620700,-0.0012724250884564858,-0.001273235308628596,-0.017704699167359728,-0.003191893989963668,-0.014575497669937154,0.011927086366548156,14629.75498046875,14723.86595703125,14713.276764600541,14686.688819288911,0.0032732987817020625,-0.003138491664741097,217.56721176689754,0.009199836662526202,0.009365685325523954,14999.73917838227,14259.77078255523,0.050414122393924704,0.564928211108918,49.737670546070625,26.58794532333195,7.621460611355669,18.966484711976282,41.64145316819399,58.28225538257962,29186800,1.1892627222562822,71.6005859375,0.25,85.8994140625,0,BUY
2021-05-17,14756.25,14938.0,14725.349609375,14923.150390625,546400,0.01671576048197254,0.016577589783995917,0.00487520095786409,0.006746204238961662,0.01996095912455309,0.023433896542220944,14646.839990234375,14731.74595703125,14745.565014758151,14704.204491239807,0.018515554233388142,0.012826007148865457,220.61242487729774,0.008865330327026095,0.009992232465600518,15037.314341962241,14256.36563850651,0.05233135651747756,0.8538137641654125,56.35717476082862,41.36052352925253,14.369273194935044,26.99125033431749,80.70382198285378,59.07716951189195,29733200,1.0490745718454784,166.900390625,14.849609375,30.900390625,0,BUY
2021-05-18,15067.2001953125,15137.25,15043.7001953125,15108.099609375,583900,0.012393443335275034,0.012317273309973075,0.028006641674888533,0.011092632974937677,0.03238652098680239,0.03353776465764047,14671.352490234374,14738.676953125,14801.33956777613,14734.122648138831,0.028908144004399592,0.024451960590778976,220.14722376999075,0.009410278668049334,0.01029981835763147,15110.044600427587,14232.660380041161,0.05807376460782562,0.9977831934876508,60.57250953262231,67.21691964751699,24.938802485451433,42.278117162065556,95.95694998266296,72.7674083779036,30317100,1.1203530484002473,40.8994140625,29.150390625,23.5,0,HOLD
2021-05-19,15058.599609375,15133.400390625,15008.849609375,15030.150390625,569100,-0.005159432408138875,-0.005172788238334181,0.024005681411799484,0.012080224273184781,0.03681236095781748,0.046707930052324986,14704.8875,14740.89796875,14836.5412328298,14756.050629063815,0.02164069434913178,0.019244812217941647,213.31890644713425,0.008856068233534891,0.00940145202628622,15145.617528901243,14264.157471098759,0.05864612361778437,0.8690046846081989,58.028579837142765,80.49060377553178,36.049162743467505,44.441441032064276,85.14568524618585,87.26881907056755,29748000,1.0860376134270946,28.44921875,74.80078125,21.30078125,0,BUY
2021-05-20,15042.599609375,15069.7998046875,14884.900390625,14906.0498046875,480300,-0.00825677606093067,-0.008291052039504188,-0.0011459099111031934,0.014258483631306884,0.01971563554243061,0.04264356043513473,14735.369970703125,14734.10697265625,14847.234859269447,14767.161679110053,0.011450373252523398,0.011535103819200985,211.28894270537467,0.009415902744426342,0.009584799537673905,15141.875991759334,14328.863949646915,0.054542420880463696,0.7099351856341443,54.13077130534967,80.0731801682723,44.85396622842847,35.21921393984383,67.93339870839112,83.01201131241332,29267700,0.915450005717987,136.5498046875,27.2001953125,21.1494140625,1,BUY
2021-05-21,14987.7998046875,15190.0,14985.849609375,15175.2998046875,572900,0.01806313567497475,0.01790193553229923,0.004447958184681244,0.033894725818587546,0.030594643456992143,0.05339035017731275,14773.82744140625,14735.99796875,14897.706389333764,14797.394132856627,0.02645564624411825,0.028948478223923067,216.47903217731218,0.010626336358252898,0.010164761134825648,15193.781941713087,14353.872941099415,0.05534711085933423,0.9779950720696398,60.35311745672994,100.31225648545296,55.94562427983337,44.366632205619595,98.1001363085622,83.72640675437974,29840600,1.0869420860408838,187.5,14.7001953125,1.9501953125,1,BUY
2021-05-24,15211.349609375,15256.25,15145.4501953125,15197.7001953125,579800,0.001476108604989923,0.0014750202275935762,0.011147580052958572,0.01839757675162068,0.025267894800850677,0.05971199428662555,14816.644970703124,14741.18998046875,14943.859282561261,14827.046433779371,0.02507321632301356,0.030038111620635504,208.93051592803985,0.01055706588406333,0.010030441861912938,15225.979340538755,14407.310600867493,0.05386793588175718,0.9654571576305987,60.829197267750125,116.81284878967745,68.11906918180219,48.69377960787526,92.63292800408934,86.22215434034757,30420400,1.0915731606295633,13.6494140625,44.900390625,52.25,1,BUY
2021-05-25,15291.75,15293.849609375,15163.400390625,15208.4501953125,441500,0.0007073438653115716,0.0007070938155468382,0.020287091119868927,0.006642171320821122,0.017808483464377245,0.04994478393596835,14852.81748046875,14746.23498046875,14984.565576830684,14855.298564263383,0.023383889237666197,0.030391999770378528,203.3247089867513,0.010386436664877933,0.00990050552737769,15266.369670603757,14439.265290333742,0.05438452765719301,0.9299731972483584,61.07079000093716,129.26701257458808,80.34865786035937,48.91835471422871,89.15218620990791,93.29508350751983,30861900,0.8320768940821694,83.2998046875,2.099609375,45.0498046875,1,BUY
2021-05-26,15257.0498046875,15319.900390625,15194.9501953125,15301.4501953125,384000,0.006115021504864648,0.0060964006336564555,0.00831287633513722,0.01805037192819592,0.03034864874248777,0.04425020042022765,14885.2375,14750.2959765625,15033.317056597118,14888.346833230069,0.027200865930995532,0.03601973745722758,197.7265294385905,0.010062423705691477,0.009708796437016026,15331.437030488367,14439.037969511632,0.05832120809373453,0.9663975047844486,63.18618460984333,144.97022337387716,93.27297096306293,51.69725241081423,97.46563251201923,93.0835822420055,31245900,0.7283625120919544,44.400390625,18.4501953125,62.099609375,1,BUY
2021-05-27,15323.9501953125,15384.5498046875,15272.5,15337.849609375,0,0.002378821196545866,0.0023759962804964516,0.009221751466430783,0.028968090831932747,0.04363961551219675,0.03184084354429939,14908.902490234375,14753.55697265625,15080.168218562945,14921.643335166807,0.0279665748501301,0.03809482108636736,191.60676338494116,0.008914086383702665,0.009274590212115194,15396.488218204315,14421.316762264436,0.06357941176733288,0.9398684113720923,64.01048948820474,158.52488340253694,106.32335345095774,52.201529951579204,94.10834165975707,93.57538679389476,31245900,0.0,13.8994140625,46.7001953125,51.4501953125,1,BUY
2021-05-28,15421.2001953125,15469.650390625,15394.75,15435.650390625,468100,0.006376433707514062,0.006356190262519319,0.014939076131671003,0.017156207079156438,0.05163243783277882,0.03630437168551692,14935.939990234376,14761.6509765625,15134.857783495569,14959.717931867497,0.03237378327084478,0.04366511271023998,187.33490751815967,0.008707029606054644,0.00933567489269058,15474.706354115297,14397.173626353455,0.06980805476238904,0.9637542670537869,66.20037559777634,175.13985163408142,120.08665308758249,55.05319854649893,96.12645969809171,95.90014462328935,31714000,0.9326744904261872,14.4501953125,34.0,26.4501953125,1,BUY
2021-05-31,15437.75,15606.349609375,15374.0,15582.7998046875,436000,0.009533088035724946,0.00948793489109113,0.018387120552873393,0.025339334532587854,0.04420309363610686,0.06504638890590897,14983.525,14774.71697265625,15203.77194060202,15005.87214466907,0.03845745387213606,0.05185735825138233,190.55024336507682,0.007899405307077171,0.008260692765051302,15572.007671437535,14395.042328562464,0.07552977370093825,1.0091694571248737,69.23371841835586,197.89979593860699,135.6492816577874,62.25051428081957,97.67856248965148,95.9711212825001,32150000,0.8843903082181344,145.0498046875,23.5498046875,63.75,1,BUY
2021-06-01,15629.650390625,15660.75,15528.2998046875,15574.849609375,409600,-0.0005101904286871628,-0.000510320620107419,0.015451970519722469,0.024091831143677744,0.030894024534387388,0.0642810954951396,15030.5599609375,14788.0049609375,15260.86081272094,15048.018623536254,0.034946703312619745,0.05052020842396276,186.4002399327499,0.007484857066874301,0.0082758863212534,15649.416276713628,14411.703645161373,0.07946867305911165,0.9397544587986866,68.87407728330055,212.8421891900034,151.0878631642306,61.7543260257728,91.96328558559053,95.25610259111126,31740400,0.8341649186404072,54.80078125,31.099609375,46.5498046875,1,BUY
2021-06-02,15520.349609375,15597.4501953125,15459.849609375,15576.2001953125,428600,8.67158252806366e-05,8.67120656808025e-05,0.0091055317483002,0.017955814415823612,0.036330295472498886,0.07448006038095412,15084.544970703126,14805.10296875,15309.374563888872,15087.143184408636,0.031564516277681955,0.04950483538305796,182.91455036166062,0.007012744542379289,0.007774772643202139,15695.958299930475,14473.131641475777,0.07850609539691815,0.9020645291048719,68.90362953061828,222.2313794852289,165.3165664284303,56.91481305679861,92.0896444227603,93.91049749933411,32169000,0.8795583738636112,55.8505859375,21.25,60.5,1,HOLD
2021-06-03,15655.5498046875,15705.099609375,15611.0,15690.349609375,410200,0.0073284506253876724,0.007301728008600275,0.006901828043452518,0.022982361216042912,0.05261620717521431,0.07336920468193653,15138.169970703126,14827.75296875,15367.986109348276,15131.825141813624,0.03519230943980664,0.05497625369096929,179.05632634029197,0.005693368374620006,0.0077447291534903885,15764.39887186236,14511.941069543891,0.07982344775607324,0.9408768404402719,71.37715938539719,236.16096753934653,179.48544665061354,56.67552088873299,98.49451390660883,94.18248130498658,32579200,0.8457644766548781,34.7998046875,14.75,44.5498046875,1,HOLD
2021-06-04,15712.5,15733.599609375,15622.349609375,15670.25,414200,-0.001281017305247989,-0.0012818385093088212,0.006125284867442682,0.015198556810893216,0.03261551347800151,0.06420801694101974,15185.44248046875,14846.27796875,15414.488246371619,15171.708464642303,0.030938084557122596,0.05258193272283463,174.21301731598538,0.0037878722509304455,0.007764694132903832,15822.365339702028,14548.519621235471,0.08129070809122743,0.8805857432358264,70.31653037419278,242.7797817337214,192.1443136672351,50.63546806648628,92.53568190291209,94.37328007742708,32165000,0.8587570621468908,42.25,21.099609375,47.900390625,1,BUY
2021-06-07,15725.099609375,15773.4501953125,15678.099609375,15751.650390625,394000,0.0051945814919991395,0.0051811361952536165,0.011263992059199479,0.010835702701301964,0.0364496067295339,0.06263850635875867,15231.86748046875,14866.58296875,15466.359345487523,15214.667125826265,0.03299863171579858,0.056188869097918134,169.140672887165,0.003780048246830272,0.007736170796256266,15891.349681855509,14572.385279081993,0.08373499729009548,0.8940841080034887,72.12316864087458,251.69221966539772,204.05389486686767,47.63832479853005,97.54658606951504,96.19226062634533,32559000,0.8249149437320056,26.55078125,21.7998046875,47.0,1,HOLD
2021-06-08,15773.900390625,15778.7998046875,15680.0,15740.099609375,378200,-0.0007333060957773752,-0.0007335750962069031,0.003170738781389293,0.010610054295518312,0.03495750107570883,0.05338852461994881,15271.75498046875,14885.0899609375,15508.473232239441,15253.588050533628,0.029754870714242397,0.054320472529172964,164.1163251586175,0.003926845384821361,0.007688099724023683,15952.525560881057,14590.984400056443,0.08650143230438409,0.8439812488825197,71.45853820843071,254.88518170969655,214.22015223543346,40.66502947426309,95.67063198569295,95.25096665270671,32180800,0.8039367819146093,33.80078125,4.8994140625,60.099609375,1,BUY
2021-06-09,15766.2998046875,15800.4501953125,15566.900390625,15635.349609375,457900,-0.006654976944212576,-0.0066772200430738555,-0.0022271751009077523,0.0037974225626800084,0.021821422793297574,0.05283232223120038,15310.9849609375,14906.8089453125,15527.992674875682,15281.866684521912,0.0207455961357596,0.04659573864761332,169.07585941068055,0.004915427484394037,0.007720405676866166,15980.5249446596,14641.444977215398,0.08564438921412325,0.7422294831695883,65.55841319844117,246.12599035739913,220.60131985982662,25.524670497572515,79.73232664109975,90.98318156543593,31722900,0.9933616799722297,130.9501953125,34.150390625,68.44921875,1,BUY
2021-06-10,15692.099609375,15751.25,15648.5,15737.75,298300,0.0065492869160790335,0.006527933518834105,-0.0008824720127913466,0.003020990086586517,0.02607278078802966,0.07085020242914974,15363.0474609375,14935.0659375,15560.263032587114,15315.635819001805,0.023809155632952637,0.05100373703356582,165.27761164027478,0.005108082931714557,0.007126293098000024,15994.196492820716,14731.898429054283,0.080208293038486,0.7968415700042109,68.31279000484845,244.62721358870476,225.40649860560228,19.220714983102482,90.42745109732824,88.61013657470698,32021200,0.6723238333502357,45.650390625,13.5,43.599609375,1,HOLD
2021-06-11,15796.4501953125,15835.5498046875,15749.7998046875,15799.349609375,363000,0.003914130633349666,0.003906490354253145,0.003764270968444894,0.00823851625692007,0.02356228662518145,0.07641130275733299,15419.124951171874,14960.90693359375,15597.045582862174,15351.466470140598,0.024065842430469952,0.05306817663454555,160.45776828650514,0.004962494495449491,0.00703913924939417,15993.519766320991,14844.730136022758,0.07271119753034429,0.8309784909040185,69.8735946329658,245.5791127247594,229.4410214294337,16.138091295325694,94.61426365103787,88.25801379648863,32384200,0.8426183844011123,2.8994140625,36.2001953125,46.650390625,1,HOLD
2021-06-14,15791.400390625,15823.0498046875,15606.5,15811.849609375,392900,0.0007911718082738162,0.0007908589968395644,0.011288522764733688,0.00382177214813173,0.014698886436222969,0.05955171632581657,15463.559912109375,14980.24193359375,15630.09235617184,15385.568924898733,0.022027131921310523,0.05259395303685291,164.46434231514763,0.004277852517480552,0.006358535880074299,16014.63152192641,14912.488302292339,0.06970362398214315,0.8160112869727101,70.19442742416348,244.523431276084,232.45750339876378,12.065927877320235,96.30031068304537,93.78067514380383,32777100,0.9285672082717851,20.44921875,11.2001953125,184.900390625,1,HOLD
2021-06-15,15866.9501953125,15901.599609375,15842.400390625,15869.25,323300,0.003630213545097627,0.003623640223476974,0.008355705231052779,0.008205182548405077,0.01890229427626644,0.050380286753781034,15501.617431640625,15003.8129296875,15666.88583983771,15421.397152684043,0.02316634802270901,0.05453547397088712,159.12760357835137,0.004265414160849812,0.005960528369454701,16054.367740635014,14948.867122646236,0.06966306649581919,0.8325484964697452,71.68560132921634,245.48868715645403,235.06374015030184,10.424947006152195,94.85779216948826,95.25745550119052,33100400,0.7883539179946091,2.2998046875,32.349609375,24.5498046875,1,HOLD
2021-06-16,15847.5,15880.849609375,15742.599609375,15767.5498046875,340200,-0.006408632752808119,-0.006429256198967984,-0.0020127287181891385,0.008455211978965371,0.012284742554386607,0.04906134635368975,15538.48740234375,15021.81693359375,15682.372603660755,15447.038089869506,0.014527457035566358,0.047295418776610025,157.63634617989769,0.005000480346892153,0.00605063073987931,16057.893887082684,15019.080917604815,0.06588296738210034,0.7205039877949944,65.43879893561534,235.33451379385042,235.11789487901157,0.21661891483884688,74.59251252170243,88.58353845807869,32760200,0.8533801580333604,79.9501953125,33.349609375,24.9501953125,1,HOLD
2021-06-17,15648.2998046875,15769.349609375,15616.75,15691.400390625,357600,-0.0048295020472909345,-0.004841201776747716,-0.0076176552222317895,-0.002945122992486171,6.696990673638048e-05,0.052686700784438045,15577.754931640626,15042.8889453125,15683.761493962947,15465.139001036594,0.007242531332784867,0.04132909932627562,157.27657926526214,0.004828857999792686,0.005774724170626935,16011.686210038151,15143.8236532431,0.05530816467557384,0.6309486831687118,61.14246304473457,218.6224929287764,231.81881448896456,-13.196321560188153,60.159330102801974,76.53654493133091,32402600,0.9110479854273063,43.1005859375,77.94921875,31.5498046875,1,BUY
2021-06-18,15756.5,15761.5,15450.900390625,15683.349609375,640800,-0.000513069646403852,-0.0005132013116724437,-0.01171450387541939,-0.007342074380781383,0.0008359540769931062,0.03347873262645984,15603.157421875,15062.8859375,15683.698127103264,15481.302749802413,0.0051132053736827,0.03956193589563977,168.22822427310055,0.004811995167169772,0.004509772172508551,15997.557256664868,15208.75758708513,0.050295357128825234,0.6016635662919642,60.68880601497693,202.3953773031044,225.93412705179256,-23.53874974868816,51.575243328508655,62.109028651004365,31761800,1.6185496703796276,73.150390625,5.0,232.44921875,1,BUY
2021-06-21,15525.849609375,15765.150390625,15505.650390625,15746.5,351500,0.004026588209654625,0.0040185031994205474,-0.0013350079719578467,-0.004132951614734148,-0.0003269746659730899,0.036110713965575414,15630.597412109375,15081.43494140625,15693.35995370276,15500.946990557803,0.007360530142611056,0.04223573864628643,174.74763682502194,0.004686986131325476,0.004540328722025908,15982.406627242206,15278.788196976544,0.04468411585213616,0.6647236384160652,63.00738776718235,192.4129631470587,219.22989427084582,-26.81693112378713,65.58689189540557,59.10715510890541,32113300,0.9141861402618996,220.650390625,18.650390625,20.19921875,1,HOLD
2021-06-22,15840.5,15895.75,15752.099609375,15772.75,322200,0.0016670371193598932,0.0016656491552922152,0.005184343484320397,-0.0060809427036564445,0.0020743445997986054,0.03710435957908631,15658.81240234375,15099.4139453125,15705.573806979259,15521.080546812793,0.0072236989527032155,0.04268983244440565,172.9263770518061,0.0047079738865280964,0.004533405392173419,15957.11627136929,15360.50853331821,0.03782521995537111,0.6909757289232539,63.95895932215059,184.49326016842315,212.2825674503613,-27.789307281938164,71.41117534386673,62.85777018926033,32435500,0.8511874884421292,67.75,55.25,20.650390625,1,HOLD
2021-06-23,15862.7998046875,15862.9501953125,15673.9501953125,15686.9501953125,287500,-0.005439749231269109,-0.005454598542621072,0.00022958016158414196,-0.005111739640805801,0.003300251495915285,0.025193690472429475,15678.08740234375,15116.45595703125,15702.708635953604,15533.367187442407,0.0005649787153272366,0.03636744116467725,174.07449297667708,0.0045229253545515085,0.004692468984611883,15927.318005302912,15428.856799384588,0.03177553314775434,0.5177803063969726,58.64857906328018,169.34144851301426,203.69434366289192,-34.35289514987767,52.374132207767445,63.12406648234659,32148000,0.7693233967969367,175.849609375,0.150390625,13.0,1,HOLD
2021-06-24,15737.2998046875,15821.400390625,15702.7001953125,15790.4501953125,316700,0.006597840798329813,0.006576170313444658,0.002791108837678191,0.006312362327245191,0.003348648651331887,0.029508738021583936,15700.717431640625,15146.04896484375,15716.207337393434,15552.410373210572,0.005682723580516558,0.04080955403412401,171.24418600066443,0.0045303531527846495,0.004838205641404125,15899.312871778046,15502.121991503205,0.02515386675883054,0.7259184893899306,62.67452809979078,163.79696418455387,195.71486776722435,-31.917903582670476,75.33844980455716,66.37458578539713,32464700,0.8130102171792349,53.150390625,30.9501953125,34.599609375,1,HOLD
2021-06-25,15839.349609375,15870.7998046875,15772.2998046875,15860.349609375,314600,0.0044266891189239654,0.004416920149496724,0.0055538577213865015,0.01128585438752161,0.003860918424376303,0.027514177116109373,15721.952392578125,15173.1599609375,15738.383071544446,15575.22068700054,0.008725987774889202,0.043327522114096635,166.04817271490268,0.004577888285792103,0.0047529529970889665,15891.30655924194,15552.59822591431,0.021355666279097785,0.9086029281780181,65.14277454202238,163.16238454548147,189.20437112287578,-26.04198657739431,90.84755458098961,72.85337886443808,32779300,0.8238513610831032,21.0,10.4501953125,67.0498046875,1,HOLD
2021-06-28,15915.349609375,15915.650390625,15792.150390625,15814.7001953125,255100,-0.0028782098242977616,-0.0028823598351750412,0.008143711710015822,0.0043311336050868565,0.00018028162472583098,0.014881818000077374,15733.547412109376,15197.8249609375,15750.12416750876,15592.95990983847,0.005131477815000127,0.0390064450641842,163.00901752098108,0.004688319145443721,0.00443015594420969,15894.764031270535,15572.330792948216,0.0203881979639354,0.7516886398704606,62.24774377989969,157.1642576717586,182.79634843265237,-25.63209076089376,78.27860240720818,81.48820226425165,32524200,0.6842444074888668,100.6494140625,0.30078125,22.5498046875,1,HOLD
2021-06-29,15807.5,15835.900390625,15724.0498046875,15748.4501953125,360300,-0.0041891404314852165,-0.004197939462444536,-0.002659835500603225,-0.0015406194029259357,-0.007612193688265045,0.0111462126628179,15742.22744140625,15220.43697265625,15749.86663332472,15604.477708762477,0.00039513436745044464,0.0335279482176228,159.35484383644672,0.004672804133068743,0.004559642308121834,15886.091428318445,15598.363454494056,0.01827024057961148,0.5216272120608126,58.20494459441894,145.38892456360736,175.3148636588434,-29.925939095236032,64.02362661377084,77.71659453398955,32163900,0.972850373290489,59.0498046875,28.400390625,24.400390625,1,HOLD
2021-06-30,15776.900390625,15839.099609375,15708.75,15721.5,262400,-0.0017112919035373597,-0.0017127578361914226,-0.008754511268334597,0.0022024551781789636,-0.002920542840068263,0.009328321597408928,15749.492431640625,15247.67796875,15745.502535890148,15613.146026631926,-0.0017805191387987788,0.030138474779760185,157.2830413749148,0.004258991286354829,0.004587195280947587,15872.206092144273,15626.778771136977,0.01561093540739096,0.38594410953873115,56.59468851842023,132.35650925949085,166.7231927789729,-34.36668351948205,58.2247680204411,66.84233234714006,31901500,0.7247717825132215,55.400390625,62.19921875,12.75,1,BUY
2021-07-01,15755.0498046875,15755.5498046875,15667.0498046875,15680.0,224900,-0.002639697229908089,-0.0026431873739428875,-0.008517404291510045,-0.006994746441446487,-0.0007265374881270104,-0.0006596162375385184,15748.974951171875,15275.3499609375,15735.425222676278,15618.098172807342,-0.004398912702287924,0.025806762695312537,152.3699669909923,0.004050521047167296,0.004338052803139858,15872.76443479637,15625.185467547379,0.01578947495210407,0.22140221789225148,54.112124182351074,117.32704987011675,156.84396419720167,-39.51691432708492,49.29523601398601,57.181210216066,31676600,0.6375077952264849,75.0498046875,0.5,12.9501953125,1,HOLD
2021-07-02,15705.849609375,15738.349609375,15635.9501953125,15722.2001953125,254800,0.002691338986766656,0.0026877238189711517,-0.0016668306833019786,-0.00871036373503653,0.002477186755709182,0.003315211647070049,15751.5724609375,15301.67095703125,15733.39060308185,15625.809433733652,-0.0018682032578211589,0.026747480190885006,148.80064178181428,0.004136990668161035,0.004368305413405949,15870.739159099998,15632.405762775,0.015159035845126498,0.3767597572212527,56.21540482284082,107.5811693492924,146.99140522761982,-39.41023587832743,58.37542865788058,55.298477564102576,31931400,0.7389576868420268,16.3505859375,16.1494140625,69.8994140625,1,HOLD
2021-07-05,15793.400390625,15845.9501953125,15762.0498046875,15834.349609375,207000,0.007133188273225066,0.007107867426692256,0.00717804340393724,0.0012424778098749645,0.0055789927523577365,0.005250193897092803,15755.707421875,15331.53095703125,15748.92275789618,15641.256854151534,0.004966556217341454,0.031754929299151524,147.0113102259704,0.004547903701024014,0.004504931295045146,15880.217342721553,15631.197501028448,0.015726559526364682,0.815806913073631,61.29297871890817,107.66590374566294,139.12630493122845,-31.4604011855655,82.50655594405595,63.392406871974195,32138400,0.6170631371847594,40.94921875,11.6005859375,31.3505859375,1,HOLD
2021-07-06,15813.75,15914.2001953125,15801.0,15818.25,391400,-0.0010167521731027085,-0.0010172694162285671,0.008816964285714324,0.004432169757775606,0.002884722068123846,0.00496505057556651,15759.61494140625,15358.19595703125,15759.588487450614,15654.36745754772,0.0037067980714523244,0.02908375091863827,144.59623058929392,0.00455487933004803,0.004508703000602065,15886.796856815492,15632.433025997007,0.016080402751156762,0.7305164944416265,60.21345674422498,105.22102990383792,132.34524992575035,-27.124220021912436,79.04241191500807,73.30813217231488,31747000,1.1644650719980925,4.5,95.9501953125,12.75,1,HOLD
2021-07-07,15819.599609375,15893.5498046875,15779.7001953125,15879.650390625,329300,0.0038816171589777237,0.003874103121228537,0.01001451408559495,0.010059497543173368,0.012284108313806108,0.015624900456560065,15771.82998046875,15382.72796875,15778.05954947744,15671.055082220115,0.006789847855838468,0.031293032884928795,142.4000433597015,0.004189469234563384,0.004267652353982595,15895.812794418232,15647.847166519268,0.015615307755475377,0.9348199831923771,62.89735535176366,107.0044672582062,127.27709339224153,-20.27262613403532,92.25389994620764,84.60095593509057,32076300,0.9988170705814523,60.05078125,13.8994140625,39.8994140625,1,HOLD
2021-07-08,15855.400390625,15885.75,15682.900390625,15727.900390625,307900,-0.0095562557277451,-0.009602209739377547,-0.006722677051855364,0.0030548718510841066,-0.003961242644371699,-0.0006258588028784651,15771.3375,15399.99498046875,15770.342755807835,15675.265845805663,-0.002761786907099907,0.020848644892976727,146.7178695036514,0.0049372137360336925,0.0046269356106959795,15895.934613794027,15646.740386205973,0.01584408734789496,0.32568974492004776,53.323426520789894,95.07691000298655,120.83705671439054,-25.76014671140399,54.207317073170735,75.16787631146217,31768400,0.9325498985371145,127.5,30.349609375,45.0,1,BUY
2021-07-09,15688.25,15730.849609375,15632.75,15689.7998046875,243200,-0.0024224839292732447,-0.0024254228908178565,-0.008120379644556142,-0.002060805117763409,-0.01075321849063704,-0.0069338173656525726,15765.860009765625,15415.89296875,15757.951532558553,15676.342435352466,-0.00484774860259221,0.017457637404377013,143.24513663731915,0.004662866599058998,0.0045597483348800575,15894.612379319658,15637.107640211592,0.016412238671849322,0.2046259989552656,51.21554010522436,81.6090972068414,112.99146481288072,-31.382367606039324,20.166039559529153,55.54241885963585,31525200,0.7502005058917862,1.5498046875,41.0498046875,55.5,1,BUY
2021-07-12,15766.7998046875,15789.2001953125,15644.75,15692.599609375,216300,0.00017844744498685117,0.00017843152513541638,-0.01177927578055693,-0.008952056983513534,-0.007720701905793326,-0.007541812181751095,15759.897509765626,15437.12296875,15747.897390530314,15677.546670465246,-0.00428851191426696,0.01628007130650134,143.3312122569749,0.004631298190409974,0.004553817168379842,15890.608548470898,15629.186471060353,0.016658940132160613,0.24256994260977574,51.36767713553321,70.35072006576593,104.46331586345777,-34.11259579769184,21.155718181504366,31.843024938068098,31741500,0.6859045504994429,74.2001953125,22.400390625,47.849609375,1,HOLD
2021-07-13,15794.0,15820.7998046875,15744.599609375,15812.349609375,246700,0.007630985495128417,0.0076020168050800795,0.005369389216143494,-0.0003730115926224853,0.004057504914453114,-0.0035855752871118973,15757.052490234375,15460.686953125,15757.81311650642,15687.532073347453,0.0034970842731582305,0.02223974709245632,142.25042533236956,0.005140676968407802,0.00481887868839753,15880.388009130893,15633.716971337857,0.015599897794239684,0.7241735374961074,57.47597574564642,70.28104315961536,97.6268613226893,-27.34581816307393,63.4851047671649,34.93562083606616,31988200,0.7919234720082152,18.349609375,8.4501953125,49.400390625,1,HOLD
2021-07-14,15808.7001953125,15877.349609375,15764.2001953125,15853.9501953125,0,0.0026308921169333477,0.00262743737830436,0.010462236145037274,-0.0016184358395996412,0.008424781052221553,0.005479633278171914,15761.372509765624,15487.83595703125,15772.60343632274,15699.85934164116,0.005839408122667621,0.02309293480620991,140.17178167023602,0.005124300034986331,0.004622729227109375,15891.728922243905,15631.016097287344,0.016444660273604594,0.8550944820664097,59.384491503025735,72.74409468217891,92.65030799458722,-19.906213312408312,78.1901342814733,54.27698574338086,31988200,0.0,45.25,23.3994140625,44.5,1,HOLD
2021-07-15,15872.150390625,15952.349609375,15855.0,15924.2001953125,284900,0.004431072328003882,0.0044212840314639245,0.01475858632110505,0.012480992364658494,0.015573992047991148,0.014836139470801424,15773.0125,15513.96296875,15795.926014628856,15716.477182653856,0.009494209659396482,0.02576187322006029,137.1880411268263,0.0050767073695075545,0.004546808907060595,15917.145037368517,15628.879962631485,0.018102326722938735,1.0244745498544872,62.44934992159914,79.44883197555828,90.01001279078145,-10.561180815223167,91.19228771350872,77.62250892071565,32273100,0.9794585302965158,52.0498046875,28.1494140625,17.150390625,1,HOLD
2021-07-16,15958.349609375,15962.25,15882.599609375,15923.400390625,276300,-5.0225736783704455e-05,-5.022699813825734e-05,0.00702304110352836,0.014888691305526391,0.012797203496523801,0.015306091315244741,15785.0150390625,15537.93498046875,15815.537457089802,15731.804827688757,0.008690690943372551,0.024207480858372137,133.07820894812443,0.005082738309611416,0.004541235297985103,15937.04582966355,15632.984248461451,0.019095266949458664,0.9551227781373826,62.3916244997118,83.73262940156383,88.75453611293793,-5.0219067113741005,88.20952674506829,85.86398291335011,31996800,1.0133871263524628,34.94921875,3.900390625,40.80078125,1,HOLD
2021-07-19,15754.5,15836.900390625,15707.5,15752.400390625,242100,-0.010738912280361723,-0.010796990571541962,-0.006405331380284318,0.003810763209320278,-0.005175407943593724,0.00037471124535604083,15785.31005859375,15556.51998046875,15805.824062249063,15733.330424943295,-0.0020891843244624547,0.012434956279604652,138.99407906790125,0.00587750902859009,0.005144083284546261,15937.063393174669,15633.556724012831,0.019267328256998142,0.39156855083275527,51.44294245092667,72.49363730625191,85.50235635160072,-13.008719045348812,36.31271339150228,71.9048426166931,31754700,0.9061306984055659,2.099609375,82.400390625,44.900390625,1,HOLD
2021-07-20,15703.9501953125,15728.4501953125,15578.5498046875,15632.099609375,274300,-0.0076369809214345,-0.007666291987629491,-0.01834318724675943,-0.011399317903591721,-0.011768077418488176,-0.00891730298299287,15778.2775390625,15570.31498046875,15779.09722334536,15725.831846012308,-0.009351138576409297,0.0039524203689948936,141.48382955858688,0.006299478570300151,0.0054025787503135655,15944.09185258273,15612.46322554227,0.021214592750008643,0.05921196854418641,45.40613765907238,53.26537733349869,79.05496054798033,-25.789583214481638,13.956157787172094,46.15946597458089,31480400,1.0359348150386123,71.8505859375,24.5,53.5498046875,1,HOLD
2021-07-22,15736.599609375,15834.7998046875,15726.400390625,15824.0498046875,265300,0.012279233123449584,0.012204454864528006,-0.006239282031493265,-0.0018859899429884974,-0.003501373428871246,0.008739723634487495,15785.13251953125,15589.7809765625,15786.013005090304,15733.10725035862,0.0024593758005439547,0.014804606343921058,145.8564271124378,0.007493560447226304,0.005962319120870737,15946.555277703945,15623.709761358554,0.020402205524514692,0.6205446047266618,54.56737185075844,52.90575473210083,73.82511938480442,-20.919364652703592,63.98224525271755,38.08370547713065,31745700,1.0061628899213009,87.4501953125,10.75,10.19921875,1,HOLD
2021-07-23,15856.7998046875,15899.7998046875,15768.400390625,15856.0498046875,294100,0.002022238326785386,0.0020201963552988087,0.0065799123620668976,-0.00427967431890619,0.00814790346325478,0.004154384996222227,15788.4125,15612.97197265625,15796.787897336028,15742.214106234835,0.004265709651561773,0.015330289386413792,144.82378332315653,0.0067682109695661125,0.005799654431263219,15952.773293683356,15624.051706316644,0.020731619250434773,0.7057586337076784,55.89609146827747,54.573791101578536,69.97485372815925,-15.40106262658071,72.32208984777645,50.086830962555375,32039800,1.1201889199946633,0.75,43.0,87.6494140625,1,HOLD
2021-07-26,15849.2998046875,15893.349609375,15797.0,15824.4501953125,267100,-0.0019929055322251976,-0.001994894010794567,0.012304846485378107,-0.006214137237342654,0.008582033697126734,-0.002263469276949648,15786.617529296875,15635.90498046875,15801.043635486254,15748.305668388735,0.002390772857740872,0.011914803517129547,141.36134232685964,0.006746585333038096,0.005732025484541863,15948.563002764222,15624.672055829527,0.020467753567238445,0.6168068029472793,54.21007461698429,52.73796709787712,66.52747640210282,-13.789509304225703,64.08659511489938,66.79697673846447,31772700,1.0266364300265172,24.849609375,44.0498046875,27.4501953125,1,HOLD
2021-07-27,15860.5,15881.5498046875,15701.0,15746.4501953125,311000,-0.004929081202650898,-0.004941269190283573,-0.004903903256928133,-0.00037773260994822255,0.0034315911498390417,-0.004315605048284765,15783.205029296874,15652.3709765625,15792.644644690292,15748.168225938643,-0.002334166337713098,0.005974630318775293,144.16051820976253,0.006994006467448904,0.005802299657710434,15945.515569525587,15620.894489068161,0.02061550866582367,0.3867761947777095,50.18604632717958,44.47641875198133,62.11726487207853,-17.6408461200972,43.75822391444329,60.05563629237306,31461700,1.1826668948339087,114.0498046875,21.0498046875,45.4501953125,1,BUY
2021-07-28,15761.5498046875,15767.5,15513.4501953125,15709.400390625,318600,-0.002352898858342667,-0.0023556712745251398,-0.009248798778315304,0.004945003114209978,-0.006510684451914828,-0.0024795966716218976,15781.2525390625,15664.3969921875,15779.837836372553,15745.296534433928,-0.004573831378082343,0.0028647432313430245,152.00975295817236,0.006539303529169508,0.00575015310352704,15946.107954010618,15616.39712411438,0.020988123142688577,0.28207525527628524,48.35012272718049,34.54130193893252,56.60207228544933,-22.06077034651681,43.660935959840806,50.501918329727836,31143100,1.2212511499539973,52.1494140625,5.9501953125,195.9501953125,1,BUY
2021-07-29,15762.7001953125,15817.349609375,15737.7998046875,15778.4501953125,401600,0.004395444954646832,0.0043858132000563635,-0.0029068940425890366,-0.0028816649301427466,-0.004762220082053958,0.0036224403086537738,15784.100048828124,15679.36298828125,15779.624353132544,15747.752361165674,-0.00035807404692399664,0.006279907456353843,148.86257194330287,0.006659879787958736,0.005822244037986721,15946.680404441804,15621.519693214444,0.020607899204445255,0.4826244274876235,51.88302142798611,31.871991967156646,51.6560562217908,-19.784064254634153,59.04637150734054,48.82184379387488,31544700,1.499402628434881,15.75,38.8994140625,24.900390625,1,BUY
2021-07-30,15800.599609375,15862.7998046875,15744.849609375,15763.0498046875,400000,-0.000976039499086867,-0.000976516135808173,0.001054181048369962,-0.005865269165117426,-0.010119842042204175,0.0052965436662946175,15788.2525390625,15696.50298828125,15777.074422602536,15748.885505130254,-0.0015988488704454281,0.00422169676749104,146.65454504110266,0.006434587035397118,0.005791386791779087,15944.087894015593,15632.417184109407,0.01977223403896774,0.41913666066662186,51.0444037902073,28.188917472549292,46.9626284719425,-18.77371099939321,55.61491042733332,52.7740726315049,31144700,1.4461577396554477,37.5498046875,62.2001953125,18.2001953125,1,BUY
2021-08-02,15874.900390625,15892.900390625,15834.650390625,15885.150390625,244800,0.007746000136419795,0.007716153904229494,0.011187568947881976,0.003835848611693393,-0.0024021251153441003,0.010364337897254439,15796.400048828125,15710.7,15793.701494605992,15758.979200352087,0.005587000413244609,0.010981979165142517,145.4542622479882,0.0070088558298312086,0.006008376648905644,15954.591029912208,15638.209067744043,0.0199168376998738,0.7805164402796171,56.981387127413996,34.722294254152075,44.51456162838442,-9.792267374232345,82.82093517650156,65.82740570372515,31389500,0.8866513337800364,10.25,7.75,40.25,1,BUY
2021-08-03,15951.5498046875,16146.900390625,15914.349609375,16130.75,341300,0.015460955882416139,0.015342653128218075,0.022327909289352244,0.024405488216125093,0.02401853685741595,0.01871882318737672,15811.220068359375,15729.36099609375,15845.555110820455,15786.517778103787,0.019808746130255902,0.024883468152829213,153.76110065884617,0.0075176365867133214,0.006734545076062094,16026.198668971865,15596.241467746884,0.026654507770871222,1.243166833184831,65.93121591001271,59.03733271689816,47.41911584608717,11.61821687081099,97.4504087701745,78.62875145800314,31730800,1.2068172978324627,179.2001953125,16.150390625,37.2001953125,1,BUY
2021-08-04,16195.25,16290.2001953125,16176.150390625,16258.7998046875,427300,0.007938242467802281,0.007906900379200192,0.03145013218524362,0.034972653341394766,0.04009059633529022,0.02785072967537494,15833.24755859375,15750.36798828125,15909.131217569231,15821.501631924804,0.026173656801596203,0.0312711776092886,154.1674645626786,0.00678442978706929,0.006892786794337662,16123.644868332905,15542.850248854595,0.03572186301911809,1.2327069360159753,69.4946613015519,87.62958564464134,55.461209805798006,32.16837583884333,95.95746499839073,92.0762696483556,32158100,1.5013791043727218,63.5498046875,31.400390625,19.099609375,1,HOLD
2021-08-05,16288.9501953125,16349.4501953125,16210.2998046875,16294.599609375,418200,0.0022018725316477195,0.002199451962862978,0.025775595992572065,0.03271230112421564,0.029736370303138804,0.02613087873741704,15853.99501953125,15770.2309765625,15968.434047077812,15856.545926550745,0.02703991508881571,0.03218051657500121,153.09481642427298,0.006127938604729168,0.006871118029070334,16207.190811338338,15500.799227724163,0.04335126977945238,1.1237398633606601,70.42600481036934,111.8881205272628,66.74659195009096,45.14152857717184,93.4389251270933,95.6155996318862,32576300,1.4468085106382929,5.6494140625,54.8505859375,78.650390625,1,HOLD
2021-08-06,16304.400390625,16336.75,16223.2998046875,16238.2001953125,320100,-0.003461233501561467,-0.0034672374282357825,0.006661202691288448,0.030143303263794996,0.024101235511509556,0.03244551351505742,15879.510009765625,15788.23798828125,16009.93653142161,15884.816613125691,0.02208928213918797,0.027710103436287343,150.26305777343208,0.00645683253326662,0.006488160716552048,16264.84877082557,15494.17124870568,0.04746077230544083,0.9654218856147065,66.95773091871791,125.11991829609906,78.42125721929258,46.698661076806474,86.69258373205741,92.02965795251383,32256200,1.1050887247117271,66.2001953125,32.349609375,14.900390625,1,BUY
2021-08-09,16281.349609375,16320.75,16179.0498046875,16258.25,240500,0.0012347307242392969,0.0012339690711517842,-3.3815822453320266e-05,0.02348731993089559,0.02741326234613828,0.03623055758446769,15907.93251953125,15804.68998046875,16048.138603510592,15912.478345486754,0.021547059521704343,0.027897222611981663,149.6514247405084,0.006291220078083778,0.006419472640063302,16316.277236881793,15499.587802180708,0.05023230880944048,0.9289482214203487,67.56917751986822,135.66025802400873,89.86905738023582,45.79120064377291,89.09088572816985,89.74079819577354,32496700,0.830670926517569,23.099609375,39.400390625,79.2001953125,1,BUY
2021-08-10,16274.7998046875,16359.25,16202.25,16280.099609375,288000,0.0013439090538649445,0.0013430068163520583,-0.0008898653754988439,0.009258689730793579,0.03389014079004049,0.03743802904708149,15937.30751953125,15818.6359765625,16083.824912105116,15939.709550219217,0.021055896343923512,0.028345258560135773,150.1763229733292,0.005730933938889984,0.0064092541733145065,16363.595992048835,15511.019047013666,0.05236927079636584,0.9020658684697453,68.2585184713808,144.11536188605714,100.71831828140009,43.39704360465706,90.64194739862302,88.80847228628345,32784700,0.9825662720480333,5.2998046875,79.150390625,72.5498046875,1,BUY
2021-08-11,16327.2998046875,16338.75,16162.5498046875,16282.25,277900,0.00013208706805212245,0.00013207834532344713,0.0027127270361044786,0.001442307894444994,0.03646540256984365,0.02971730338838441,15960.8025390625,15832.783984375,16114.351848704327,15965.082916869647,0.01974220153464658,0.02760466247754452,152.0351709975557,0.005505466254791455,0.006271678004903222,16408.226236618346,15513.378841506657,0.054958460600450704,0.8592204242786206,68.32986689287236,149.26893183482935,110.42844099208594,38.84049084274341,90.89619085116135,90.20967465931808,33062600,0.9430888790850751,45.0498046875,11.4501953125,119.7001953125,1,BUY
2021-08-12,16303.650390625,16375.5,16286.900390625,16364.400390625,280200,0.005045395484346349,0.005032710127087298,0.006529016999061943,0.004283675752906557,0.037136105768269756,0.03219703537755669,15986.325048828125,15848.54798828125,16152.82085515366,15994.661988999675,0.023103525504880148,0.03152284165812003,147.836230212016,0.00551969749660881,0.006317986129523668,16463.689827168335,15508.960270487916,0.05834186000651595,0.8960025529224643,71.01071177748216,158.15886615412455,119.97452602449366,38.1843401296309,98.71241669394918,93.4168516479112,33342800,0.9077361669042345,60.75,11.099609375,16.75,1,HOLD
2021-08-13,16385.69921875,16543.599609375,16376.2998046875,16529.099609375,321900,0.010064482340847336,0.010014172717061967,0.015294746713749419,0.017914510879504686,0.04859781667756313,0.037986172406985874,16016.57001953125,15865.32298828125,16210.709894264635,16034.249960879331,0.031007713786965953,0.04015806285765668,150.07644367901486,0.0055915929418416865,0.0065711306979285376,16547.952220794115,15485.187818268385,0.06429656954350678,0.9822607801171236,75.49019786730989,176.45993338543485,131.2716074966819,45.188325888752956,98.59243719386126,96.06701491299062,33664700,1.0366148198241683,143.400390625,14.5,9.3994140625,1,HOLD
2021-08-16,16518.400390625,16589.400390625,16480.75,16563.05078125,254000,0.002054024277023725,0.0020519176533692787,0.017245821753750334,0.01874745321605964,0.04267510057853019,0.040170464532286676,16048.5525390625,15883.17900390625,16264.916184570076,16073.4203920179,0.03106301181965407,0.04104749700540614,147.11743988944235,0.005544573190652433,0.006555319070648056,16628.438429761987,15468.666648363016,0.07002162806334426,0.9436202453261475,76.30308520852219,191.49579255229582,143.3164445078047,48.17934804449112,97.55103819026242,98.28529735935763,33918700,0.8209039639319334,44.650390625,26.349609375,37.650390625,1,HOLD
2021-08-17,16545.25,16628.55078125,16495.400390625,16614.599609375,297400,0.0031122785775283823,0.0031074454639570138,0.015289238394175175,0.0205465573323258,0.029995481262495627,0.054734465692170664,16091.6625,15900.43798828125,16318.713634540065,16113.50774145176,0.03147455380627564,0.0429839802272921,146.11979351341077,0.003885033707741633,0.005831272974772781,16704.340563473183,15478.98443652682,0.07375176987442657,0.9267633693375759,77.52206279399199,205.20589308841772,155.6943342239273,49.51155886449041,98.43377417010095,98.19241651807488,34216100,0.9526555192517108,69.349609375,13.951171875,49.849609375,1,HOLD
2021-08-18,16691.94921875,16701.849609375,16535.849609375,16568.849609375,251800,-0.00275360231817956,-0.002757400455017452,0.0024048496856692303,0.01760196590612484,0.019069661254953907,0.05992477168186716,16138.5,15917.01298828125,16357.196092206977,16147.236768705336,0.025973415144736375,0.03934109105106045,147.53980826245288,0.003835692930128217,0.00546723634041023,16746.695117720505,15530.304882279495,0.0734142842815563,0.853792390661637,73.88925687325138,209.95932350174917,166.5473320794917,43.41199142225747,86.10240334378265,94.02907190138201,33964300,0.809503142531061,123.099609375,9.900390625,33.0,1,HOLD
2021-08-20,16382.5,16509.55078125,16376.0498046875,16450.5,350800,-0.007142898400624986,-0.007168531033199722,-0.006795292892382565,0.005261397137674928,0.009567611009926535,0.039588487336972955,16169.822509765625,15933.31599609375,16371.55053955975,16169.7007117642,0.01706194281233853,0.031438801489696355,150.77266514995625,0.0047762674332263695,0.005443727613405232,16774.528982097923,15565.116037433327,0.0735183091495454,0.7320774649154119,65.35690481661825,201.84982779565144,173.60783122272366,28.241996572927775,71.0159322171322,85.18403657700527,33613500,1.112485332825925,68.0,59.05078125,6.4501953125,1,BUY
2021-08-23,16592.25,16592.5,16395.69921875,16496.44921875,275600,0.0027931806783987323,0.002789286998064274,-0.007111239115165424,-0.0019753278397863783,0.0159037960076418,0.04038833265225872,16201.84248046875,15948.48998046875,16390.765720973635,16193.90430487426,0.017858797028053666,0.03321679902232747,154.0603877285308,0.004536023209413008,0.005446941339947694,16804.515810639616,15599.169150297885,0.07306703669124893,0.7444166047608085,66.95249771788093,196.86141609946935,178.2585481980728,18.602867901396564,73.91741071428571,77.01191542506686,33889100,0.8765763903245786,95.80078125,0.25,100.75,1,BUY
2021-08-24,16561.400390625,16647.099609375,16495.30078125,16624.599609375,275400,0.007768362083601765,0.007738343720985011,0.0033647477836031836,0.003716032084781995,0.022533151438500543,0.05056412097650753,16241.849951171875,15964.99498046875,16426.740165343075,16225.807660763205,0.023023090311738027,0.03967642195330131,153.89884775685005,0.004932636364896282,0.005507720988429431,16845.234142777947,15638.465759565803,0.0725893201380693,0.8171691134163752,70.96856026843156,200.93250457995964,182.79333947445016,18.139165105509477,85.67587094811523,76.86973795984439,34164500,0.8747855917667211,63.19921875,22.5,66.099609375,1,BUY
2021-08-25,16654.0,16712.44921875,16617.5,16634.650390625,265900,0.0006045728309951315,0.0006043901504665573,0.011194212371964385,0.0012068169995915756,0.021778170266589125,0.05640637631311374,16286.2599609375,15981.45099609375,16458.726353847986,16256.092307419634,0.020943658057511538,0.039267395418143655,149.68815997064647,0.004953087038674279,0.005248633284295863,16867.60128944975,15704.918632425248,0.0698952265134331,0.799643610904363,71.263518142516,202.63404642843307,186.76148086524677,15.8725655631863,85.85217111794238,81.8151509267811,34430400,0.8507030537648143,19.349609375,58.44921875,17.150390625,1,BUY
2021-08-26,16627.94921875,16683.69921875,16603.400390625,16636.900390625,253500,0.00013525983096518424,0.00013525068417903375,0.00851402444323357,0.004107151845442303,0.021781411698321707,0.05904108221428417,16332.6349609375,15996.80400390625,16486.137744121374,16284.300313582995,0.018288588772158318,0.03847449775436822,144.73177912452886,0.004952942249920507,0.005149607287602769,16868.724064679078,15796.54585719592,0.06444579112148417,0.7837825163420855,71.33373314901708,201.837430538455,189.77667079988842,12.060759738566588,86.26133685670497,85.9297929742542,34683900,0.8195661310659182,8.951171875,46.798828125,24.548828125,1,BUY
2021-08-27,16642.55078125,16722.05078125,16565.599609375,16705.19921875,217400,0.004105261588480014,0.004096857993577663,0.004848213567173465,0.015482764581623565,0.020825622692551615,0.058735110987821804,16378.972412109375,16015.5569921875,16519.839509448855,16315.478010262033,0.019528459515434356,0.04128308902706426,145.56887860670537,0.004900908343638397,0.005145534327808462,16874.088119773485,15883.856704445263,0.05927683964503587,0.829445018194727,73.4540918999644,204.36149918689262,192.6936364772893,11.667862709603327,96.98810847417394,89.70053881627378,34901300,0.7244251916027967,62.6484375,16.8515625,76.951171875,1,BUY
2021-08-30,16775.849609375,16951.5,16764.849609375,16931.05078125,283500,0.013519836521704187,0.013429259014094868,0.01781825188174957,0.02634515808444582,0.024317789920451638,0.07409739809457228,16437.3724609375,16040.35,16583.102782033646,16361.07599329818,0.029158161929277122,0.052607531142508344,152.76401450979782,0.0055989572929169345,0.0055779854222323,16902.75754302667,15971.987378848326,0.05497415229591713,1.0303976634739644,78.98868777135303,222.02678873553123,198.5602669289377,23.466521806593533,97.40804693737351,93.55249742275082,35184800,0.9633845892447508,155.201171875,20.44921875,11.0,1,BUY
2021-08-31,16947.5,17153.5,16915.849609375,17132.19921875,464400,0.011880446175423387,0.011810427696351353,0.029771100174651677,0.030533042677836963,0.034362536528856014,0.07850406180988845,16499.72490234375,16069.3269921875,16667.579156913085,16418.196232220536,0.03691728705291088,0.062039450568568015,158.82732708945514,0.006340806741125251,0.0058116331446377255,16986.139302336458,16013.310502351042,0.0567836497558774,1.1501393836352105,82.4901470122336,249.3829246926107,208.7247984816723,40.65812621093838,97.850469039639,97.41554148372882,35649200,1.52135100162159,184.69921875,21.30078125,31.650390625,1,BUY
2021-09-01,17185.599609375,17225.75,17055.05078125,17076.25,301900,-0.00326573477436376,-0.0032710789243950112,0.02221169447853888,0.02654697267481354,0.0277858270123168,0.058614757528323125,16546.99990234375,16095.9219921875,16730.45159431107,16466.940955759757,0.030993344420247506,0.057408857788595315,159.67531935092262,0.006684665330831131,0.005322288688008998,17063.63033887828,16030.369465809217,0.06050865225497768,1.0122134317185787,78.56817396219712,263.51063855137545,219.68196649561293,43.828672055762524,84.0762568885209,93.1115909551778,35347300,0.9954333382791731,109.349609375,40.150390625,21.19921875,1,BUY
2021-09-02,17095.400390625,17245.5,17059.69921875,17234.150390625,242400,0.009246783727399066,0.009204293951085803,0.017901996355161875,0.03589911497796505,0.04015370993973888,0.05998908884137322,16595.767431640626,16125.15,16807.943716820908,16523.771284268296,0.03704174238444849,0.06434900273518979,161.5414237722853,0.006661107146682606,0.005395469691371938,17174.746895654844,16016.78796762641,0.06718978898190066,1.0513001744114074,81.27411723998603,284.1724325526666,232.58005970702365,51.59237284564293,98.69462225252354,93.54044939356116,35589700,0.8243776356958209,138.75,11.349609375,35.701171875,1,BUY
2021-09-03,17262.44921875,17340.099609375,17212.19921875,17323.599609375,261400,0.005190230833697296,0.005176808010644206,0.011171968536037413,0.03701843854282827,0.053074350893589806,0.06314975664747058,16647.217431640624,16157.88298828125,16887.27539259846,16583.017826868792,0.03904397428859642,0.06729066980184073,159.1384928331935,0.005398049767603138,0.005415557744276529,17289.42949482977,16005.005368451479,0.07414302773906173,1.0266034511828699,82.61334253077726,304.2575657297202,246.91556091156298,57.34200481815725,98.28847016826599,93.68644976977015,35851100,0.9133473095737215,61.150390625,16.5,50.25,1,HOLD
2021-09-06,17399.349609375,17429.55078125,17345.55078125,17377.80078125,228000,0.0031287476677577253,0.003123863322045117,0.017659075104311528,0.026386430811178307,0.05342674358662891,0.07018022762562492,16704.1974609375,16189.63,16962.74083700639,16641.890638304438,0.038762288093398656,0.06837290841381913,155.33939847903684,0.005382461035665463,0.005192481595691539,17391.75896754877,16016.63595432623,0.07913101493868233,0.9898494998879785,83.38858026285021,320.8501987020027,261.7024884696509,59.147710232351756,95.08780711633922,97.35696651237625,36079100,0.8096734672135485,21.548828125,30.201171875,32.25,1,HOLD
2021-09-07,17401.55078125,17436.5,17287.0,17362.099609375,243400,-0.0009035189246697772,-0.0009039273439216094,0.007424167472717569,0.013419199000055393,0.04436197065366354,0.06789473709501337,16759.38994140625,16219.665,17024.180648140024,16695.239450976333,0.034714100340911797,0.06580048698477226,154.92229858767706,0.0056215703399087324,0.005261183152088861,17471.67443904241,16047.10544377009,0.08205050237720656,0.923082118148032,82.244559107588,328.9411971637346,275.1502302084677,53.790966955266924,92.98407497552724,95.45345075337748,35835700,0.8639170866756554,39.451171875,34.94921875,75.099609375,1,BUY
2021-09-08,17375.75,17383.400390625,17254.19921875,17353.5,252700,-0.0004953092983268625,-0.0004954320044973781,0.0017259917857266327,0.016236000292804365,0.043213989623739346,0.06593328151425282,16813.0599609375,16250.44099609375,17074.84516381079,16743.999491644754,0.03114299934091114,0.06356406511114472,153.08507525105728,0.005713313036597213,0.005313046159096592,17534.500762012394,16091.619159862603,0.08314643167947627,0.8745560538414305,81.58437388223723,330.8456721660805,286.2893185999902,44.55635356609025,92.17313548841008,93.4150058600922,35583000,0.9025805875524568,22.25,7.650390625,99.30078125,1,BUY
2021-09-09,17312.849609375,17379.650390625,17302.69921875,17369.25,241500,0.0009075978909154347,0.0009071862729865194,-0.0004920519781320687,0.007839064085717329,0.0440195945266153,0.0667598151361144,16867.4099609375,16282.8569921875,17120.138215532206,16790.31434411551,0.02889244147343721,0.06254691525612789,147.64693929562463,0.005656382227407208,0.005292182042807534,17584.472558232857,16150.347363642146,0.08256690384390296,0.8499276359933623,81.871392186812,329.8238714167346,294.99622916333914,34.82764225339548,93.53862898534406,92.89861314976046,35824500,0.8682209559418279,56.400390625,10.400390625,10.150390625,1,BUY
2021-09-13,17363.55078125,17378.349609375,17269.150390625,17355.30078125,241100,-0.000803098507419775,-0.0008034211637875494,-0.0003915902038327257,0.00182994138572945,0.03891612150128232,0.060552196656876944,16916.95498046875,16315.5330078125,17156.317071796482,16832.165191310658,0.02525717106872751,0.0599106743549397,144.90067354236572,0.005886472351755895,0.005349017868505499,17625.02538483713,16208.884576100369,0.08159701906559315,0.8095354629116716,80.67216673469026,324.1518804858606,300.8273594278435,23.324521058017126,91.3727915267673,92.3615186668405,35583400,0.8729181752353335,8.25,14.798828125,86.150390625,1,HOLD
2021-09-14,17420.349609375,17438.55078125,17367.05078125,17380.0,230400,0.001423151293159064,0.0014221395731308123,0.0015270694672544494,0.00012655334110944771,0.02651632344326682,0.05147893174667462,16959.5,16349.5330078125,17190.72982998164,16872.74554750987,0.024194476409666283,0.05929039080480433,140.49705400362532,0.00482330482339945,0.00508732466372866,17671.48255810099,16247.51744189901,0.0819312494937848,0.7953021778516375,81.19734395298842,317.98428247180345,304.2587440366355,13.725538435167948,93.29277706057263,92.73473252422802,35813800,0.8482282558674612,40.349609375,18.201171875,12.94921875,1,BUY
2021-09-15,17387.650390625,17532.69921875,17386.900390625,17519.44921875,388200,0.00802354538262362,0.007991527890878581,0.008647421088993523,0.009062821485601669,0.0226036362906743,0.0577428910972535,17007.319921875,16385.47798828125,17241.302043638312,16920.649523157284,0.02923204322695817,0.06472642012370622,141.36863719979493,0.004101728694732673,0.005231300887125168,17734.675689181313,16279.96415456869,0.0830340906525608,0.8520486946647619,83.8633105390339,320.6525204810532,307.5374993255191,13.115021155534123,98.62992396320344,94.43183085018113,36202000,1.3947221872922868,131.798828125,13.25,0.75,1,HOLD
2021-09-16,17539.19921875,17644.599609375,17510.44921875,17629.5,503300,0.006281634763507293,0.006261987530756848,0.015799162584738013,0.015904572564612307,0.03239879950223257,0.06108485395292518,17058.06494140625,16421.38099609375,17301.024806155496,16973.156965886377,0.032413571490612324,0.06852826250921747,140.85304815873815,0.003774534949615461,0.005288194988028152,17809.94388469297,16306.185998119532,0.08529781823497193,0.8800046960318718,85.59870702474174,327.8678402691439,311.6035675142441,16.26427275489982,98.6005922729379,96.84109776557135,36705300,1.7437549804247592,90.30078125,15.099609375,28.75,1,BUY
2021-09-17,17709.650390625,17792.94921875,17537.650390625,17585.150390625,508300,-0.002515647600612625,-0.002518817158814708,0.011803819943901006,0.012430035299451525,0.020366539228469094,0.061338041276864264,17108.87998046875,16456.71900390625,17344.736434535418,17018.489812163312,0.02708367000433263,0.06416956134309423,149.02774672775686,0.003503855471861777,0.005274861817074722,17859.00714203204,16358.752818905463,0.08531370444954463,0.8174597818607648,81.78171008117789,326.24662237213124,314.53217848582153,11.71444388630971,79.7880646748495,92.33952697033028,36197000,1.686155479258922,124.5,83.298828125,47.5,1,BUY
2021-09-20,17443.849609375,17622.75,17361.80078125,17396.900390625,339100,-0.010705054879733056,-0.01076276621795277,-0.006995016030175383,0.002396939695792799,0.004231267340670364,0.05753019000182369,17156.2,16487.06400390625,17352.7616585492,17046.520225382697,0.01383582047493415,0.05229876393435303,157.0221375864885,0.005134008193769589,0.005679756204587907,17851.63679304316,16460.763206956843,0.0799495056507792,0.6730569859347294,67.93416683231905,306.2414331665277,312.8740294219628,-6.6325962554350895,54.84562712241831,77.74476135673524,35857900,1.1270648452820118,46.94921875,178.900390625,35.099609375,1,BUY
2021-09-21,17450.5,17578.349609375,17326.099609375,17562.0,363600,0.00949017386246398,0.009445425055689747,-0.003828809665617272,0.010471806674338335,0.010599685257569824,0.06459273551055378,17209.4775390625,16523.74599609375,17384.952172618556,17084.703912391386,0.02007302476582963,0.05911934881598061,163.82412775888218,0.005849269674688093,0.005872479996432678,17856.129576693194,16562.825501431806,0.07364218626929671,0.7725750793489763,72.35521725520105,300.24826022718844,310.34887558300795,-10.100615355819514,68.70176070131603,67.77848416619463,36221500,1.1910767517279746,111.5,16.349609375,124.400390625,1,BUY
2021-09-22,17580.900390625,17610.44921875,17524.0,17546.650390625,295200,-0.0008740239935656202,-0.0008744061752431491,-0.0021893472131193636,0.001552627113750038,0.010629519781717445,0.05546303687999998,17255.580078125,16560.8830078125,17409.828821542626,17118.92217003832,0.016588369063050116,0.0561798041715806,158.29734854396202,0.005848171094914046,0.005832658794505949,17858.88576281473,16652.27439343527,0.06876590930563829,0.7412295457227053,71.36999419966368,290.90665150432324,306.460430767271,-15.553779262947785,66.40997911694511,63.31912231355983,35926300,0.9638868934891891,34.25,29.548828125,22.650390625,1,BUY
2021-09-23,17670.849609375,17843.900390625,17646.55078125,17822.94921875,320500,0.015746528367181822,0.01562383807742847,0.024489927432969294,0.010973040571201631,0.027052134655833227,0.07143515494588959,17314.99501953125,16603.49,17473.385805728376,17171.07232179474,0.02850000821886292,0.06842073125962284,168.222537933679,0.007410753552101436,0.006489537358176944,17895.622284747627,16734.36775431487,0.06515501537821256,0.9374184865642831,77.34888583357915,302.31348393364897,305.6310414005466,-3.3175574668976537,96.68337296053872,77.2650375929333,36246800,1.0372503964529562,152.099609375,20.951171875,24.298828125,1,HOLD
2021-09-24,17897.44921875,17947.650390625,17819.400390625,17853.19921875,360100,0.0016972499684944076,0.0016958112674268218,0.016581210497095933,0.01524290791780225,0.027862413100738337,0.07310849975458122,17375.8099609375,16644.3069921875,17531.818638500932,17221.600240087722,0.026739703733946574,0.06771291866238088,165.36735665270194,0.007393749912835917,0.006456533703257589,17912.7498826985,16838.870039176498,0.06015055511138746,0.944546250394145,77.89320796332257,310.21839841322435,306.5485128030822,3.6698856101421597,86.37954974975145,83.15763394241178,36606900,1.145647747518449,44.25,50.201171875,33.798828125,1,HOLD
2021-09-27,17932.19921875,17943.5,17802.900390625,17855.099609375,295700,0.00010644538279747096,0.00010643971788971012,0.017578809167748677,0.026337980241406544,0.02879805048754691,0.06883488042060248,17433.30498046875,16684.32998046875,17581.55417248156,17268.526119294187,0.023623202229842603,0.06557060192996779,163.5982318471518,0.007350290074494847,0.006500329784669372,17914.014591782616,16952.595369154886,0.05384563758596604,0.9387208191578182,77.92909097005332,313.02805318738683,307.84442087994313,5.183632307443702,86.65359797435269,89.90550689488096,36902600,0.9291875500809121,77.099609375,11.30078125,52.19921875,1,HOLD
2021-09-28,17906.44921875,17912.849609375,17576.099609375,17748.599609375,398000,-0.0059646824901542495,-0.005982542262753364,-0.004171566022125206,0.010625191286584679,0.021208262909953923,0.04828695151221085,17474.182421875,16720.81796875,17607.253470465166,17304.087118559433,0.015461343065908658,0.05790775966809873,175.96621528664096,0.007864849361840601,0.006355034119494264,17914.441611469832,17033.92323228017,0.04961058328931845,0.8116541278238081,70.97617320833717,303.16635190574743,306.908807085104,-3.7424551793565684,71.29563128261893,81.44292633557437,36504600,1.2285467341647078,157.849609375,6.400390625,172.5,1,HOLD
2021-09-29,17657.94921875,17781.75,17608.150390625,17711.30078125,562200,-0.0021015082285871234,-0.002103719495544819,-0.007948067781094026,0.00938357959835856,0.010950775912217159,0.03380193955871191,17503.1375,16756.5759765625,17623.260749047447,17334.251093573548,0.0117531334271264,0.053904838299523146,175.79717200723803,0.0076709756340619314,0.006014837179101507,17925.42778979176,17080.84721020824,0.047685971234683704,0.746469414856665,68.66551130855241,289.00965547391024,303.3289767628653,-14.319321288955052,65.16586449889462,74.37169791862209,35942400,1.7095940398357863,53.3515625,70.44921875,49.798828125,1,HOLD
2021-09-30,17718.900390625,17742.150390625,17585.349609375,17618.150390625,378600,-0.005259376020738893,-0.005273255224157625,-0.013270674705482266,-0.011490737341581458,-0.0006437850974219117,0.0317341565405167,17530.23251953125,16793.8909765625,17622.47454005938,17355.280671132914,0.004990187343418952,0.04678467352061581,174.4402869531496,0.007675643458403322,0.006116783080639614,17906.51902472317,17153.946014339333,0.042715778540765345,0.616823045578383,63.13730736333012,267.19386892647526,296.1019551955873,-28.90808626911206,51.43699336772292,62.632829716412175,35563800,1.1380134361332759,100.75,23.25,32.80078125,1,BUY
2021-10-01,17531.900390625,17557.150390625,17452.900390625,17532.05078125,305800,-0.004886983449795879,-0.004898963801205104,-0.012200896571615494,-0.017988285100337675,-0.003019570955919093,0.01728547006222314,17545.1275390625,16831.89,17608.563192550242,17368.37475336381,-0.0007458772493681489,0.039936045702012306,173.7838378850675,0.007796374880498975,0.005999859147478033,17896.085974444537,17194.169103680466,0.04003621022560293,0.4813699337376688,58.45292007364243,240.1884391864478,284.9192519937594,-44.73081280731162,33.13505156582892,49.91263647748216,35258000,0.9105119768947882,0.150390625,25.099609375,79.0,1,BUY
2021-10-04,17615.55078125,17750.900390625,17581.349609375,17691.25,295800,0.009080467581137563,0.009039488024266832,-0.0011320897034974298,-0.009176628131997044,0.016919658258986336,0.02122251719706325,17563.51005859375,16869.23400390625,17621.284239850203,17392.29143829982,0.007220515305942162,0.04646455146435379,177.00282156291982,0.007353367056129294,0.006206639384880449,17904.502119000295,17222.517998187206,0.03854923314141676,0.6873063279732455,63.80089116396133,228.99280155039742,273.733961905087,-44.74116035468961,58.748279567865154,47.77344150047234,35553800,0.8762497222839344,75.69921875,59.650390625,34.201171875,1,BUY
2021-10-05,17661.349609375,17833.44921875,17640.900390625,17822.30078125,427000,0.007407660919946268,0.007380358946066971,0.01158750414195775,0.004152506310191928,0.01482181877064126,0.025578610642124522,17585.73505859375,16908.5590234375,17652.209861604017,17424.143982222056,0.01327357929595321,0.05126957338604694,178.1132506030684,0.00713457344512707,0.0063533963155537575,17933.29328860504,17238.17682858246,0.03900262197088948,0.8403253069963631,67.50855949264319,228.0658793819748,264.60034540046456,-36.53446601848975,79.83276456946776,57.23869856772061,35980800,1.2286885835551364,160.951171875,11.1484375,20.44921875,1,BUY
2021-10-06,17861.5,17884.599609375,17613.150390625,17646.0,395800,-0.009892144870289554,-0.009941397212065623,0.006499480304486882,-0.003686955693233518,0.005662027062901975,0.016351731473289277,17599.930078125,16944.99001953125,17651.254498280323,17440.57776131672,0.0026107855533832854,0.03972628247017731,184.78010547070636,0.00798640924950609,0.006817184981504641,17932.6680211578,17267.1921350922,0.03771256296416186,0.5692285368096581,58.785435530311254,210.67673696361817,253.8156237130953,-43.13888674947714,51.46810208840036,63.349715408577765,35585000,1.1144743696236716,215.5,23.099609375,32.849609375,1,BUY
2021-10-07,17810.55078125,17857.55078125,17763.80078125,17790.349609375,419900,0.008180302016037588,0.00814702470131476,0.005601617148307758,0.009773966899591757,-0.0018290805284181255,0.02517357359466388,17621.77255859375,16985.8680078125,17672.653746141044,17466.486787098813,0.009475758176917069,0.04522011198355324,186.69229659779876,0.00663545259507457,0.007001712540832445,17944.12721703216,17299.417900155342,0.03623927191048992,0.7614776091605578,63.00094347714786,206.1669590422389,244.28589077892403,-38.11893173668514,74.69220762080732,68.66435809289182,36004900,1.1551422951541213,20.201171875,47.0,26.548828125,1,BUY
2021-10-08,17886.849609375,17941.849609375,17840.349609375,17895.19921875,324100,0.005893622760496431,0.005876323303578524,0.004090293301339143,0.02071340324249893,0.0023525195392370968,0.03028047951120505,17648.07001953125,17029.583984375,17706.891511157806,17498.24326351742,0.013809804305493112,0.04837136618563245,184.17856112652743,0.006893849363235488,0.007076603118020514,17969.543500843472,17326.596538219026,0.035928460743303026,0.884369494816663,65.74187785614164,208.6482476403944,237.1583621512181,-28.510114510823712,91.56124109931686,72.57385026950818,36329000,0.8815809158540376,8.349609375,46.650390625,46.5,1,BUY
2021-10-11,17867.55078125,18041.94921875,17839.099609375,17945.94921875,375800,0.0028359561343596074,0.0028319423974920437,0.016998142284370354,0.014396903483360424,0.005088160321844226,0.03403273990722844,17677.60244140625,17072.93396484375,17743.669620018143,17531.406667608724,0.0149530556490922,0.04864692545736846,185.51220742998976,0.006941126542975269,0.00706059057394355,17994.5569831129,17360.647899699597,0.035323240676006784,0.9233206060053707,67.01558811456499,212.26295240943,232.1792802028605,-19.916327793430497,83.70253951517442,83.31866274509953,36704800,1.0038197505141946,78.3984375,96.0,28.451171875,1,BUY
2021-10-12,17915.80078125,18008.650390625,17864.94921875,17991.94921875,355600,0.0025632525445875576,0.002559973015762186,0.011331964452725662,0.009518885332609806,0.013710918874211275,0.03520996655638675,17708.19990234375,17117.511953125,17781.866481361507,17565.520930656225,0.0157709046950036,0.04860158590897543,182.52570489034764,0.006568486970972336,0.007062853680812988,18022.468417636446,17393.931387051052,0.03493434885478528,0.9514440718648298,68.17074259780722,216.3455507052895,229.0125343033463,-12.666983598056817,91.51173933082,88.92517331510378,37060400,0.9342406011086858,76.1484375,16.701171875,50.8515625,1,BUY
2021-10-13,18097.849609375,18197.80078125,18050.75,18161.75,506700,0.00943759784921161,0.00939334195098345,0.014895099964616021,0.029227586988552545,0.025432870477072322,0.036662156054688255,17740.31494140625,17163.0439453125,17840.310099613584,17609.686046903913,0.02320454023393946,0.054989527699010284,184.19183757675137,0.006893999296090285,0.0071356066482385246,18099.00055705554,17381.62932575696,0.03949901475896215,1.0874713679691106,72.0604526134607,230.6240527096743,229.33483798461194,1.289214725062351,95.16032187608977,90.12486690736141,37567100,1.3108095872514873,63.900390625,36.05078125,47.099609375,1,HOLD
2021-10-14,18272.849609375,18350.75,18248.69921875,18338.55078125,538700,0.009734787740718787,0.009687709975996201,0.021876890306242958,0.03081452494818393,0.04088967199464588,0.04021956273575533,17775.76748046875,17207.1999609375,17916.96251217303,17663.676027225843,0.030688537360141977,0.061692487798394216,184.53527774984056,0.006635896771107632,0.007289214396376982,18214.799454858698,17336.7355060788,0.0478807709100799,1.1409365759317627,75.42763646319307,253.28648494719164,234.1251673771279,19.161317570063744,98.64128484073274,95.10444868254751,38105800,1.3872400695293856,65.701171875,12.19921875,24.150390625,1,HOLD
2021-10-18,18500.099609375,18543.150390625,18445.30078125,18477.05078125,469900,0.007552396132719963,0.007524019573498294,0.026962146046658475,0.032514394245488853,0.05390128124718019,0.05071895154792028,17820.3625,17251.56498046875,18003.129938184873,17723.926009005412,0.0355407520942893,0.0663247514600566,185.9684442944948,0.005902931105936314,0.007308666763068761,18345.611859896417,17295.113140103582,0.05685424217477672,1.1251204964613177,77.69537351191966,279.2039291794681,243.14091973759596,36.06300944187214,93.9372062027058,95.91293763984277,38575700,1.2160815724434177,23.048828125,43.05078125,31.75,1,HOLD
2021-10-19,18602.349609375,18604.44921875,18377.69921875,18418.75,368200,-0.003155307734996393,-0.0031602962146704853,0.014150618745440324,0.026345821861348817,0.04112202359923689,0.058737452444440175,17871.45498046875,17294.04798828125,18067.07148615643,17775.394452782788,0.029714015312181957,0.06106288492534778,188.88141255917373,0.00628336315821716,0.0067654014218171,18420.266981290326,17322.64297964717,0.05959275204034773,0.9986179408531031,74.57540184507346,291.67703337364946,252.8481424648067,38.828890908842766,83.87396051174285,92.15081718506046,38207500,0.9493116072809753,183.599609375,2.099609375,41.05078125,1,HOLD
2021-10-20,18439.900390625,18458.30078125,18209.349609375,18266.599609375,371300,-0.008260625212080042,-0.008294933244362599,-0.00392349279576476,0.01526518262617027,0.02492937548177987,0.040120692937877234,17906.6849609375,17334.6159765625,18097.76812049775,17811.780019937767,0.019703428997960945,0.0510211890960907,193.1721096531613,0.007235991059611812,0.007012371004103604,18461.93750232185,17351.432419553148,0.060794297051256024,0.8240999559761956,67.01240254075083,285.9881005599891,259.4761340838432,26.511966476145915,70.66128668420419,82.82415113288428,37836200,0.9563548790068103,173.30078125,18.400390625,57.25,1,HOLD
2021-10-21,18382.69921875,18384.19921875,18048.0,18178.099609375,365900,-0.004844908296702255,-0.004856682911584848,-0.016179593562537953,0.0009002221358074269,0.03015412044514343,0.03598688095406377,17938.257421875,17373.01296875,18110.12681109425,17838.914804340526,0.013194018772804206,0.0442888232502473,203.38833173150692,0.00640470544566122,0.007152603728193172,18479.66882503202,17396.846018717984,0.05956743716794188,0.7214971702671354,63.00963556216137,271.21200675373257,261.8233086178211,9.388698135911454,62.97598512872439,72.50374410822383,37470300,0.9339425187605265,204.599609375,1.5,130.099609375,1,HOLD
2021-10-22,18230.69921875,18314.25,18034.349609375,18114.900390625,324700,-0.003476668084567369,-0.0034827257394313984,-0.01649675517475402,-0.012195641481859476,0.018243080567622583,0.016380631975759785,17952.85498046875,17409.708984375,18110.861207945138,17859.35818110234,0.00894542098835461,0.03892880397040204,208.85347879532785,0.006416634341612374,0.006434477748769559,18496.780806240095,17408.929154697405,0.06005286411101022,0.6489591066261686,60.242312412767994,251.50302684280177,259.75925226281726,-8.256225420015483,52.150423708590814,61.929231840506475,37145600,0.8283374575882017,115.798828125,83.55078125,80.55078125,1,HOLD
2021-10-25,18229.5,18241.400390625,17968.5,18125.400390625,418700,0.000579633328010587,0.0005794654054989729,-0.0077299126147994945,-0.019031738061890513,0.012863850749077033,0.015246632748550981,17966.4650390625,17446.5719921875,18113.098005280503,17879.065011437353,0.008768653278672225,0.03745177396404504,213.428258211733,0.006260672304758502,0.006431423654519688,18513.349394942044,17419.580683182954,0.06034452691730994,0.6453098354827158,60.5522947338201,234.03299384315324,254.6140005788845,-20.58100673573125,51.674629835778106,55.60034622436444,37564300,1.0602147270333206,104.099609375,11.900390625,156.900390625,1,HOLD
2021-10-26,18154.5,18310.44921875,18099.30078125,18268.400390625,341400,0.007889480889700096,0.00785852166355233,0.004967558941278316,-0.008162856294536835,0.017967908408996314,0.023147492329473884,17987.130078125,17484.6519921875,18136.990679948885,17907.904669154956,0.015396548492792142,0.04290186232395609,213.26541387518066,0.006593824498172578,0.006621407864033302,18546.70747479744,17427.55268145256,0.06126178370379987,0.7513238688444525,64.60034804169437,229.08601079393702,249.50840262189502,-20.422391827957995,66.10014875528279,56.64173409988391,37905700,0.8595057967548222,113.900390625,42.048828125,55.19921875,1,HOLD
2021-10-27,18295.849609375,18342.05078125,18167.900390625,18210.94921875,335200,-0.0031448386638428527,-0.0031497940609639214,0.005302200180725691,-0.00304656541529702,0.012172110833426064,0.02604992053180255,18010.24755859375,17518.288984375,18148.36891668752,17930.352413569402,0.011020933491462789,0.038035372349610144,210.4714836430249,0.006765433044150701,0.006490312246913288,18566.69057983799,17453.80453734951,0.06111082015113463,0.6803434066859076,61.85409547207765,218.01650311812045,243.2100227211401,-25.193519603019638,53.19089616460508,56.98855825188866,37570500,0.8506210904292417,84.900390625,46.201171875,43.048828125,1,HOLD
2021-10-28,18187.650390625,18190.69921875,17799.44921875,17857.25,374200,-0.0194223384240636,-0.019613430387588483,-0.014794177499311667,-0.017650338389032072,-0.016766005478546897,0.008240457352771458,18017.54501953125,17544.17296875,18103.581391043284,17924.93741997167,-0.008976467234946672,0.017532208556748603,224.83066338280884,0.008742433177970806,0.00795855520409204,18561.809329951444,17473.28070911106,0.060957237023639414,0.352741566493814,48.25358777890722,178.64397107161858,230.29681239123582,-51.65284131961724,7.1802212732919255,42.157088731059936,37196300,0.972794509508271,330.400390625,3.048828125,57.80078125,1,HOLD
2021-10-29,17833.05078125,17915.849609375,17613.099609375,17671.650390625,336500,-0.010393515763905459,-0.010447905544470225,-0.03266569525738228,-0.02446880691816533,-0.036366035603362046,0.003036641123716821,18020.22001953125,17565.313984375,18037.13046790201,17906.17541779784,-0.01972479203703411,0.006017344384903237,230.3963302840368,0.008124019678827761,0.008230251544175808,18557.081660960936,17483.358378101566,0.060759649445588364,0.17536363002377045,42.920496270423136,130.955050104174,210.42845993382346,-79.47340982964946,5.906168792149276,22.092428743348766,36859800,0.8796005855290651,161.400390625,82.798828125,58.55078125,1,BUY
2021-11-01,17783.150390625,17954.099609375,17697.099609375,17929.650390625,281200,0.014599655057507821,0.014494106171593095,-0.015446686756743877,-0.010799761427684018,-0.029625961258951894,0.022678442718191416,18040.1,17592.53,18020.595071397853,17907.914304673926,-0.0061601652552439115,0.018802396214109875,234.1143937458913,0.009409428752651156,0.008736245690029237,18530.62859044101,17549.571409558986,0.05471702791232317,0.38741776572484216,51.02379560640744,112.68076672393363,190.8789212918455,-78.19815456791187,31.93129631125498,15.00589545889873,37141000,0.7374190333831571,146.5,24.44921875,86.05078125,1,BUY
2021-11-02,17970.900390625,18012.25,17847.599609375,17888.94921875,296400,-0.002270048271341696,-0.002272628736845954,0.0017751455991263931,-0.020770902966946503,-0.028764209365456428,0.011174971737440753,18049.9849609375,17621.298984375,18000.34186329818,17906.509483494377,-0.009001967651555216,0.014961763885743875,229.15267923725622,0.009411581966782694,0.008561440997981765,18519.513975444166,17580.455946430837,0.052493750053752265,0.32851353461401034,49.82215095465212,93.83237980381091,171.4696129942386,-77.63723319042768,27.825663798759187,21.887709634054485,36844600,0.777218376337317,81.951171875,41.349609375,41.349609375,1,BUY
2021-11-03,17947.94921875,17988.75,17757.94921875,17829.19921875,331000,-0.0033400508475575075,-0.003345641269055336,0.008915343198990788,-0.020962663473189536,-0.023945364762936627,0.0003870677296198277,18050.3298828125,17647.953984375,17974.012225675382,17900.782797217016,-0.012402725515005162,0.010165640764414997,229.27040080959506,0.00922547951305559,0.008447582320662332,18519.199023654444,17581.460741970557,0.052595647744948563,0.2641872275218595,48.033747715867754,73.22942845837315,151.82157608706552,-78.59214762869237,21.798526708578702,27.185162272864293,36513600,0.8790099851285297,118.75,40.80078125,71.25,1,HOLD
2021-11-04,17935.05078125,17947.55078125,17900.599609375,17916.80078125,48500,0.004913376165984751,0.0049013449265533065,-0.0007166681499667371,0.0033348237410575354,-0.01437437541547193,0.015346298382069579,18063.869921875,17673.7980078125,17965.210464994554,17901.969314552793,-0.008208448730362016,0.013562843969990624,221.34762664462397,0.009449435367817413,0.00817447643726468,18499.730466049845,17628.009377700157,0.04865383608338982,0.33128876587836353,50.82103045511928,63.241150441768696,134.10549095800616,-70.86434051623746,30.63512296801827,26.75310449178539,36562100,0.135024151227049,18.25,12.5,16.201171875,1,BUY
2021-11-08,18040.19921875,18087.80078125,17836.099609375,18068.55078125,338900,0.008469704042186388,0.008434037348294714,0.010039805038506877,0.022459724012849458,-0.002558645555621575,0.015637757434985744,18077.77998046875,17702.476015625,17981.1089751877,17914.30868245629,-0.0005107880167305143,0.020260328017279606,223.51573701822227,0.009902914499837583,0.008188484408722482,18495.20322475079,17660.35673618671,0.04620439672618411,0.4889450343917571,55.29429054190579,66.80029273141918,120.64445131268877,-53.844158581269596,45.942538088267455,32.79206258828815,36901000,0.9542581199228457,28.3515625,19.25,204.099609375,1,HOLD
2021-11-09,18084.349609375,18112.599609375,17983.05078125,18044.25,270200,-0.001344921435271762,-0.0013458266538282125,0.012061718454738246,0.006391625429290171,-0.004477164028165337,0.008329093151074218,18085.23251953125,17730.6230078125,17990.822979004977,17923.933965237302,-0.0022712232168835755,0.017380993512476225,216.8038149544207,0.009904523567636755,0.008111482399765309,18494.595083184937,17675.869955877566,0.045373186877114356,0.449943493652766,54.44032246941564,66.88901376768263,109.89336380368755,-43.00435003600492,51.011570377799295,42.529743811361676,36630800,0.766633565044685,40.099609375,28.25,61.19921875,1,HOLD
2021-11-10,17973.44921875,18061.25,17915.0,18017.19921875,261400,-0.0014991358050348014,-0.0015002606334366785,0.005603591775439565,0.007169230480322364,-0.013750583877278677,0.0039702553000404706,18088.79501953125,17756.8630078125,17994.88086204267,17930.84250253454,-0.003973747523796245,0.014449316332506136,211.76425674339063,0.009466271129455998,0.008102176231829817,18494.470605836188,17683.119433226315,0.04503203648686542,0.41175732136879645,53.45072359555968,64.03835950814027,100.7223629445781,-36.68400343643782,52.40563014972024,49.78657953859567,36369400,0.7539007296743843,43.75,44.05078125,58.44921875,1,HOLD
2021-11-11,17967.44921875,17971.349609375,17798.19921875,17873.599609375,232100,-0.007970140510272006,-0.00800207185820445,-0.010789530064431285,0.002490318834864169,-0.018524548354001524,-0.006577920376279356,18082.8775390625,17775.713984375,17976.222207786108,17926.602288226422,-0.011708773512959958,0.00547654793322417,212.28109554743418,0.009688679400688517,0.008282821196353839,18497.387618684374,17668.36745944063,0.04638238392723699,0.24755990267033037,48.41904542058222,49.61991955968915,90.5018742676003,-40.88195470791115,35.73627563145894,46.38449205299283,36137300,0.6815345538899718,93.849609375,3.900390625,75.400390625,1,HOLD
2021-11-12,17977.599609375,18123.0,17905.900390625,18102.75,249100,0.012820606684330382,0.012739118453093435,0.0032420300095599153,0.01037848335873659,0.013747917512494823,-0.003248585626385081,18079.9275390625,17795.125,17995.688021972863,17939.650266876317,0.0012607178985236647,0.016993274502492717,214.9324737672603,0.008470531419588364,0.008523146101680574,18492.987590423083,17666.86748770192,0.04563506112171712,0.5276260810768272,55.601595424068186,56.03775509654588,83.60905043338943,-27.571295336843548,67.17190526843201,51.7712703498704,36386400,0.7602044708934135,125.150390625,20.25,71.69921875,1,HOLD
2021-11-15,18140.94921875,18210.150390625,18071.30078125,18109.44921875,280400,0.0003700663573213969,0.00036999789965571825,0.005120107674893015,0.0022635150984240404,0.024774077035683018,-0.012492893535199223,18068.4724609375,17815.788984375,18013.18974455396,17952.227967015107,0.002262728000036198,0.0162158567512341,209.4979834535274,0.007424947087553087,0.008204049963626342,18464.56694512657,17672.37797674843,0.043744509223280596,0.5517259889339785,55.79539154136975,60.96177753885422,79.07959585448239,-18.11781831562817,68.0909268721381,56.99970259067635,36666800,0.8908374634642239,31.5,69.201171875,38.1484375,1,HOLD
2021-11-16,18127.05078125,18132.650390625,17958.80078125,17999.19921875,267400,-0.006087981951756416,-0.006106589273008452,0.007027102101421212,-0.0024966835002839805,0.0038789840632567074,-0.02586189582727727,18044.5798828125,17831.0899609375,18011.037355968736,17955.70731899547,-0.0025212601689094645,0.009339818720233808,206.95167101934686,0.0064951643890434506,0.008056623463027405,18394.122336454293,17695.03742917071,0.03883977830276686,0.4350856189425255,51.78899173867561,55.330036973264214,74.32968407823876,-18.999647104974542,52.966457051146364,62.74309639723882,36399400,0.8777717596467876,127.8515625,5.599609375,40.3984375,1,HOLD
2021-11-17,17939.349609375,18022.650390625,17879.25,17898.650390625,295700,-0.005586294529162039,-0.005601956226916921,-0.011274508534614869,-0.006579758967288907,0.0005422997044919331,-0.028237508483203277,18018.57490234375,17842.5909765625,17993.74705360816,17951.480879856917,-0.006700198568131351,0.003132046988965313,202.4122938483221,0.006727489479981578,0.008104625543343293,18327.982915943918,17709.16688874358,0.03457333450819633,0.30620328749140363,48.377220033790216,42.266173751242604,67.91698201283953,-25.65080826159692,47.826883444011905,56.29475578909879,36103700,0.9823593900534834,40.69921875,83.30078125,19.400390625,1,HOLD
2021-11-18,17890.55078125,17945.599609375,17688.5,17764.80078125,278400,-0.007478195643460861,-0.007506297537132803,-0.019031414668490343,-0.006087124614111539,-0.003611964660323874,-0.027470839611958286,17993.4849609375,17850.3309765625,17958.52455016844,17937.652724404554,-0.012872881745393283,-0.004814587923934124,206.31853067165622,0.007078950415979848,0.008071586749408633,18299.740259812017,17687.229662062986,0.03447888919731148,0.12664453394269484,44.202616269196234,20.87182576389023,58.50795076304967,-37.63612499915944,25.40842029507017,42.06725359674281,35825300,0.9393821807568339,125.75,55.048828125,76.30078125,1,HOLD
2021-11-22,17796.25,17805.25,17280.44921875,17416.55078125,356400,-0.019603372100156835,-0.01979806684873854,-0.032370797745993496,-0.037905799878471536,-0.02792072123297329,-0.041893753719571714,17955.40751953125,17851.42,17875.143970334833,17899.052580467178,-0.03093934872921931,-0.024968733718398594,229.06726285582363,0.00903333968120335,0.009025171795504272,18339.786027993065,17571.029011069437,0.044139452557462905,-0.20094545665081393,35.59597110689981,-23.90861013234462,42.02463858397081,-65.93324871631543,14.639280514782346,29.291528084621472,35468900,1.2045016729189861,379.69921875,9.0,136.1015625,1,HOLD
2021-11-23,17281.75,17553.69921875,17216.099609375,17503.349609375,308800,0.004983697932798847,0.004971320417088634,-0.022085507712751973,-0.03346869372191963,-0.03128093551705968,-0.03375954424604488,17924.82998046875,17854.4169921875,17817.944837879477,17869.741249275165,-0.024079983574572417,-0.02005715423889289,236.81957332147908,0.008607738858875282,0.009154533810043513,18348.847161521444,17500.812799416053,0.04844983280521196,0.0029913999624328613,38.79473458321618,-51.79641139569139,23.260428588038373,-75.05683998372976,28.896914062960505,22.981538290937674,35777700,1.0464426710042494,221.599609375,50.349609375,65.650390625,1,HOLD
2021-11-24,17550.05078125,17600.599609375,17354.0,17415.05078125,298100,-0.0050446817378146935,-0.005057449101021469,-0.019687808735189827,-0.03245413478681236,-0.0348697905842581,-0.03919083684034996,17889.3125,17855.3330078125,17755.961136859558,17836.060473865895,-0.027232864532362788,-0.02528170787974572,237.51814732530198,0.008601539916746774,0.00916798151116357,18356.938282712686,17421.686717287314,0.05370363699612729,-0.0070953487624351086,36.79276584998178,-80.09933700633701,2.588475469163299,-82.68781247550031,20.014185957866527,21.18346017853646,35479600,1.0312559458945185,135.0,50.548828125,61.05078125,1,HOLD
2021-11-25,17417.30078125,17564.349609375,17351.69921875,17536.25,255900,0.006959452503032093,0.006935347288237329,0.0068727281453950795,-0.02024735847205661,-0.02669389470087502,-0.04007742194005803,17852.70498046875,17858.9519921875,17722.15942349655,17813.85229061657,-0.01804576123565463,-0.018401995420201003,235.74187898956615,0.009215215442080036,0.009117630711766595,18310.419444660427,17394.99051627707,0.052202091575072024,0.15430961306001018,41.27253202355407,-91.69286712002213,-16.267793048673788,-75.42507407134835,32.20664342946514,27.039247816764057,35735500,0.8985568313494122,118.94921875,28.099609375,65.6015625,0,HOLD
2021-11-26,17338.75,17355.400390625,16985.69921875,17026.44921875,356300,-0.029071254187753914,-0.029502195657113865,-0.02724623579303742,-0.041562614272561915,-0.047396742074307996,-0.06504328718793184,17793.47998046875,17851.8809765625,17615.12708430477,17755.52613714497,-0.045049367126651065,-0.04847938329405244,258.2282291510257,0.012422905952930184,0.010947835696066903,18346.96354674025,17239.99641419725,0.06501456165763439,-0.19291195661471913,31.242196187554512,-140.39905284020278,-41.094045006979584,-99.3050078332232,3.3280216423493307,18.51628367656033,35379200,1.246479735520995,312.30078125,16.650390625,40.75,0,BUY
2021-11-29,17055.80078125,17160.69921875,16782.400390625,17053.94921875,348900,0.0016151341742889347,0.0016138312478338214,-0.020735027823678864,-0.020819366994891064,-0.05793599211445777,-0.04498457384255694,17753.31494140625,17842.5709765625,17528.792028065578,17703.55747652312,-0.04100901871381972,-0.04624276451729127,266.8047005063096,0.0110938246076682,0.01030926326428146,18392.422884643154,17114.206998169346,0.07495131304064583,-0.047142098652466824,32.19940078055636,-174.76544845755052,-67.82832569709377,-106.93712276045675,19.01935409735598,18.18467305639015,35728100,1.2260172886358802,1.8515625,104.8984375,271.548828125,0,HOLD
2021-11-30,17051.150390625,17324.650390625,16931.400390625,16983.19921875,498000,-0.004148599194972014,-0.0041572285072535705,-0.031537573953952514,-0.029717191408117793,-0.0621912895525234,-0.038957944315163195,17718.8923828125,17829.6449609375,17444.85467278626,17650.197605576963,-0.04331887971085399,-0.049840182128523695,275.83650761300174,0.010900659835121824,0.010142793297315022,18440.69646872055,16997.08829690445,0.08500213376890206,-0.009621085849748318,31.003561547665342,-205.34293279071426,-95.33124711581787,-110.01168567489638,14.06400477149361,12.137126837066306,35230100,1.7016623669508408,67.951171875,273.5,51.798828125,0,BUY
2021-12-01,17104.400390625,17213.05078125,17064.25,17166.900390625,295500,0.01081664117042136,0.010758559762450211,0.008248999545972913,-0.014249191331223265,-0.04624088094196899,-0.04254126451895701,17680.7548828125,17821.2799609375,17402.09247553068,17614.397811876817,-0.029932863853984998,-0.03811867928527519,272.55186867635877,0.012180766241412809,0.009849226325305454,18433.907262563742,16927.602503061258,0.08774471367732117,0.15886419136232463,37.49458010615234,-212.30533634614767,-118.72606496188385,-93.57927138426382,26.930485028891614,20.0046146325804,35525600,1.0072604560793503,62.5,46.150390625,40.150390625,0,BUY
2021-12-02,17183.19921875,17420.349609375,17149.30078125,17401.650390625,279900,0.013674571102433752,0.013581917861660867,0.020388308151681356,-0.0076755069855299896,-0.027767456716195738,-0.027240215295275427,17656.38994140625,17821.3749609375,17402.024462468267,17598.638743635944,-0.014638815575704798,-0.02411981397687567,272.44450863697597,0.013471682856226505,0.010463031175646273,18412.54785669551,16900.23202611699,0.08690645982597525,0.33155664601875207,44.65944558237084,-196.61428116768366,-134.3037082030438,-62.310572964639846,43.3724391525127,28.122309650965974,35805500,0.9567758806337454,218.451171875,18.69921875,33.8984375,0,BUY
2021-12-03,17424.900390625,17489.80078125,17180.80078125,17196.69921875,292500,-0.01177768586739425,-0.011847592241934006,0.012571247457563217,0.009999148842643857,-0.03197905619631869,-0.035475513635791045,17624.76494140625,17814.0689453125,17370.435963434687,17568.865445496245,-0.024892318997445727,-0.03590047826674595,275.05561516290624,0.013706631669000244,0.010715509132081977,18401.980955900694,16847.548926911808,0.09039130179668717,0.22461599177487349,40.31452900539831,-198.42948206156143,-147.12886297474734,-51.300619086814095,29.017603090527054,33.10684242397712,35513000,1.006468928497691,228.201171875,64.900390625,15.8984375,0,BUY
2021-12-06,17209.05078125,17216.75,16891.69921875,16912.25,231700,-0.01654091957599968,-0.016679248094838027,-0.01483380137535295,-0.00830888006833097,-0.028955261439762903,-0.05606753088984873,17574.53740234375,17801.3809375,17299.945815213967,17520.227264348374,-0.03916021832362641,-0.05257319029106111,278.6266984548415,0.013327373815982188,0.011081042453143206,18398.219399512745,16750.855405174756,0.09740655408582474,0.09797142306124283,35.19646014535171,-220.28144913441065,-161.75938020668002,-58.52206892773063,9.61670871134975,27.335583651463168,35281300,0.7729001267596212,296.80078125,7.69921875,20.55078125,0,BUY
2021-12-07,17044.099609375,17251.650390625,16987.75,17176.69921875,254100,0.015636548581649423,0.015515557382479443,-0.012927002142060662,0.011393613035308947,-0.018662164552209037,-0.04935933010330229,17529.94482421875,17788.4559375,17280.984800373357,17494.7807424522,-0.020565395072130555,-0.0356154992853463,282.96767646699567,0.014405550813506779,0.011570493686536199,18338.24132966853,16721.64831876897,0.09411546364710718,0.28148760814420043,42.504495652435494,-213.79594207884656,-172.16669258111335,-41.62924949773321,31.791882936907882,23.475398246261562,35535400,0.8597820937944074,132.599609375,74.951171875,56.349609375,0,BUY
2021-12-08,17315.25,17484.599609375,17308.94921875,17469.75,257800,0.017060948527881648,0.016917044993306308,0.01587809252093475,0.017641484629361992,0.0031409164082882857,-0.03183839727336968,17501.21982421875,17780.786953125,17310.02560031592,17492.926613381667,-0.0018013895000644803,-0.017804316210878798,284.74858462113883,0.015504456527723462,0.012368627814641568,18274.437425433178,16728.002223004325,0.08852074027555362,0.4796500854547257,49.324508147396614,-182.9010130657516,-174.313556678041,-8.587456387710603,59.09130596852028,33.4999658722593,35793200,0.8741353587413506,154.5,14.849609375,6.30078125,0,HOLD
2021-12-09,17524.400390625,17543.25,17379.599609375,17516.849609375,237200,0.002696066593683266,0.002692438725331353,0.03574921192478819,0.006620016846911492,-0.0011063021241713988,-0.02777066531263639,17476.20234375,17774.021953125,17341.8446786327,17494.69868715895,0.0023204666667484748,-0.014681426711134293,276.0987136214146,0.01536270058102924,0.012404940327635547,18212.520123266706,16739.884564233293,0.08406965817901754,0.5276017140664134,50.34399622876678,-152.8540085262539,-170.0216470476836,17.167638521429694,71.80422341841401,54.22913744128073,36030400,0.807599332675085,7.55078125,18.849609375,137.25,0,HOLD
2021-12-10,17476.05078125,17534.349609375,17405.25,17511.30078125,204500,-0.00031677089480919296,-0.00031682107730694167,0.019479968662125202,0.018294299301169437,0.028476375565497758,-0.02027005393669934,17458.08740234375,17769.2759765625,17367.914848266133,17495.928471906434,0.0030388021752917145,-0.014731926459096921,265.5987776038136,0.01153070926091718,0.012307106440982991,18171.889006952166,16744.285797735334,0.08152468095033918,0.5372746282455508,50.21582415061628,-128.013623640305,-161.62004236620788,33.60641872590287,89.085930898171,73.32715342836843,35825900,0.6995518763041744,35.25,23.048828125,70.80078125,0,HOLD
2021-12-13,17619.099609375,17639.5,17355.94921875,17368.25,256600,-0.008169055116863166,-0.0082026046847206,-0.005810043074457316,0.026962704548478156,0.018429794601735994,-0.040573945947438905,17421.36240234375,17762.4149609375,17367.96641007134,17486.470807320773,-0.00305801691844322,-0.022694569742921812,266.88106357854116,0.01205247553927992,0.011960996129291926,18071.450094159358,16771.274710528145,0.07485931994479655,0.45914981700709107,46.900707758812054,-118.50439724943135,-152.99691334285257,34.492516093421216,68.35256987250334,76.41424139636278,35569300,0.8766505526041548,250.849609375,20.400390625,12.30078125,0,HOLD
2021-12-14,17283.19921875,17376.19921875,17225.80078125,17324.900390625,271000,-0.002495911181322197,-0.0024990311601760175,-0.010957976064786767,0.008628035572354031,0.02011995310622927,-0.043322622275706824,17382.1349609375,17756.5499609375,17361.34086861806,17474.50262830627,-0.0033036016959422485,-0.024914981360936315,258.5608760015025,0.011971481879340433,0.011948260858088748,17951.017311667038,16813.25261020796,0.06567222181980069,0.44969560029455036,45.91156289368388,-113.16175968820971,-145.029882611924,31.86812292371428,63.29486025499333,73.57778700855589,35298300,0.9273358769483432,41.701171875,51.298828125,57.3984375,0,HOLD
2021-12-15,17323.650390625,17351.19921875,17192.19921875,17221.400390625,215000,-0.005974060321640162,-0.005991976410169169,-0.016555046038350674,-0.014215979586141736,0.003174714057859962,-0.04321296845888323,17343.24501953125,17750.336953125,17339.811564311436,17455.754314403952,-0.00707518704301065,-0.030713911209447407,251.44938485853802,0.011782613016464088,0.011946308626095923,17839.82419707095,16846.665841991547,0.05767001129711022,0.37731601080183785,43.54995361820299,-115.94275009251578,-139.21245610804235,23.269706015526566,51.2192509713218,60.95556036627283,35083300,0.7423648636983556,102.25,27.548828125,29.201171875,0,HOLD
2021-12-16,17373.0,17379.349609375,17184.94921875,17248.400390625,219500,0.0015678167505297491,0.0015665890089298405,-0.006900500014394129,-0.01532519972120594,-0.008806635954631159,-0.03632955478814148,17310.73251953125,17741.4799609375,17325.748306821213,17440.3947644944,-0.003613791858642773,-0.028586973814714048,247.3744566989996,0.010849795112284408,0.01194473559156788,17737.893735490194,16883.57130357231,0.049530531096798586,0.4270391054033921,44.354085627032966,-114.64645767318507,-134.29925642107088,19.65279874788581,54.36940991488829,56.2945070470678,35302800,0.7680061580448181,124.599609375,6.349609375,63.451171875,0,HOLD
2021-12-17,17276.0,17298.150390625,16966.44921875,16985.19921875,354600,-0.01525945397337003,-0.015377077556357827,-0.01960768398176893,-0.03004354554079247,-0.012298871853814619,-0.043884621735968854,17271.75244140625,17724.7379296875,17273.35613942564,17406.67657592074,-0.01687076018160112,-0.043540184687449655,253.39779349728536,0.011287153281216173,0.012262584971094266,17667.160720505773,16876.344162306727,0.04655915706458496,0.1376489342750171,38.584037269861135,-133.32043649509797,-134.1034924358763,0.7830559407783255,12.503330077257793,39.363996987822624,34948200,1.2243840961276136,290.80078125,22.150390625,18.75,0,HOLD
2021-12-20,16824.25,16840.099609375,16410.19921875,16614.19921875,330600,-0.021842546279377872,-0.022084626281366433,-0.03525852474840252,-0.0434154725576843,-0.01762336656861152,-0.04606833882193151,17231.63486328125,17704.1019140625,17171.947382398615,17347.974549463648,-0.03716312994696987,-0.0656006757209512,276.3693796760507,0.012178196501890292,0.012439086895696533,17713.49787614155,16749.77185042095,0.058006167678125845,-0.14067549080605155,32.221108346986526,-176.02716706502542,-142.48822736170612,-33.5389397033193,16.59479950810452,27.822513166750202,34617600,1.1466227347611164,210.05078125,15.849609375,204.0,0,BUY
2021-12-21,16773.150390625,16936.400390625,16688.25,16770.849609375,241000,0.00942870544420904,0.009384532645495392,-0.02768667067292585,-0.03198002694144275,-0.023627916179144393,-0.041849132671592404,17195.00986328125,17683.7119140625,17110.240032702673,17305.224553901528,-0.025291518544721996,-0.054431488323477946,279.6430791188328,0.011323991042297405,0.012614203995248775,17699.514798893717,16690.504927668786,0.06016450536059239,0.07962725043373116,36.9491632801133,-194.98452119884314,-152.98748612913354,-41.9970350697096,29.33784767128163,19.478659085547978,34858600,0.84580693842455,2.30078125,163.25,82.599609375,0,BUY
2021-12-22,16865.55078125,16971.0,16819.5,16955.44921875,207900,0.011007170994593363,0.010947032985081793,-0.0017515249374973063,-0.015443063040319172,-0.029439504357532287,-0.0263910549715326,17172.02978515625,17664.9169140625,17086.42606132534,17279.31526981623,-0.012773508009846576,-0.04184304916722257,273.96502994070187,0.010286432395558156,0.012921178551899594,17676.21938586252,16667.84018444998,0.05947227869948958,0.28521912579796566,42.07687948047314,-192.88920849088026,-160.9678306014829,-31.921377889397377,44.354482508794064,30.09570989606007,35066500,0.7413746991174085,89.8984375,15.55078125,46.05078125,0,BUY
2021-12-23,17066.80078125,17118.650390625,17015.55078125,17072.599609375,197000,0.006909306212627531,0.006885546336514033,0.02759088082365535,-0.010192294779146738,-0.025361295547244866,-0.026439540416280605,17148.847265625,17647.449921875,17084.29891487144,17264.002998672437,-0.004466083548760314,-0.033670930359330505,266.0533257931517,0.010623502828180073,0.01291950508669646,17625.820467811554,16671.87406343845,0.05587587281372601,0.4200713416383929,45.126816889059754,-179.70408380098525,-164.71508124138336,-14.989002559601886,53.88432194368623,42.525550707920644,35263500,0.7099610782759093,5.798828125,46.05078125,51.25,0,BUY
2021-12-24,17149.5,17155.599609375,16909.599609375,17003.75,182600,-0.004032754879180422,-0.0040409083631890875,0.01388721478337085,0.001092173309896971,-0.028984184989469974,-0.0013331739611922577,17147.7123046875,17627.6859375,17071.906774121988,17244.724998770773,-0.00846650325295882,-0.03669401970153634,264.6209453793552,0.010603058740437247,0.011178440040993025,17625.951439411314,16669.473169963683,0.0562510193014853,0.34948711404495714,43.67142885327608,-172.8182246487777,-166.33570992286224,-6.4825147259154505,48.283608885894864,48.84080444612505,35080900,0.6793281125020901,145.75,6.099609375,94.150390625,0,BUY
2021-12-27,16937.75,17112.05078125,16833.19921875,17086.25,144800,0.004851870910828504,0.004840138519222991,0.007714380171381929,0.028412490727646178,-0.01623652354151972,0.0018940352662999427,17149.32734375,17606.1759375,17074.113424257066,17232.98610997294,-0.0036917020264832408,-0.03042949374497038,265.6374180308298,0.010681423400075864,0.011226491147817541,17626.505985664415,16672.148701835584,0.05585528034699428,0.4339059440114815,45.92204540161117,-158.87268571586537,-164.84310508146285,5.970419365597479,54.99474103990772,52.3875572898296,35225700,0.559959781894116,148.5,25.80078125,104.55078125,0,BUY
2021-12-28,17177.599609375,17250.25,17161.150390625,17233.25,176000,0.008603409174043453,0.008566610759914585,0.009409837652186503,0.027571673552335474,-0.005290096252131726,0.014723420365577278,17161.8298828125,17584.069921875,17098.595974371365,17233.00565738235,0.004144320844152976,-0.02035715386679828,258.3776024571991,0.011142846066530024,0.011330866727582274,17634.019562952228,16689.640202672774,0.05479984102124985,0.5756265121738678,49.77291503380787,-134.4096830109811,-158.7564206673665,24.346737656385415,66.95275833251245,56.743702752771675,35401700,0.7258031259020961,55.650390625,17.0,16.44921875,0,BUY
2021-12-29,17220.099609375,17285.94921875,17176.650390625,17213.599609375,161700,-0.0011402602889762914,-0.00114091088034896,0.012341372307579146,0.015225216819353182,-0.00045297020410994815,0.0027203058028753,17164.16484375,17558.8008984375,17116.288841295,17231.568172344767,0.0028718435857004445,-0.02005398620254272,247.72911857632772,0.010981420477171972,0.011086926297552768,17636.8932697706,16691.4364177294,0.05492499381281517,0.5522866437719707,49.26785759335545,-115.27933104976182,-150.0610027438456,34.78167169408377,65.3542568978173,62.43391875674581,35240000,0.6857506361323127,6.5,65.849609375,36.94921875,0,BUY
2021-12-30,17201.44921875,17264.05078125,17146.349609375,17203.94921875,320800,-0.0005606259494814747,-0.0005607831589689821,0.006888534274636093,0.0076935916251952285,-0.002577118507705811,-0.011361058717827666,17154.27978515625,17534.5048828125,17129.775053211153,17229.522323930338,0.0028870948735199107,-0.019213940930622987,238.44140809766145,0.010968476486790038,0.010623212765997222,17614.84247311331,16693.71709719919,0.05354150748772351,0.5539225548356047,49.004863937164785,-99.74727071918096,-139.99825633891265,40.25098561973169,64.56922602724491,65.62541375252488,34919200,1.3487775652210416,2.5,60.1015625,55.099609375,0,BUY
2021-12-31,17244.5,17400.80078125,17238.5,17354.05078125,167000,0.008724831757606522,0.008686990360265219,0.007009750409818327,0.020601383885907598,0.02171605747743155,0.009150102615531841,17162.14736328125,17516.25390625,17164.279011370974,17238.746654102164,0.011058133941620793,-0.009346701069657503,235.4707048406856,0.009878578994621046,0.010467513405377193,17630.64731301742,16693.647413545077,0.05399315187464557,0.7048062311171155,53.19031543402247,-74.46764273118606,-126.89213361736734,52.424490886181275,95.28064544113819,75.06804278873346,35086200,0.7211642267996687,109.55078125,46.75,6.0,0,BUY
2022-01-03,17387.150390625,17646.650390625,17383.30078125,17625.69921875,200500,0.015653315812207858,0.015532066331647875,0.023940350579001457,0.031572124881117825,0.06088165831420089,0.04218535196381312,17197.81982421875,17505.2058984375,17235.266735583133,17267.409807039043,0.024275882007340578,0.006836229236473118,239.5513408788509,0.006155505833351696,0.010179229862583794,17692.681856640076,16702.957791797424,0.056152329196097715,0.9323219064076638,59.645545448399844,-32.14307145590283,-107.94232118507443,75.7992497291716,98.30553989097452,86.05180378645252,35286700,0.871701230381284,238.548828125,20.951171875,3.849609375,0,BUY
2022-01-04,17681.400390625,17827.599609375,17593.55078125,17805.25,247400,0.01018687423526421,0.01013533773365083,0.03495132272273049,0.033191649862910344,0.061678472749929325,0.03659322278659194,17229.24736328125,17499.012890625,17322.95646857034,17307.249821332447,0.03235015721311126,0.01719925917215432,239.15830425357584,0.006207637257039934,0.00986642920690275,17790.177606699202,16668.3171198633,0.0630072864371971,1.0134351761887026,63.25271106381476,15.706647237901052,-83.21252750047935,98.9191747383804,98.42319717682983,97.33646083631417,35534100,1.0771742679873688,123.849609375,22.349609375,87.849609375,0,BUY
2022-01-05,17820.099609375,17944.69921875,17748.849609375,17925.25,251500,0.0067395852346920915,0.006716975758933995,0.032914460488219,0.04134233436203627,0.05719699718586968,0.026073641580446116,17252.02236328125,17495.0098828125,17415.617011867213,17353.02761234486,0.03755750333851698,0.024001903303301153,236.0648260479633,0.005968809863812688,0.00928123820591279,17882.802488119596,16621.2422384429,0.07037894867166121,1.033646836835774,65.47397330024033,62.58939952235596,-54.052142095912295,116.64154161826826,98.7325370641903,98.48709137733154,35785600,1.0965294733170514,105.150390625,19.44921875,71.25,0,BUY
2022-01-06,17768.5,17797.94921875,17655.55078125,17745.900390625,236500,-0.010005417462796928,-0.01005580805311726,0.006819654096169581,0.03150155612435457,0.039437507857928766,0.013076026018252307,17263.47490234375,17484.5598828125,17466.42983936841,17382.12929962487,0.02718517954355871,0.014726810252499983,238.46728266953735,0.007700116746315462,0.00961144295005324,17920.829700311362,16606.12010437614,0.07408525727044947,0.8669445250661668,59.66867189263426,84.3005397435445,-26.381605728020936,110.68214547156543,87.04471631638971,94.73348351913661,35549100,1.0312874741087932,22.599609375,29.44921875,90.349609375,0,BUY
2022-01-07,17797.599609375,17905.0,17704.55078125,17812.69921875,239300,0.003764183651131514,0.0037571168401497185,0.0004183720391457424,0.02642889797208281,0.04757475373079467,0.017211653278362826,17278.54482421875,17476.5948828125,17519.702051580964,17414.023367708214,0.02998727974752922,0.01886880431819731,235.75170667528468,0.007184894048929872,0.009632156004146266,17970.825733189246,16586.26391524825,0.07772891693380062,0.8857930990215489,61.05375169471521,105.67868387275303,0.030452192133857636,105.64823168061918,89.49420334461885,91.75715224173295,35788400,1.0356393222686213,15.099609375,92.30078125,93.048828125,0,BUY
2022-01-10,17913.30078125,18017.44921875,17879.150390625,18003.30078125,232400,0.010700318921871732,0.010643475643964555,0.00435423669125945,0.021423352220734104,0.05367185785353712,0.03656388992846149,17310.29736328125,17479.5158984375,17594.10185614543,17457.673546489088,0.03849313114240119,0.029093825025575757,233.5372990556215,0.007433989555369418,0.009621432079737055,18070.997565539292,16549.597161023208,0.08450674812368769,0.955503637248092,64.77141278387374,136.42830965634494,27.310023684976077,109.11828597136886,98.8189451373604,91.78595493278965,36020800,1.0110721976898436,90.0,14.1484375,34.150390625,0,BUY
2022-01-11,17997.75,18081.25,17964.400390625,18055.75,220200,0.002913311252602302,0.0029090757855369247,0.01746034873151281,0.014068884177419472,0.047727503517908776,0.042184924178293226,17346.83984375,17487.197890625,17665.12464750767,17501.975506008414,0.03926229352145438,0.03148870079476064,225.20246407843428,0.007367677171905418,0.009568978878864858,18174.137047442156,16519.542640057844,0.09163808799879888,0.9284495058639546,65.74054247644203,163.1491414992597,54.477847247832806,108.6712942514269,97.95681390668574,95.42332079622166,36241000,0.9686998218331349,58.0,25.5,33.349609375,0,HOLD
2022-01-12,18170.400390625,18227.94921875,18128.80078125,18212.349609375,245000,0.008673115731830494,0.008635720331115329,0.02243626222601458,0.016016491227458518,0.058020984725126956,0.05754173274372354,17396.3873046875,17492.851875,17749.313103179567,17554.595809961495,0.04480269279848841,0.039506035728889735,221.4165179835461,0.007154156910631911,0.009477633312731226,18302.629700128058,16490.144909246945,0.0995195474365437,0.9501898767878102,68.5246945929737,194.71729321807652,82.52573644188155,112.19155677619497,98.88154799247177,98.55243567883929,36486000,1.0707339990822233,41.94921875,15.599609375,41.599609375,0,HOLD
2022-01-13,18257.0,18272.25,18163.80078125,18257.80078125,303700,0.0024956237305924223,0.002492514833041471,0.014136296620953948,0.028846121039619588,0.061256374864873564,0.058521391419788626,17446.85732421875,17500.22890625,17827.541976728866,17606.68506709398,0.044416272624907625,0.041493051878296106,213.34742518114996,0.00691941588720264,0.009473326976946897,18424.156151590323,16469.558496847174,0.10705548155342123,0.9148902230914123,69.30439501549513,220.8569096348947,110.19197108048418,110.66493855441051,98.99592016221631,98.61142735379127,36789700,1.303293638021666,0.80078125,14.44921875,93.19921875,0,HOLD
2022-01-14,18185.0,18286.94921875,18119.650390625,18255.75,229500,-0.00011232356375068253,-0.00011232987251458901,0.01107680378826692,0.024872748133738076,0.0519590054285326,0.07480340765432025,17510.38486328125,17508.759921875,17893.420134155196,17654.763951012945,0.04082906134882153,0.04091807118989906,210.05823967713926,0.00709270726365948,0.008501572745272929,18523.896499140465,16496.87322742204,0.1110347847510196,0.8677141486816731,69.22107389805919,238.65618314225503,135.88481349283836,102.77136964941667,97.26466513809383,98.38071109759396,36560200,1.0120386294483352,70.75,31.19921875,65.349609375,1,HOLD
2022-01-17,18235.650390625,18321.55078125,18228.75,18308.099609375,266700,0.0028675682661627455,0.0028634646353713476,0.005257421587751221,0.01693016363101818,0.038716216710374285,0.10195498250155466,17595.0798828125,17516.5858984375,17957.216976496704,17703.15918496569,0.03894558920781622,0.04323298036526904,201.6827069323436,0.006055705935246853,0.006041851303581542,18577.501824761446,16612.657940863555,0.10732101779104132,0.862888742665466,70.20577668750678,254.05779153101685,159.51940910047406,94.53838243054278,98.85541537934829,98.3720002265528,36826900,1.1928882925192836,72.44921875,13.451171875,6.900390625,1,HOLD
2022-01-18,18337.19921875,18350.94921875,18085.900390625,18113.05078125,227500,-0.010653690567923424,-0.010710847446216868,-0.007928118053991073,0.003173547554103262,0.017287080004493083,0.08003179344740552,17662.18994140625,17517.4758984375,17981.191407997212,17733.521525431195,0.024891490963546873,0.03288098123310172,206.20885844610478,0.0071153752618647375,0.006860072285074231,18592.20364762803,16732.17623518447,0.10268990215436241,0.7423947286081669,62.21871031700397,247.66988256602053,177.14950379358336,70.52037877243717,80.25082893531467,92.12363648425226,36599400,1.020637056976218,224.1484375,13.75,27.150390625,1,HOLD
2022-01-19,18129.19921875,18129.19921875,17884.900390625,17938.400390625,276700,-0.00964224043394124,-0.009689027834056424,-0.017383542685181386,-0.015041948162964225,0.0007336238336983492,0.05797258209991951,17711.3375,17515.35890625,17974.608174555335,17748.69773766777,0.012657922985355292,0.02358301047824148,208.92957056602586,0.007697922783833213,0.007272354403330111,18589.190287394827,16833.484712605175,0.097874143544439,0.6293285695989052,56.067806828530244,225.91043688756326,186.90169041237937,39.0087464751839,62.91526649741737,80.6738369373601,36322700,1.2224971282141857,190.798828125,0.0,53.5,1,HOLD
2022-01-20,17921.0,17943.69921875,17648.44921875,17757.0,258100,-0.010112406160797005,-0.010163883876396832,-0.030101409820427194,-0.027429414267916785,0.0006254745676845808,0.04008764958379141,17745.55751953125,17510.154921875,17941.129993854513,17749.31272006275,0.000644392660288982,0.013901282768767214,215.09531552559545,0.007713586708090655,0.007752099100244678,18573.06055371736,16918.054485345136,0.0932030223783424,0.5069138601283188,50.485219831710005,191.817273791763,187.88480708825608,3.9324667035069183,38.61931712673282,60.59513751982161,36064600,1.1251335033457526,164.0,22.69921875,108.55078125,1,HOLD
2022-01-21,17613.69921875,17707.599609375,17485.849609375,17617.150390625,277600,-0.007875745304668613,-0.00790692279190989,-0.0273780710170779,-0.03498073808936908,-0.010978057043660283,0.036074418326839774,17776.2275390625,17505.0259375,17891.28697797305,17739.522917882176,-0.009029675339670893,0.006364505645854539,219.0992494612672,0.007971367052534402,0.007954378520656936,18534.014230776735,17018.440847348265,0.08602829344267757,0.39503830683669233,46.63044336355527,151.7640600908744,180.66065768877976,-28.896597597905355,15.177533295253662,38.90403897313461,35787000,1.1855901257767572,3.451171875,90.44921875,127.849609375,1,HOLD
2022-01-24,17575.150390625,17599.400390625,16997.849609375,17149.099609375,323800,-0.02656790518738339,-0.02692721026213864,-0.044000622355519825,-0.06330531429960717,-0.047446919998394343,0.003678373509400812,17779.37001953125,17485.9529296875,17777.104305881043,17695.787857992753,-0.03675239076760012,-0.019642624276807578,247.6850731604624,0.010242876038445918,0.010126719859654004,18526.126510337923,17032.613528724574,0.08708987734824754,0.07799468908835001,36.56710770597755,81.31644788828635,160.7918157286811,-79.47536784039474,11.178038848881402,21.65829642362262,35463200,1.3319895514099371,426.05078125,24.25,151.25,1,BUY
2022-01-25,17001.55078125,17309.150390625,16836.80078125,17277.94921875,326500,0.007513491221694313,0.0074854055398087425,-0.02697813714309849,-0.04610496445824952,-0.04307773320133479,0.0025937776536637536,17781.60498046875,17469.3229296875,17700.31121555319,17664.836847678474,-0.029150205000729117,-0.011076182046525596,263.73254003292936,0.01072003748568419,0.010082136704127114,18522.05107918559,17041.15888175191,0.08570995195579205,0.15989707921229934,40.381524084762425,35.47436787471452,135.72832615788778,-100.25395828317326,29.135085211881677,18.496885785338907,35789700,1.3027691325512678,276.3984375,31.201171875,164.75,1,BUY
2022-01-27,17062.0,17182.5,16866.75,17110.150390625,395600,-0.00971173291462768,-0.009759199363728934,-0.02877877458943645,-0.04617189838358504,-0.060519331244477725,-0.006009737713061458,17776.43251953125,17451.541953125,17609.517242487316,17623.74896197081,-0.038940752342616354,-0.019952575208635002,274.26587422700584,0.009774874478081336,0.010320488068095063,18533.92683675255,17018.938202309946,0.08854326816862453,0.06020651656476125,37.240844670574006,-14.231719483497727,105.73631702961067,-119.9680365131084,18.05302588604362,19.45538331560223,35394100,1.5081104778605818,48.150390625,72.349609375,195.25,1,BUY
2022-01-28,17208.30078125,17373.5,17077.099609375,17101.94921875,355300,-0.0004793161771092791,-0.0004794310858279706,-0.0027494382620079083,-0.03688972130709012,-0.06330727212704668,-0.005928871255259982,17771.33251953125,17435.6079296875,17531.429854220038,17585.097129139638,-0.039140760636066016,-0.019509981386898717,275.84691111257683,0.00952353950305724,0.01032037548380842,18545.368513070596,16997.296525991904,0.09052020721599609,0.06760195496820193,37.089014573403695,-53.6672749196041,73.85559863976772,-127.52287355937182,17.511389962386037,21.566500353437107,35038800,1.3456294500833157,106.3515625,165.19921875,24.849609375,1,BUY
2022-01-31,17301.05078125,17410.0,17264.150390625,17339.849609375,321700,0.0139107178709299,0.01381485185545943,0.0035826237154248375,-0.015740387923211863,-0.05017051562521402,-0.0008183202904040732,17770.6224609375,17427.10890625,17501.955970397725,17566.93064619411,-0.024842940467580295,-0.005032298367098972,278.1471875509642,0.011410412734073809,0.010618478080519786,18546.21281227794,16995.032109597058,0.08945756379814375,0.22229357236186428,44.19632192525818,-64.9746757963876,46.089543752536656,-111.06421954892426,33.223217464437006,22.929211104288886,35360500,1.18369975163278,38.798828125,70.150390625,36.900390625,1,HOLD
2022-02-01,17529.44921875,17622.400390625,17244.55078125,17576.849609375,386400,0.013667938611870323,0.013575374822651254,0.02727616111461617,0.024943000492350098,-0.03994133829300062,-0.002771499091680507,17768.17998046875,17430.3148828125,17513.478068701923,17567.665384207507,-0.010885362015710737,0.008336802659126194,285.2687891098239,0.01268563906511392,0.010472846371697195,18545.885300383907,16990.474660553595,0.08849200365238942,0.37699044471304316,50.22878566270831,-54.18731550558732,26.034171900911865,-80.2214874064992,48.87557981745102,33.203395748091346,35746900,1.3747465044294966,47.400390625,45.55078125,284.8984375,1,HOLD
2022-02-02,17706.19921875,17794.599609375,17674.80078125,17780.0,271200,0.011557838585399605,0.01149155699474709,0.03964757306767153,0.029057313162211162,-0.018387337686634364,-0.0014181210597997707,17766.91748046875,17435.847890625,17554.481442747783,17583.39387426621,0.0007357997486642294,0.01935613663526443,280.4460184591222,0.013318951915141304,0.010547845551182369,18544.459951528737,16989.375009408763,0.08746259516985234,0.5084127362926599,54.744791215382804,-28.91243151843082,15.044851217043329,-43.95728273547415,62.29238794495669,48.1303950756149,36018100,0.96081626868844,73.80078125,14.599609375,31.3984375,1,HOLD
2022-02-03,17767.75,17781.150390625,17511.150390625,17560.19921875,226600,-0.012362248664229525,-0.01243929691182117,0.012707700143827383,0.026303031700503965,-0.021083327589936918,-0.020365170987852288,17748.66494140625,17438.750859375,17555.36110059428,17581.67575163538,-0.010732550371923642,0.006916115122732996,279.6998742834706,0.013523693722312454,0.010766324086545672,18527.620860679308,16969.70902213319,0.0887183464799562,0.3790267087048338,49.51037013041865,-26.314651041106117,6.772950765413439,-33.08760180651956,47.77592603103023,52.981297931145974,35791500,0.8063626496806192,207.55078125,13.400390625,49.048828125,1,HOLD
2022-02-04,17590.19921875,17617.80078125,17462.55078125,17516.30078125,261400,-0.0024998826581151823,-0.002503012582150695,-0.003444805495332104,0.0242283237542138,-0.013555173663907238,-0.01293817751260995,17737.1849609375,17438.351875,17549.35182069516,17576.833161236464,-0.012610207054901679,0.004450078085747344,270.810597548937,0.013230250332396137,0.010563816827998682,18522.705333939437,16951.66458793556,0.08969021288362257,0.35940264105198905,48.51270260377637,-27.481340541307873,-0.07790749593082325,-27.40343304537705,44.87670978427437,51.648341253420426,35530100,0.9260965067668075,73.8984375,27.6015625,53.75,1,HOLD
2022-02-07,17456.30078125,17536.75,17119.400390625,17213.599609375,265000,-0.017281112927623465,-0.017432174227495423,-0.03185603996766029,-0.007280916665606041,-0.02290670013606455,-0.03363328611894911,17707.22998046875,17442.0948828125,17497.697634338212,17549.926972209687,-0.028676766178812787,-0.013274113411645484,281.2776698222272,0.014059213117460825,0.0111389704780188,18524.016915005013,16890.443045932487,0.09490018974200128,0.19782182462663286,42.198273781603916,-52.22933787148213,-10.508193571041085,-41.72114430044105,24.885197434614135,39.179277749972904,35265100,0.9345959195189444,242.701171875,80.44921875,94.19921875,1,HOLD
2022-02-08,17279.849609375,17306.44921875,17043.650390625,17266.75,268500,0.0030876976246183574,0.003082940476216172,-0.016711041548814975,-0.01764250228377684,0.006860441265422734,-0.04091198554084596,17670.40244140625,17446.3508984375,17462.16722905541,17528.950900194155,-0.023377441696106765,-0.010401546234091551,279.95775255813953,0.011188628292806873,0.010820242746181024,18496.83378442226,16843.971098390244,0.09572517619308872,0.25578585879051735,43.586744755414635,-66.78367113874992,-21.76328908458285,-45.02038205416707,33.26754399221409,34.34315040370086,35533600,0.9409497108813705,13.099609375,26.599609375,223.099609375,1,HOLD
2022-02-09,17370.099609375,17477.150390625,17339.0,17463.80078125,236400,0.01141215233034587,0.0113475249468573,-0.00299720818086191,-0.017783983056805397,0.010756575340452601,-0.03278452674355814,17640.80498046875,17455.9629296875,17462.418544777654,17524.12496545755,-0.010135491204686164,0.00044880559854507606,274.9893695629153,0.01151405267063901,0.011185349044957927,18452.176058925757,16829.433902011744,0.09292033144676441,0.39092278248581863,48.52370532547436,-61.706420679900475,-29.75191540364638,-31.954505276254096,56.644763309641945,38.26583491215672,35770000,0.8261112664243752,93.701171875,13.349609375,31.099609375,1,HOLD
2022-02-10,17554.099609375,17639.44921875,17427.150390625,17605.849609375,273600,0.008133901085124018,0.00810099920504003,0.022787215277527917,0.0025996510663874872,0.028971061471300796,-0.03330157903886255,17610.47998046875,17464.7419140625,17484.484862408015,17530.17864278477,-0.0002630018542975829,0.008014818849603386,270.5114737459213,0.011019266712554652,0.011159890477031345,18378.30569473197,16842.65426620553,0.08722393196569836,0.49698475122138225,51.79849402216256,-45.693780376757786,-32.94028839826866,-12.753491978489123,80.2933565528056,56.73522128488721,36043600,0.9513543586355543,51.75,33.599609375,126.94921875,1,HOLD
2022-02-11,17451.0,17454.75,17303.0,17374.75,253100,-0.01312629691281364,-0.013213208134273142,0.006254796067586499,-0.008081088753712273,0.015951443765890083,-0.04836567075246301,17566.32744140625,17464.20390625,17467.602575883706,17518.665409985897,-0.011026198443502826,-0.005148500338134404,272.82134057656975,0.01212261205935529,0.011399863984413587,18279.817050002413,16852.837832810088,0.0821294819892272,0.36574615866967036,46.60397646830863,-51.062834102194756,-36.564797539053885,-14.498036563140872,56.16515733299619,64.36775906514791,35790500,0.8878832526485622,76.25,3.75,71.75,1,HOLD
2022-02-14,17076.150390625,17099.5,16809.650390625,16842.80078125,305500,-0.03061622289529342,-0.031094690696753635,-0.03555926958733613,-0.021541039442038223,-0.02866511759457613,-0.07739748948961289,17495.67998046875,17457.1259375,17371.479222863138,17468.60136341287,-0.03876310167757603,-0.03647404990587369,293.6983597764576,0.014963455029973441,0.013003529645465448,18201.89569776682,16789.46426317068,0.08385965332847181,0.03776219982992082,37.325282762138,-97.1221405497381,-48.67626614119074,-48.44587440854737,3.3656954078374914,46.60806976454642,35485000,1.057605760576054,233.349609375,23.349609375,33.150390625,1,BUY
2022-02-15,16933.25,17375.0,16839.25,17352.44921875,298700,0.03025912638397754,0.02981034961442144,-0.014392965761224397,0.004963251263266022,-0.012766815192257863,-0.05219822980074029,17447.8974609375,17465.929921875,17368.551529922654,17459.99750084525,-0.005500563118453874,-0.006539751345439932,310.98776264956774,0.01766798114157186,0.01504100469831762,18049.317316115128,16846.477605759872,0.06931815187538717,0.42064757975131184,48.006038389270095,-91.44597092259937,-57.23020709747247,-34.2157638251269,55.10932114996411,38.21339129693259,35783700,1.0283687943262376,419.19921875,22.55078125,94.0,0,HOLD
2022-02-16,17408.44921875,17490.599609375,17257.69921875,17322.19921875,244500,-0.0017432697608654735,-0.001744791023833279,-0.003024548914372871,-0.008108290072343816,-0.025748075435882978,-0.04366197456469689,17408.3548828125,17468.839921875,17361.42040512686,17449.790220690043,-0.004973713959440058,-0.008465478388348664,305.4100932192415,0.017096983698664758,0.01492042002982169,17928.090971588375,16888.61879403662,0.06000809507066527,0.4171159498796435,47.48874178948528,-88.36981556319006,-63.458128790615994,-24.911686772574065,52.03809682447144,36.83770446075767,35539200,0.8393120730493261,86.25,82.150390625,64.5,0,HOLD
2022-02-17,17396.55078125,17442.900390625,17235.849609375,17304.599609375,232100,-0.001016014719190439,-0.001016531212017758,0.027418173148440417,-0.017110790259141306,-0.01455562127689769,-0.035332067935178735,17376.66484375,17465.5369140625,17352.67874424196,17439.035360592632,-0.004164513250913844,-0.009300261683044708,298.38442807858144,0.01674059437151021,0.014815956866199471,17837.177548195483,16916.15213930452,0.053224312014245406,0.4217554329340398,47.17026746319774,-86.35661635068027,-68.03782630262886,-18.31879004805141,50.25124233086255,52.46622010176603,35307100,0.8028919330289166,91.951171875,46.349609375,68.75,0,HOLD
2022-02-18,17236.05078125,17380.80078125,17219.19921875,17276.30078125,189600,-0.0016353356196504576,-0.0016366742405402451,-0.004388339452261247,-0.0056662236147282385,-0.013701523112511493,-0.027070970251168558,17352.6298828125,17460.7259375,17340.92828839704,17426.98094730799,-0.004418139191309988,-0.010675037358122195,288.6142233943971,0.0167361647932759,0.014683061830652436,17780.233503422733,16925.026262202267,0.04950175688933497,0.4107478306030459,46.62878059511959,-86.05265891095405,-71.6407928242939,-14.411866086660154,47.37811673349277,49.88915196294224,35117500,0.6637377255780551,40.25,104.5,16.8515625,0,HOLD
2022-02-21,17192.25,17351.05078125,17070.69921875,17206.650390625,215200,-0.004031556958107085,-0.004039705592356217,-0.0066705634005136405,0.021602678444077483,-0.0004037051463783303,-0.02330115772971142,17332.1048828125,17454.6329296875,17320.270150278266,17410.660165331476,-0.007291046737129738,-0.014412017065076981,288.02403333051154,0.015825947591604377,0.014617031427302807,17746.142968592256,16918.06679703274,0.048125355764227634,0.34849885010991344,45.251900252985244,-90.39001505320994,-75.39063727007711,-14.999377783132829,40.30664651968891,45.97866852801474,34902300,0.7616755446227874,14.400390625,144.400390625,121.55078125,0,HOLD
2022-02-22,16847.94921875,17148.55078125,16843.80078125,17092.19921875,300100,-0.006651566067580439,-0.00667378632095619,-0.012274215839696678,-0.014997882818685304,-0.01010906981626536,-0.003317981230565259,17329.25986328125,17449.1119140625,17285.182314658534,17387.0704655847,-0.013869522669218476,-0.020881613345634962,293.3687173336893,0.015919171811361706,0.01341822645361899,17749.031133665852,16909.48859289665,0.049118462172394455,0.21763117052499753,43.00471151007801,-101.88815092617006,-80.6901400012957,-21.198010924874353,29.08377026505404,38.92284450607856,34602200,1.0666429713879473,244.25,56.3515625,4.1484375,0,HOLD
2022-02-23,17194.5,17220.69921875,17027.849609375,17063.25,200200,-0.0016937094155936583,-0.0016951453630000418,-0.012331967586557857,-0.01494898052377247,-0.022936059925743768,-0.012426198041895486,17318.52490234375,17443.87890625,17251.038881634144,17363.083764430277,-0.014960508832945071,-0.02230694072055441,286.18878105092574,0.015321028625764116,0.013301406293758124,17753.69458754611,16883.35521714139,0.0510066587786453,0.20669498471010167,42.43074744968529,-112.04488279613724,-86.96108856026402,-25.083794235873228,30.56157718950141,33.31733132474811,34402000,0.7279073572454389,131.25,26.19921875,35.400390625,0,HOLD
2022-02-24,16548.900390625,16705.25,16203.25,16247.9501953125,458000,-0.04778103847083648,-0.04896026903082192,-0.055716840497604614,-0.061061766115064864,-0.07712774130135858,-0.050391152364441916,17275.414892578126,17424.40990234375,17096.717545276966,17280.48127782896,-0.06323657353172144,-0.07240665394030163,327.17529669014533,0.020465272070077214,0.016915704760300382,17909.82865061885,16641.001134537404,0.07809154390733539,-0.3097749175856972,30.204253427014464,-183.76373255199724,-106.32161735861067,-77.44211519338657,3.112395183685237,20.919247546080218,33944000,1.6465639661339841,300.9501953125,156.349609375,44.7001953125,0,HOLD
2022-02-25,16515.650390625,16748.80078125,16478.30078125,16658.400390625,329800,0.025261660109649586,0.024947858168202962,-0.025379930491865932,-0.03576578102272965,-0.041229347724427656,-0.025935571580268046,17253.237451171874,17412.60990234375,17029.28413686897,17234.401212110148,-0.03570793393113755,-0.04527502605491476,339.58067449352785,0.022820707361040603,0.018016534970012814,17939.2671676469,16567.207734696847,0.08236441679731861,0.06646407126257924,39.634778384217384,-205.11707524118174,-126.0807089351249,-79.03636630605683,31.691313063179454,21.78842847878869,34273800,1.1911297312915299,142.75,90.400390625,37.349609375,0,HOLD
2022-02-28,16481.599609375,16815.900390625,16356.2998046875,16793.900390625,404200,0.008134034290366632,0.008101131335537446,-0.01578536383016127,-0.02398781811856221,-0.0029033407958750646,-0.03148523378512036,17225.939990234376,17408.78392578125,16993.071252831436,17201.771521629766,-0.025725983217725693,-0.036613503763515236,348.1535253109545,0.02101054445119718,0.017807345667454955,17938.929429315285,16512.950551153466,0.08491052376122554,0.19702244105712116,42.40159807405269,-208.70026879833313,-142.60462090776656,-66.09564789056657,41.125937329159264,25.309881858674643,34678000,1.438408569242535,312.30078125,22.0,125.2998046875,0,HOLD
2022-03-02,16593.099609375,16678.5,16478.650390625,16605.94921875,517700,-0.011191633122935585,-0.011254730666993663,0.02203348847910558,-0.028448650391728836,-0.04301986368548927,-0.05523745222847831,17177.394970703124,17408.61892578125,16933.514016818906,17157.636536231264,-0.034412110047156906,-0.048336273732846664,345.8032735030292,0.018267659208869035,0.0175627689845316,17919.80837557929,16434.981565826958,0.08941535290712527,0.11514316134380952,39.68449951681555,-224.12251941236173,-158.9082006086856,-65.21431880367612,28.03923115210231,33.618827181480334,34160300,1.8002573286504093,12.849609375,72.55078125,114.44921875,0,HOLD
2022-03-03,16723.19921875,16768.94921875,16442.94921875,16498.05078125,442100,-0.00649757722841704,-0.006518778370608893,-0.009625750709248204,-0.033123772947709296,-0.0475775868348125,-0.07210063097581554,17113.297509765624,17403.16294921875,16866.519672885228,17108.778332158578,-0.037292085996901536,-0.054861763972590474,344.3887539670985,0.018257473483564348,0.017253211605242045,17857.890597987134,16368.704421544111,0.09026437099681377,0.0868570778804506,38.17224238685023,-242.25865927335326,-175.57829234161915,-66.68036693173411,22.899822946551705,30.68833047593775,33718200,1.4930010300052294,225.1484375,45.75,55.1015625,0,HOLD
2022-03-04,16339.4501953125,16456.0,16133.7998046875,16245.349609375,456100,-0.015317032007332254,-0.015435549523985674,-0.03266369148862058,-0.0001600562474797229,-0.06121204904539579,-0.07487669091880589,17047.555029296876,17388.96095703125,16770.955047729807,17044.820648989422,-0.04938061902090018,-0.07039622877652844,345.80748415248434,0.01849450940827271,0.01734467278573225,17852.44822477959,16242.661833814163,0.09909213588339381,0.001669647337012837,34.82510209868303,-273.8656012596184,-195.235754125219,-78.62984713439943,8.221537495960378,19.72019719820479,33262100,1.4828180369972968,94.1005859375,116.5498046875,111.5498046875,0,BUY
2022-03-07,15867.9501953125,15944.599609375,15711.4501953125,15863.150390625,585400,-0.02352668473994779,-0.023807855961420165,-0.04473088640342804,-0.04773867726504821,-0.08179704721040137,-0.09437782619002433,16964.897509765626,17364.77197265625,16631.292792790606,16957.289518740206,-0.06945323545515586,-0.09466099387916645,359.24262200319976,0.019184736857252128,0.017894129857666866,17890.717334364774,16039.077685166476,0.11672584597650934,-0.09501162638073339,30.472915807870166,-325.9967259496043,-221.38794849009605,-104.60877745950825,8.52655736013248,13.215972600881512,32676700,1.8079619506470188,4.7998046875,76.6494140625,151.7001953125,0,BUY
2022-03-08,15747.75,16028.75,15671.4501953125,16013.4501953125,543600,0.009474776509483585,0.009430172336242727,-0.02937320246875752,-0.04647224153765839,-0.06934529197865336,-0.06972100207378273,16904.8900390625,17344.9659765625,16536.240085486283,16887.3754947826,-0.05566819347968767,-0.0831498374809799,359.10384933779267,0.019979893442267617,0.017911352828890854,17910.583139877075,15899.196938247922,0.12560604848403822,0.056803241949248774,33.96773397063882,-351.13540929631927,-247.33744065134073,-103.79796864497854,18.799995061222056,11.849363305771627,33220300,1.6096174345611702,265.7001953125,15.2998046875,76.2998046875,0,BUY
2022-03-09,16078.0,16418.05078125,15990.0,16345.349609375,462200,0.020726290088294297,0.020514423015661167,0.0061556077526512265,-0.015693147434219124,-0.0436953489610461,-0.05336269944401817,16858.82001953125,17330.14796875,16506.872319930702,16847.22542919685,-0.03141385301797059,-0.060249452162843976,364.0286301886646,0.021820682667388337,0.018668611547325076,17878.308812237,15839.3312268255,0.12474358971447319,0.24817260678573347,41.018251018161074,-340.35310926615057,-265.94057437430274,-74.41253489184783,38.0422444754998,21.7895989656181,33682500,1.3304356586692727,267.349609375,72.701171875,88.0,0,BUY
2022-03-10,16757.099609375,16757.30078125,16447.900390625,16594.900390625,486400,0.01526738719047449,0.015152013456311012,0.046128920295205544,0.005870366788121917,-0.02744785485619683,-0.0497543691381257,16815.375,17317.3809765625,16520.415100037517,16828.534685598934,-0.013285684408178388,-0.043536301449911316,367.4516688805457,0.02268284577170612,0.018839715557827177,17801.548356595475,15829.201643404527,0.11885257921193612,0.38821711319776236,45.71185953518096,-308.11958556142054,-274.3763766117263,-33.743208949694235,54.023452117403416,36.95523055137508,34168900,1.3514677484336106,162.19921875,0.201171875,147.0,0,BUY
2022-03-11,16528.80078125,16694.400390625,16470.900390625,16630.44921875,343700,0.0021421537513466316,0.0021398626113986923,0.038530049171921155,0.02370522141011744,0.023541370993853228,-0.055402063079398656,16766.60498046875,17305.71796875,16537.343425993284,16813.861688054567,-0.008187136735022239,-0.040604360177996124,357.16940681764953,0.016183116472741416,0.018710949494781026,17685.78576646209,15847.424194475409,0.1105419070649048,0.42593635343887537,46.36660953504987,-276.5182620612868,-274.8047537016384,-1.713508359648415,57.09684977885484,49.72084879058601,34512600,0.9457637379268569,101.6484375,63.951171875,57.900390625,0,BUY
2022-03-14,16633.69921875,16887.94921875,16606.5,16871.30078125,314700,0.014482565042708062,0.014378694372337426,0.032177419537930074,0.06355297439661234,0.012780362197610362,-0.028975911523906772,16741.43251953125,17299.065,16588.721480648164,16818.116435698674,0.007697584401025033,-0.02535454878650474,351.76082195567454,0.014794044693018999,0.018916861788970934,17619.261019504247,15863.60401955825,0.10406174501358868,0.5739713177016764,50.70457434642905,-229.3949550505131,-265.72279397141335,36.32783892090026,77.4472384868929,62.855846794383716,34827300,0.8586864580206803,237.6015625,16.6484375,27.19921875,0,BUY
2022-03-15,16900.650390625,16927.75,16555.0,16663.0,381600,-0.012346456503312231,-0.012423307208470636,0.00410364676930941,0.040562764224141956,-0.007794519889975815,-0.01067523053827013,16732.44248046875,17285.243984375,16600.14894516383,16806.626329350624,-0.0041674656705726135,-0.0373428544904879,353.2600489588407,0.015166462869016763,0.017836855564974996,17609.616818489816,15855.268142447687,0.10528408306080113,0.46041694480832823,47.152503320453135,-206.47738418679728,-253.87371201449014,47.39632782769286,64.00196415728135,66.18201747434301,34445700,1.0305297127965514,237.650390625,27.099609375,108.0,0,BUY
2022-03-16,16876.650390625,16987.900390625,16837.849609375,16975.349609375,260000,0.018745100484606647,0.018571576221107083,0.02073909045319966,0.038543072803940426,0.02224506324564124,-0.021731780028350633,16713.5875,17272.2369921875,16657.87212427324,16819.12435009317,0.015420130683519755,-0.01748932361596472,351.23435907785205,0.01580200796040381,0.016960019697631022,17551.997830137127,15875.177169862875,0.09877974232402212,0.6561062047813335,52.52342292558986,-161.25222581993512,-235.34941477557913,74.09718895564401,99.04661936359692,80.16527400259038,34705700,0.7058312520360498,98.69921875,12.55078125,38.80078125,0,BUY
2022-03-17,17202.900390625,17344.599609375,17175.75,17287.05078125,448300,0.018361988356508263,0.01819544269851146,0.024642438979100234,0.041708619776712696,0.04782383146115032,-0.0020290978677784954,16711.830078125,17261.8730078125,16754.668840731203,16853.7855672159,0.033274658031831536,0.0014564527955692487,352.5211905722912,0.016211700232185905,0.017498441343120213,17545.262684700057,15878.397471549943,0.09642276373469336,0.8450913118746282,57.19827288484585,-99.11672648469903,-208.10287711740312,108.9861506327041,96.56044895684073,86.53634415923966,35154000,1.184255712587502,84.150390625,57.548828125,27.150390625,0,HOLD
2022-03-21,17329.5,17353.349609375,17096.400390625,17117.599609375,285500,-0.009802202470463706,-0.009850560325581039,0.02728197859779158,0.029292677799452438,0.053692288622501305,-0.010806375427414694,16702.480078125,17245.72,16810.50434359948,16873.32734811657,0.02425103640247813,-0.007484717106879398,345.69462115641323,0.015530793421014065,0.01763623928693479,17512.98292128164,15891.977234968363,0.09469818919151972,0.7560876465482157,54.08066748672609,-62.823004517096706,-179.04690259734187,116.22389808024516,85.98310945179749,93.86339259074504,34868500,0.7489113897486996,211.900390625,23.849609375,21.19921875,0,HOLD
2022-03-22,17120.400390625,17334.400390625,17006.30078125,17315.5,338300,0.011561223252155806,0.011494902983443505,0.020037901925574753,0.0263286882564302,0.09155492910369989,0.0022689590350581934,16704.4400390625,17237.1119921875,16888.195983045716,16906.080877885714,0.03528976702593044,0.004527042696572452,344.43783460059797,0.011795833918551386,0.017833114146486462,17520.65333106015,15888.226747064851,0.09427545170484829,0.8743261515878274,57.02661212371857,-17.884894840004563,-146.8145010458744,128.92960620586985,97.74959138111731,93.4310499299185,35206800,0.8704377918719665,195.099609375,18.900390625,114.099609375,0,HOLD
2022-03-23,17405.05078125,17442.400390625,17199.599609375,17245.650390625,292100,-0.0040339354552280104,-0.004042093720190609,-0.002394878753402163,0.034966716115045315,0.07694782700065428,0.0022665654915177136,16706.3900390625,17225.771015625,16943.188968827144,16931.23417512566,0.031269354263127803,0.0011527181955867068,337.1780450755553,0.012471910767450023,0.017833144321381177,17527.564569547958,15885.215508577037,0.09523265425024079,0.828346978347511,55.66909538840648,11.954793701475865,-115.06064209640435,127.01543579788022,88.89014493345016,90.87428192212165,34914700,0.744203821656049,159.400390625,37.349609375,46.05078125,0,BUY
2022-03-24,17094.94921875,17291.75,17091.150390625,17222.75,290300,-0.0013278937068936791,-0.0013287761390126268,0.0061428233528380005,0.014574096929842684,0.05367890021280175,0.00763803297511223,16712.917578125,17210.16,16986.19835823835,16952.82793993117,0.02960226571685698,0.000731009856149578,327.42244252551563,0.011807504713025658,0.017764057254607276,17548.209713655328,15877.625442594675,0.09699869481126139,0.8051821034747929,55.20510344380155,33.37041830718226,-85.37443001568703,118.74484832286929,87.59703174000099,91.41225601818947,34624400,0.7405423331037455,127.80078125,69.0,3.798828125,0,BUY
2022-03-25,17289.0,17294.900390625,17076.55078125,17153.0,237100,-0.004049875890900112,-0.004058098847076208,-0.009384655366579064,-0.007754404319526564,0.03363078995582813,0.005259842058224606,16717.405078125,17192.105,17011.860149278607,16967.655499936267,0.025394678591208492,-0.002279776132454939,319.6315258719074,0.01157441199069298,0.017787391852170924,17561.099541481923,15873.710614768077,0.09837281680836271,0.7581473156414236,53.73601567309957,44.20464934233678,-59.45861414408226,103.66326348641904,83.65846812682766,86.71521493342625,34387300,0.6019981973061137,136.0,5.900390625,76.44921875,0,BUY
2022-03-28,17181.849609375,17235.099609375,17003.900390625,17222.0,253200,0.004022619949862971,0.004014550846285441,-0.00137138293362693,0.006099008798396088,0.03557034289747607,0.05994908852985725,16766.107568359374,17172.2980078125,17044.189357081897,16986.49583327432,0.026471515018036608,0.002885959365201478,313.31493250605683,0.011567461652139788,0.013702668893425559,17608.23478375864,15923.980352960107,0.09779668045514643,0.7706790751464497,55.01145563228468,57.69352380757118,-36.028186553751574,93.72171036132275,87.55468159362277,86.27006048681714,34640500,0.6600367556013174,40.150390625,13.099609375,177.94921875,0,BUY
2022-03-29,17297.19921875,17343.650390625,17235.69921875,17325.30078125,235100,0.005998187274997013,0.00598026976240216,0.005954379019029954,0.0005660120267967361,0.02690960263743003,0.04003387930334035,16799.452587890624,17153.6480078125,17087.437268492373,17011.592496087334,0.030351461137602044,0.009907635983051416,299.6246080859814,0.010973309387861693,0.01269587531927352,17674.066747533296,15924.838428247953,0.10096380671084304,0.8006172422210803,56.92602513188967,75.84477240503838,-13.653594761993585,89.49836716703197,91.93751185066748,87.71688719037263,34875600,0.6205130912162146,28.1015625,18.349609375,61.5,0,BUY
2022-03-30,17468.150390625,17522.5,17387.19921875,17498.25,505000,0.009982465582194733,0.009932969892759297,0.02012767445927821,0.014647148913114805,0.05012602772609975,0.041940799516007266,16834.670068359374,17138.4980078125,17150.639227185853,17047.641200080867,0.03792264550115734,0.02055931262769129,292.308508847697,0.009774837608322413,0.012749179881022728,17760.761988084654,15908.578148634095,0.10584966150618258,0.858268935030021,59.99558954324387,102.99802710498625,9.676729611402381,93.32129749358387,97.74334554112633,92.41184632847218,35380600,1.3153782037924533,30.099609375,24.25,80.951171875,0,BUY
2022-03-31,17519.19921875,17559.80078125,17435.19921875,17464.75,281100,-0.001914477162001882,-0.001916312115762529,0.014095343165718255,0.014051182302477816,0.028830062525175837,0.05171645233506528,16877.610107421875,17121.631015625,17198.963961464953,17078.538148223026,0.03361856840654032,0.019646372514636617,280.3294412514329,0.00865310871171882,0.012402912370204222,17836.363649581563,15918.856565262187,0.10979298783660661,0.8061995949734526,59.116802545056416,120.42581324192724,31.826546337507352,88.59926690441989,91.27093882339014,93.65059873839465,35099500,0.7554623881319016,54.44921875,40.6015625,29.55078125,0,BUY
2022-04-01,17436.900390625,17703.69921875,17422.69921875,17670.44921875,291800,0.011777965258592316,0.01170914487476482,0.019921641872649776,0.030166689136011282,0.02217836011194252,0.0710628457291711,16936.230029296876,17112.778984375,17271.500154893423,17122.383412706506,0.041550680481515376,0.03155948258424919,280.377338304902,0.007520571767300651,0.012370754407702878,17937.41377292975,15935.046285664,0.1133172938886608,0.8666755448845407,62.727001589594266,149.1167421869177,55.28458550738942,93.83215667952827,97.10542155359153,95.373235306036,35391300,0.8003840087773413,233.548828125,33.25,14.201171875,0,HOLD
2022-04-04,17809.099609375,18114.650390625,17791.400390625,18053.400390625,345500,0.021671841339984343,0.0214403456403388,0.03172605206949264,0.04827548430060391,0.05466892570249615,0.11129651406249796,17026.632568359375,17115.078984375,17391.792498852126,17191.347633293062,0.05687392956724197,0.05197477405626391,292.0790407027662,0.008457223234559367,0.012171089243053467,18086.74066877116,15966.52446794759,0.11744137696766428,0.9842750573577389,68.33339139883812,200.4448655590677,84.31664151772509,116.1282240413426,96.07283783800706,94.81639940499622,35736800,0.9622749237560725,244.30078125,61.25,17.69921875,0,HOLD
2022-04-05,18080.599609375,18095.44921875,17921.55078125,17957.400390625,283500,-0.005317557796472028,-0.005331746328175393,0.028208270408966563,0.03648419253183066,0.03707085505038843,0.13201980366003996,17131.345068359376,17119.0869921875,17478.809097586414,17248.092281984318,0.04600082998076277,0.04668344973112918,283.6375690454257,0.0087628308616538,0.010456778669153033,18122.5554124063,16140.134724312455,0.11039575021832246,0.9166902248477762,65.66685397201613,230.7168156020998,113.59667633460003,117.12013926749978,87.68406142060387,93.62077360406748,35453300,0.8242477104230242,123.19921875,14.849609375,35.849609375,1,HOLD
2022-04-06,17842.75,17901.0,17779.849609375,17807.650390625,328800,-0.008339180323571727,-0.008374145812508964,0.007764441649248832,0.01768179050047869,0.03258792723210435,0.11204332441972453,17221.055078125,17122.8969921875,17529.4000657462,17289.541030772518,0.03294063504351028,0.03845276515525008,276.05994134575246,0.009274788204654449,0.010918044869635353,18110.91258980038,16331.197566449619,0.09994103569596745,0.8296006971918221,61.626996948797505,239.8590349736878,138.8491480624176,101.0098869112702,72.36101733063245,85.37263886308112,35124500,0.9867651030881397,35.099609375,58.25,27.80078125,1,HOLD
2022-04-07,17723.30078125,17787.5,17623.69921875,17639.55078125,308800,-0.00943974110495216,-0.009484577848941177,-0.022923637676030784,0.010008776607165926,0.02420059405437569,0.0791785555405129,17285.76513671875,17132.706015625,17546.34632966986,17315.467678956036,0.020056386294559567,0.0287334281870574,269.480743526413,0.010042654146205079,0.010769136621430303,18096.167839983842,16475.362433453658,0.09188473258928015,0.718277680408233,57.36099529271451,230.87865071383203,157.25504859270052,73.62360212113151,57.227133974791805,72.42407090867603,34815700,0.94857774774221,83.75,64.19921875,15.8515625,1,HOLD
2022-04-08,17698.150390625,17842.75,17600.55078125,17784.349609375,274400,0.008208759390795572,0.008175250776633796,-0.009636739031577468,0.006445811830530168,0.036806949768262154,0.0716755865206613,17345.23759765625,17142.8340234375,17582.962218855268,17350.199673801886,0.024690923276006218,0.03607191716470343,267.53206318524064,0.009909848135185485,0.010488025066296784,18117.806767902694,16572.668427409808,0.08688191440402002,0.7841894477732604,59.93382434596305,232.76254505338875,172.35654788483816,60.405997168550584,70.26326524870584,66.61713885137668,35090100,0.8712770686479937,86.19921875,58.400390625,97.599609375,1,HOLD
2022-04-11,17740.900390625,17779.05078125,17650.94921875,17674.94921875,251700,-0.006151497975913078,-0.006170496392137639,-0.007451919201247437,-0.02096287478737391,0.026300616580536618,0.06280648142819723,17397.46259765625,17154.13,17597.11406499292,17374.255195649897,0.01569942960850979,0.029466518534463554,257.95122943093776,0.010380173831959534,0.010707010153795377,18108.4554145034,16686.469780809097,0.0804520350296582,0.6951402422907382,57.12904102858249,222.85886934303198,182.45701217647695,40.40185716655503,60.41402909070448,62.63480943806737,34838400,0.811045949603658,65.951171875,38.150390625,24.0,1,HOLD
2022-04-12,17584.849609375,17595.30078125,17442.349609375,17530.30078125,266000,-0.008183810641252287,-0.008217481851263662,-0.006193468379938949,-0.023784044465477105,0.011832406408889495,0.039060414401027366,17430.41259765625,17162.69703125,17586.83509826324,17385.814127916572,0.005698030218659344,0.020969620235676664,256.1403994269422,0.010830586125099618,0.010638654430369248,18100.731865470898,16760.093329841602,0.07647550104007408,0.5745079161448152,53.56003151032042,201.0209703466753,186.16980381051664,14.851166536158672,47.39143737339636,59.35624390426889,34572400,0.8639028271707154,54.548828125,10.451171875,87.951171875,1,HOLD
2022-04-13,17599.900390625,17663.650390625,17457.400390625,17475.650390625,245100,-0.0031174816283502382,-0.0031223510971550208,-0.017357914432095334,-0.018643672394578426,-0.0012915354035403226,0.04876975278311235,17471.0451171875,17165.413046875,17569.72975862659,17392.468665894972,0.0002635251526873801,0.017752549222226903,252.57679946787493,0.010439427037438873,0.010174993932672693,18041.43865397064,16900.65158040436,0.06527866191339393,0.5040369263850438,52.232348098365776,177.26109273162,184.38806159473734,-7.126968863117327,42.471303173531396,50.092256545877405,34327300,0.8140693503387777,124.25,63.75,18.25,1,HOLD
2022-04-18,17183.44921875,17237.75,17067.849609375,17173.650390625,376100,-0.017281188010147552,-0.017432250630348714,-0.02836210853682175,-0.026412259382491143,-0.016667837179175193,0.01168169055796553,17480.96015625,17157.3490625,17508.79447124173,17376.25990476386,-0.017894260022479434,0.0009492057747895866,263.66422673802674,0.011783796748145978,0.010323000408207349,18022.71791779096,16939.20239470904,0.06309174220021428,0.21637714543201728,45.5175772117253,132.53456647786516,174.01736257136292,-41.48279609349777,15.282466801710555,35.0484024495461,33951200,1.2255405119181413,9.798828125,54.30078125,105.80078125,1,HOLD
2022-04-19,17258.94921875,17275.650390625,16824.69921875,16958.650390625,401400,-0.012519178806467801,-0.012598203971631295,-0.03260927452177109,-0.0464284180690383,-0.04028187508497039,-0.018996900904646563,17464.54013671875,17140.9220703125,17424.156920377616,17345.3258666795,-0.029830778655205666,-0.010748006208575526,277.041865676382,0.011205697400701296,0.009829061402884108,18047.175814595685,16881.90445884182,0.06871250535349477,0.06586099572787102,41.4337950935432,78.83105369811528,154.9801007967134,-76.14904709859812,10.38420482848945,22.71265826791046,33549800,1.3180534576738645,300.298828125,16.701171875,133.951171875,1,BUY
2022-04-20,17045.25,17186.900390625,16978.94921875,17136.55078125,286100,0.010490244596548015,0.010435603778864927,-0.0194041195489304,-0.03046110236791255,-0.05078542488046256,0.0011071162024738346,17465.4876953125,17132.4491015625,17379.90982205029,17329.861045536574,-0.01919504795693225,0.00023935269937687122,273.55673241378327,0.008611884004379903,0.009910162726276605,18045.920808791914,16885.054581833083,0.06774211693924988,0.21664528916097017,45.769411657246096,50.04877651371862,133.99383594011445,-83.94505942639583,24.17545480009993,16.614042143433306,33835900,0.9393571264405525,91.30078125,50.349609375,66.30078125,1,HOLD
2022-04-21,17234.599609375,17414.69921875,17215.5,17392.599609375,285200,0.014941678252146096,0.014831150992767859,0.012749136832872932,-0.007855037605645765,-0.03145225750743219,0.004452635463890742,17469.34267578125,17129.975078125,17381.86209702332,17334.508346561644,-0.004412397693837689,0.015099785951976901,273.884711348513,0.010701479902086546,0.01014200984018673,18046.756243851007,16891.92910771149,0.0663976151970427,0.4335458407539441,51.351581945518035,47.35375046167974,116.66581884442752,-69.31206838274778,44.02495249487096,26.194870707820105,34121100,0.9446367355050231,158.0,22.099609375,19.099609375,1,HOLD
2022-04-22,17242.75,17315.30078125,17149.19921875,17171.94921875,262700,-0.012686452605167986,-0.012767612798961313,0.012577582721023273,-0.017378533278390784,-0.03569820599182871,-0.004273609298902747,17465.6576171875,17129.1420703125,17349.567808058193,17322.466929686707,-0.01710396383637096,0.0024928531928546916,271.70725986826204,0.011019759692365225,0.01051306188750919,18049.63795584027,16881.677278534728,0.06801561444348142,0.24852886390376988,46.87386985133351,27.10087837148967,98.75283074983996,-71.65195237835029,26.91962359282616,31.706676962599015,33858400,0.8743696849672956,70.80078125,72.55078125,22.75,1,HOLD
2022-04-25,17009.05078125,17054.30078125,16888.69921875,16953.94921875,275700,-0.012695122564301942,-0.012776394201003337,-0.010655677728320545,-0.012792922114854166,-0.03886729152018775,-0.015607309009885162,17452.217578125,17122.8860546875,17288.703409703085,17295.169321469173,-0.029389515855335186,-0.009964453341093343,272.5317413062433,0.011257812138254891,0.010880282168102435,18069.37134522178,16835.06381102822,0.07280354083097615,0.09631749335416477,42.89428098055957,-6.465911766084901,77.709082246655,-84.1749940127399,10.019759105465171,26.98811173105409,33582700,0.9198738801861738,55.1015625,45.25,65.25,1,BUY
2022-04-26,17121.30078125,17223.849609375,17064.44921875,17200.80078125,261100,0.014560121616207233,0.014455140840464372,-0.011027611307835583,0.014278871552117378,-0.03281249193489666,0.002786730090946099,17454.6076171875,17117.6260546875,17275.17992840261,17288.179059230715,-0.014755524418035546,0.004835514789123518,272.3437876861545,0.012159849711334735,0.011366347510755475,18067.463042580184,16841.752191794814,0.07125894116054615,0.2929309055433699,48.25183347609464,-12.999130828102352,59.567439631703536,-72.56657045980589,29.596817824119615,22.17873350747031,33843800,0.8676868883239425,79.5,23.048828125,56.8515625,1,HOLD
2022-04-27,17073.349609375,17110.69921875,16958.44921875,17038.400390625,265100,-0.009441443610115341,-0.00948629657994312,-0.007777150189751225,-0.005727546451902765,-0.03601418144102697,-0.010660760038032735,17445.42763671875,17106.2770703125,17238.752307206054,17269.676935630294,-0.023888818008861102,-0.003983747190542984,270.20148588714346,0.012290450345544322,0.011525658454800405,18077.154725453638,16813.70054798386,0.07415333297161901,0.17784566045042643,45.24445514637691,-30.92462842423629,41.46902602051557,-72.39365444475186,19.855153466190984,19.823910131925253,33578700,0.8792411528639154,34.94921875,37.349609375,79.951171875,1,HOLD
2022-04-28,17189.5,17322.5,17071.05078125,17245.05078125,312900,0.012128508890934642,0.012055547873445796,0.01717013297279779,-0.0084834257925116,-0.016271825769532566,-0.0046319542161628036,17441.41513671875,17103.6830859375,17239.721303212817,17267.85277604657,-0.011386707871121622,0.008197580691742827,271.19420899341895,0.013099357458155748,0.011785395602085393,18077.14998598927,16805.680287448235,0.07372954215498528,0.3455611205721866,49.55311714301168,-28.131472833752923,27.54892624966187,-55.6803990834148,41.289842338107825,30.247271209472803,33891600,1.0245579567779928,55.55078125,77.44921875,118.44921875,1,HOLD
2022-04-29,17329.25,17377.650390625,17053.25,17102.55078125,336200,-0.008263240381694681,-0.008297570200330234,-0.005711943371095818,-0.004041383806575927,-0.02134968376199342,-0.022613645293100726,17421.63017578125,17108.8780859375,17218.618145987766,17255.608183839417,-0.018656830703936065,-0.00036996263121387397,274.99465053853186,0.013267241970661281,0.011664011176607524,18073.483525703166,16769.776825859335,0.07622878695224347,0.2552521632590153,46.81731823705313,-36.990037851646775,14.641133429400142,-51.63117128104692,27.292505208713035,29.479167004337274,33555400,1.132139008620686,226.69921875,48.400390625,49.30078125,1,HOLD
2022-05-02,16924.44921875,17092.25,16917.25,17069.099609375,278200,-0.0019559171203674675,-0.0019578324241160947,0.0018017664831313507,0.006791950898239696,-0.006087860115463473,-0.022654225833464547,17401.84765625,17103.21109375,17195.615294201187,17241.79273387909,-0.019494176874581135,-0.0019984349002371993,268.587945589351,0.012154223240310947,0.011664171163649125,18071.049489548754,16732.645822951246,0.07841091195357516,0.2513843878497702,46.17287998302768,-46.17743967790011,2.477418807940092,-48.6548584858402,25.609052285174,31.397133277331616,33277200,0.9372841669053082,144.650390625,23.150390625,7.19921875,1,HOLD
2022-05-04,17096.599609375,17132.849609375,16623.94921875,16677.599609375,310600,-0.022936183451936376,-0.023203310190181764,-0.032905160968964564,-0.03041725664570938,-0.01657270919420384,-0.05618700447759384,17352.20517578125,17090.3191015625,17115.920573458698,17200.00065058249,-0.04044979986370668,-0.02474693612116093,285.75312023475453,0.013649087012885934,0.01221964058558537,18079.15171922651,16625.258632335994,0.08717639953853051,0.03600056806853209,39.346559743779466,-84.08007712378821,-14.83408037840557,-69.24599674538264,5.160174103511563,19.353910532466195,32966600,1.0431394938791925,419.0,36.25,53.650390625,1,HOLD
2022-05-05,16854.75,16945.69921875,16651.849609375,16682.650390625,265800,0.00030284821366977077,0.00030280236440618743,-0.02455191602678053,-0.020879307437554062,-0.026487266686224697,-0.07592752447410522,17283.66767578125,17077.8801171875,17049.263622253515,17161.678409104155,-0.036026486864101495,-0.02369106330877749,286.3314408876292,0.013012969665087139,0.010819814259468586,17991.472378791317,16575.86297277118,0.08485518624880212,0.0754356515290237,39.470889608692275,-112.4147868506443,-34.35022167285332,-78.06456517779098,5.6459657315897935,12.138397373425114,33232400,0.904789461143068,172.099609375,90.94921875,30.80078125,1,HOLD
2022-05-06,16415.55078125,16484.19921875,16340.900390625,16411.25,300500,-0.0162684216398562,-0.016402205362178027,-0.0385403814161166,-0.04835014937483195,-0.05642340026306536,-0.08610101445597862,17206.36015625,17060.5791015625,16951.107680368357,17106.091119540884,-0.04844909170538507,-0.03956609652296443,290.2899093956557,0.012043728195859147,0.01116763328663792,17940.20009335606,16472.520219143942,0.0894313275473908,-0.04174631009149154,35.285353545704794,-154.98343917253078,-58.47686517278882,-96.50657399974196,6.551470120137872,5.785869985079739,32931900,1.0199579118864945,4.30078125,68.6484375,70.349609375,1,HOLD
2022-05-09,16227.7001953125,16403.69921875,16142.099609375,16301.849609375,288400,-0.006666182687180999,-0.0066885009232451696,-0.02253022070327071,-0.0468176462164247,-0.05066982194571956,-0.08455920619616064,17131.0701171875,17042.4830859375,16851.221823292457,17046.51767434341,-0.050866651802236346,-0.04543248124044588,288.77994376918025,0.01180521787586471,0.011143067989469574,17910.27777247225,16351.862461902752,0.0955974535351665,-0.0320921208797954,33.732550274179005,-195.29585105095612,-85.84066234842228,-109.45518870253383,12.553044871548918,8.250160241092189,32643500,0.9856459330143508,74.1494140625,101.849609375,85.6005859375,1,HOLD
2022-05-10,16248.900390625,16404.55078125,16197.2998046875,16240.0498046875,283100,-0.003790968888092272,-0.003798172823006312,-0.026530591697001782,-0.04857021305518394,-0.04210814865913204,-0.0793388104900099,17061.095068359376,17025.44009765625,16757.195358891695,16986.779313628158,-0.050556819316828164,-0.048361322927843266,282.95644611156024,0.011502590799002038,0.011078637776028875,17894.55260329009,16227.637533428664,0.10264223878059102,0.00744625295148384,32.853021217802095,-229.5839547364667,-114.58932082603118,-114.99463391043551,7.696858822753008,8.933791271479928,32360400,0.9718002849149513,8.8505859375,155.650390625,42.75,1,HOLD
2022-05-11,16270.0498046875,16318.75,15992.599609375,16167.099609375,284300,-0.0044919933245182175,-0.004502112641840228,-0.014877013672023764,-0.030609920609500185,-0.060096107444125635,-0.09093669633819323,16980.232568359374,17007.51708984375,16666.411397427586,16926.062298498295,-0.05029553714834867,-0.05198319431281338,286.0417278625202,0.009436161856910118,0.010695370667145898,17830.951462486428,16129.513674232317,0.10524075618779996,0.02209069023982847,31.799025453996464,-259.65090107070864,-143.6016368749667,-116.04926419574196,12.270589123970801,10.84016427275757,32076100,0.9742640759398206,102.9501953125,48.7001953125,174.5,0,HOLD
2022-05-12,16021.099609375,16041.9501953125,15735.75,15808.0,314900,-0.022211752141785834,-0.022462147872579268,-0.03029408448787263,-0.05242874304412204,-0.07221337463709332,-0.10562685050147114,16886.885107421876,16998.7180859375,16534.348105515648,16843.2428689799,-0.06824931094520979,-0.07532376555778722,296.4208622562688,0.010710884384486856,0.011390311911500616,17818.10325424319,15955.666960600562,0.11781606108569255,-0.07928698613989603,27.17694642775524,-308.89476346425363,-176.6602621928241,-132.23450127142954,4.400388745415766,8.122612230713186,31761200,1.0675661931721834,213.099609375,20.8505859375,72.25,0,HOLD
2022-05-13,15977.0,16083.599609375,15740.849609375,15782.150390625,369100,-0.0016352232651188903,-0.0016365617019766783,-0.028195690257694417,-0.03833343647650245,-0.08483015847164488,-0.09972164268252492,16799.477587890626,16981.1930859375,16418.625380147856,16764.6434261388,-0.0644606198829498,-0.07597460837939808,299.730086380821,0.0085959380245641,0.011403348167375154,17798.426011043994,15800.529164737258,0.12659218147442933,-0.009199060575235993,26.87412843254556,-346.0180459909425,-210.5318189524478,-135.4862270384947,2.8260173936213873,6.498998421002646,31392100,1.2298209079550146,194.849609375,106.599609375,41.30078125,0,BUY
2022-05-16,15845.099609375,15977.9501953125,15739.650390625,15842.2998046875,217600,0.0038112305721171857,0.003803986233609079,-0.02009017155428139,-0.028190040743795053,-0.0736878956058501,-0.09346436609957176,16717.81005859375,16962.16107421875,16329.95990700011,16696.321676401665,-0.05526408821320245,-0.07068804929445288,295.3422091170123,0.009480897420137052,0.011573188439001686,17748.836508620498,15686.783608567002,0.13016120926100416,0.07541814088105485,28.860470809709042,-366.36176940155747,-241.69780904226974,-124.66396035928773,6.489419534576097,4.571941891204411,31609700,0.7283682008368176,2.7998046875,132.8505859375,102.6494140625,0,BUY
2022-05-17,15912.599609375,16284.25,15900.7998046875,16259.2998046875,295700,0.026321935902047233,0.025981475212963467,0.028548823677093882,0.0011853411923923307,-0.04744244413704912,-0.05324148128907058,16672.092529296875,16955.2280859375,16319.089122028938,16663.94968590432,-0.025388099707120738,-0.04280186044969569,305.8142081309757,0.014325481251298842,0.013109302013396907,17699.294271721832,15644.890786871916,0.12635251883710505,0.2990693027665743,40.85516579430433,-344.86056387537974,-262.3303600088918,-82.53020386648797,31.886818937183357,13.734085288460276,31905400,1.0032911478302142,346.7001953125,24.9501953125,11.7998046875,0,HOLD
2022-05-18,16318.150390625,16399.80078125,16211.2001953125,16240.2998046875,290400,-0.0011685620062508173,-0.0011692453072036017,0.02902959373233771,0.004527725880407951,-0.0262207880588331,-0.04235894775769511,16636.175,16950.07306640625,16306.967688591792,16632.568213221595,-0.024376101431220886,-0.04370444328336141,297.44180654572745,0.012832090557131252,0.01290365224998303,17670.993367552983,15601.356632447014,0.12743833303549001,0.30872237692836585,40.51993095372746,-325.6005246297955,-274.9843929330725,-50.61613169672296,30.729623280949454,23.035287250902968,31615000,1.0042188256449236,77.8505859375,81.650390625,29.099609375,0,HOLD
2022-05-19,15917.400390625,15984.75,15775.2001953125,15809.400390625,313900,-0.026532725334179386,-0.026891070897403772,-0.002076681698244709,8.85874636260553e-05,-0.05234480010986342,-0.07744559611594093,16569.81748046875,16941.35408203125,16230.418873519979,16571.59281895518,-0.0480990468363797,-0.07160003943460744,309.4173638906755,0.014815104871545162,0.01363966170736454,17637.465286948387,15502.169673989116,0.1350649335331848,0.14388205303805887,33.75520890512685,-341.1739454351955,-288.22230343349713,-52.95164200169836,4.48567958479896,22.36737393431059,31301100,1.0802904635715969,108.0,67.349609375,34.2001953125,0,BUY
2022-05-20,16043.7998046875,16283.0498046875,16003.849609375,16266.150390625,252400,0.028891038794289337,0.02848156086057151,0.0004213333919536044,0.03066755720991665,-0.008841472122781635,-0.06476600646534858,16513.49501953125,16949.41408203125,16235.916029997674,16548.967453893685,-0.015206095048082532,-0.04200524862969721,321.1482246172344,0.017691339423107705,0.014949435459044053,17518.59780741808,15508.392231644419,0.12358213390995341,0.37695555524890484,44.35904839104953,-313.05142389600405,-293.18812752599854,-19.863296370005514,37.96439330924138,24.393232058329925,31553500,0.8735679922472541,222.3505859375,16.8994140625,39.9501953125,0,HOLD
2022-05-23,16290.9501953125,16414.69921875,16185.75,16214.7001953125,293800,-0.0031630222318707046,-0.0031680351601504043,-0.0015763015266264668,0.02350671273843785,-0.005345983195206405,-0.05574492512429996,16465.632568359375,16953.43908203125,16232.652055430723,16524.206916221006,-0.015475609787680004,-0.045559823975796526,314.56258134100335,0.017595538845478906,0.014783337660057218,17431.143645557026,15500.121491161724,0.11909083307957427,0.3700520486126559,43.51409162654604,-291.55486079027105,-292.86147417885303,1.3066133885819795,34.281749998252515,25.577274297430947,31259700,1.0114119489818716,76.25,123.7490234375,28.9501953125,0,BUY
2022-05-24,16225.5498046875,16262.7998046875,16078.599609375,16125.150390625,249800,-0.005522754266735541,-0.005538061057189644,0.019972294470272267,-0.008250626759697566,-0.007075065375066525,-0.04888529612961212,16424.192626953125,16949.03509765625,16216.113337768304,16494.647173584264,-0.018545082004443516,-0.05109314871942215,305.2509823389674,0.017641117673001628,0.014615694560456399,17373.31725400563,15475.067999900622,0.11771978605598804,0.34246418868239625,42.01403065149892,-278.5338358159497,-289.9959465062724,11.462110690322675,32.18320112866307,34.80978147871898,31009900,0.8637919706767148,100.3994140625,37.25,46.55078125,0,BUY
2022-05-25,16196.349609375,16223.349609375,16006.9501953125,16025.7998046875,243300,-0.006161219184365629,-0.006180277818558741,-0.014776119743490468,-0.013207884249654578,-0.008739960048589235,-0.06831082991457749,16365.442578125,16937.6530859375,16186.834332678949,16459.91773885117,-0.021193499081284838,-0.05689908100457408,298.90444174779117,0.01769017854809459,0.0140744572607896,17258.835329288107,15472.049826961891,0.11149431068043086,0.30991407586661734,40.352016539634675,-273.08340617221074,-286.6134384394601,13.53003226724934,38.753438098568395,35.07279640849465,30766600,0.8439125910509857,170.5498046875,27.0,18.849609375,0,BUY
2022-05-26,16105.0,16204.4501953125,15903.7001953125,16170.150390625,314300,0.009007387318995308,0.008967062770830264,-0.00274749481340264,0.022818702233256438,0.022909311147836453,-0.05095842215785318,16322.030078125,16928.447109375,16184.267572362956,16438.453490834418,-0.009392595852915277,-0.04689484639485104,299.0362673372347,0.01616860114590017,0.014263560448044724,17163.258579439913,15480.801576810089,0.10404708441087014,0.40972744785571963,43.82886950722958,-254.18591847145035,-280.12793444585816,25.94201597440781,63.981278515168775,44.97263924746674,31080900,1.080960242124085,65.150390625,34.2998046875,201.2998046875,0,BUY
2022-05-27,16296.599609375,16370.599609375,16221.9501953125,16352.4501953125,274100,0.011273847198922216,0.011210771015034579,0.01409598045173266,0.005305484248887771,0.036135747700533516,-0.05175981197503898,16277.400048828125,16918.07009765625,16210.141822047503,16432.082876351313,0.004589535243219275,-0.03458930591978739,291.9943352952893,0.016326539088099144,0.01421858857963218,17005.060454780538,15549.739642875713,0.0889971101897622,0.551569486170951,47.95481469459024,-221.94105430380114,-268.4905584174468,46.54950411364564,90.8315641702769,64.52209359467135,31355000,0.9490340004154805,55.8505859375,18.1494140625,74.6494140625,0,BUY
2022-05-30,16527.900390625,16695.5,16506.150390625,16661.400390625,251400,0.018893205092962884,0.018716945110386057,0.03966108360792009,0.027549087552148244,0.05170338877788061,-0.02579442074270266,16255.342529296875,16918.03810546875,16279.56621721327,16449.069358890105,0.02437117239896622,-0.015403129918668415,295.64115453759007,0.01702224013091785,0.014924242794529693,16904.079791966513,15606.605266627239,0.0778730775877239,0.812960180255664,54.107178427936795,-169.50314167682518,-248.69307506932248,79.1899333924973,96.44703210471476,83.75329159672015,31606400,0.8834071262913737,133.5,34.099609375,21.75,0,HOLD
2022-05-31,16578.44921875,16690.75,16521.900390625,16584.55078125,651600,-0.004612433983534836,-0.004623104079880039,0.02562749143417098,0.02848968099498106,0.02000399651089113,-0.02838748611314379,16231.115087890625,16910.22212890625,16326.486919372768,16459.105019805655,0.021311140592301075,-0.01963703159355062,286.58461559740505,0.015496482818178845,0.014943132493913346,16785.86517384201,15676.36500193924,0.06689962161393817,0.8185539780065312,52.44638774671701,-132.61810043287733,-225.47808014203346,92.85997970915614,88.43977923938526,91.90612517145898,30954800,2.148722176422087,6.1015625,106.19921875,56.548828125,0,HOLD
2022-06-01,16594.400390625,16649.19921875,16438.849609375,16522.75,249600,-0.0037264067061659745,-0.003733367056413342,0.0104143295135255,0.03100938495232808,0.017391932335570237,-0.009284885894967454,16223.372607421876,16894.93611328125,16356.681239469266,16463.819462783013,0.01811910200046144,-0.02252567600921446,281.13925801009043,0.015577153345212978,0.014073541717078463,16756.897089198497,15689.848125645254,0.06458059121836517,0.7805657498419055,51.08832858095422,-107.13822331374104,-201.810108776375,94.67188546263395,81.92707322306113,88.93796152238706,30705200,0.831445702864754,71.650390625,54.798828125,83.900390625,0,HOLD
2022-06-02,16481.650390625,16646.400390625,16443.05078125,16628.0,236000,0.006370004993115463,0.006349802260260305,-0.0020046568620842864,0.028314492958608994,0.05177929517557356,-0.003275881790084867,16220.640087890624,16885.14412109375,16398.422587243225,16475.980984058344,0.02449843108668365,-0.015464524963540309,275.5828545361554,0.011978819781525244,0.014154024564889964,16745.21225160042,15696.067924180828,0.06309504013829635,0.8882782391917458,53.30590158747173,-77.55839681511497,-176.95976638412301,99.40136956900804,92.9382196385333,87.76835736699321,30941200,0.7900639416156112,146.349609375,18.400390625,38.599609375,0,HOLD
2022-06-03,16761.650390625,16793.849609375,16567.900390625,16584.30078125,245500,-0.002628050201467391,-0.0026315095876877827,-1.5074270222736885e-05,0.014178339219401037,0.01955904642369255,0.010544643537207632,16229.292626953125,16870.52013671875,16427.01923247504,16484.004672739207,0.021406278080667855,-0.01725845178787079,272.03759483714435,0.008739226863088072,0.013652106873745776,16771.56551164341,15687.019742262843,0.06539592978238438,0.8273334923419667,52.24674322770705,-56.985440264168574,-152.96490116013211,95.97946089596354,79.42875878274025,84.7646838814449,30695700,0.829503987025271,177.349609375,32.19921875,16.400390625,0,HOLD
2022-06-06,16530.69921875,16610.94921875,16444.55078125,16569.55078125,233600,-0.0008893953501298846,-0.0008897910968418909,0.002832505560514953,-0.005512718452326593,0.021884498736528313,0.016421521378840787,16242.677685546874,16856.99814453125,16448.9471630558,16490.341421517784,0.01972733600436611,-0.017347927356396717,264.49194074163404,0.008619513820942592,0.013550731335737242,16804.323001978482,15681.032369115266,0.06779246146698949,0.7909960130880378,51.87209607728346,-41.394258461979916,-130.65077262050167,89.25651415852175,77.98076305463442,83.44924715863598,30462100,0.7966714412386577,38.8515625,41.3984375,86.1484375,0,HOLD
2022-06-07,16469.599609375,16487.25,16347.099609375,16416.349609375,233800,-0.009245946006475991,-0.009288955076891798,-0.012728553682042287,-0.010142039666528824,0.01805869785371428,0.010855866010744286,16251.49267578125,16840.87013671875,16443.932154797214,16484.860546544245,0.010042240663515353,-0.025859617847156208,261.48902867973163,0.009059370922948822,0.013704186629494734,16818.20746430534,15684.777887257162,0.06904272898774653,0.6454496485105375,48.020467964295044,-40.92839174702749,-112.70629644580683,71.77790469877934,62.94112628068147,73.45021603935204,30228300,0.8041134288318317,53.25,17.650390625,69.25,0,HOLD
2022-06-08,16474.94921875,16514.30078125,16293.349609375,16356.25,243500,-0.0036609606157923524,-0.003667678332650513,-0.013751003690660957,-0.010077015024738567,0.020619887889516963,0.011699710844567113,16260.9501953125,16824.93513671875,16430.442592520718,16475.33383939282,0.005826506973633932,-0.028654803926251325,258.59346747939367,0.008846375611977786,0.013689094046280834,16828.02889733998,15693.871493285018,0.06934091885700953,0.5840269651692003,46.55991609568361,-44.891246872099146,-99.1432865310653,54.252039658966154,50.83975763373643,63.9205489896841,29984800,0.843392272656423,118.69921875,39.3515625,62.900390625,0,HOLD
2022-06-09,16263.849609375,16492.80078125,16243.849609375,16478.099609375,205000,0.00744972774168895,0.007422115570615706,-0.005519230610553816,-0.009014938093877767,0.01904430146354974,0.04238990443920798,16294.45517578125,16810.05712890625,16437.77444126753,16475.538711243353,0.011144758069630084,-0.020145376432995167,257.9047320790798,0.008723671902416831,0.012646622864345196,16828.763997669063,15760.146353893435,0.06485078189281314,0.6718523315263905,49.887822090015945,-37.764269975818024,-86.86748322001584,49.10321324419782,64.52842691217788,59.43643694219859,30189800,0.7238189393404395,214.25,14.701171875,20.0,0,HOLD
2022-06-10,16283.9501953125,16324.7001953125,16172.599609375,16201.7998046875,189700,-0.016767698414100085,-0.01690986774485526,-0.013069276044473055,-0.02306403999829465,-0.00921271056175943,0.02659012895427626,16315.437646484375,16787.587109375,16401.47065102445,16455.26175520218,-0.007013902354477785,-0.03615569330254405,261.30439407343124,0.009821502271669426,0.013319978273165634,16798.087235544208,15832.788057424545,0.05957974976584905,0.38227707598527405,43.302750229051185,-53.791104177722445,-80.25220741155717,26.46110323383472,33.488716013924105,49.61896685327946,30000100,0.6917046490428417,82.150390625,40.75,29.2001953125,0,HOLD
2022-06-13,15877.5498046875,15886.150390625,15684.0,15774.400390625,225500,-0.026379749115209128,-0.026733937520215956,-0.03557353362628968,-0.04798865105774541,-0.05323682158788379,-0.004285956893860132,16312.04267578125,16753.1101171875,16304.998303270688,16404.827580048313,-0.03408321532625604,-0.06204417932387248,279.62549483157903,0.010123065673804037,0.01467392373334501,16808.708460281097,15815.376891281401,0.06297111423582544,-0.04125158399790319,35.497279904916354,-99.82927677762018,-84.16762128476978,-15.6616554928504,8.145282915935612,35.38747528067919,29774600,0.8210599137067822,103.1494140625,8.6005859375,90.400390625,0,HOLD
2022-06-14,15674.25,15858.0,15659.4501953125,15732.099609375,225400,-0.00268160945598539,-0.0026852114114221596,-0.04527221085467725,-0.04168100803660035,-0.05140031726628114,-0.032424532522643434,16285.682666015626,16718.457109375,16216.860042671351,16354.995878516957,-0.035188123034177655,-0.06269713035710839,273.83437410700196,0.010158301540318933,0.01329208748518808,16843.00477305765,15728.360558973598,0.07085158635912908,0.0033544788140950884,34.82814589941229,-138.1358358456,-94.96126419693583,-43.174571648664184,6.404218228774346,16.01273905287801,29549200,0.8313355217054519,57.849609375,125.900390625,14.7998046875,0,HOLD
2022-06-15,15729.25,15783.650390625,15678.900390625,15692.150390625,183000,-0.0025393443813560568,-0.0025425739848417965,-0.03145634560396482,-0.04060219239587315,-0.0502700585178012,-0.03375241963847775,16258.2751953125,16678.8911328125,16136.135480818066,16305.896212747182,-0.036076942330716004,-0.06288116782114263,261.7569188136447,0.010184544482346881,0.013293481902315824,16872.80545881626,15643.744931808742,0.07832326968659427,0.03938411311123539,34.172988615528325,-169.76073192910917,-109.9211577433705,-59.83957418573867,2.8825998063058216,5.81070031700525,29366200,0.6885912101143864,37.099609375,54.400390625,13.25,0,HOLD
2022-06-16,15832.25,15863.150390625,15335.099609375,15360.599609375,264700,-0.021128447854290244,-0.021354848179315097,-0.026232425385622204,-0.06781728636742879,-0.07622085582300941,-0.028388222839630273,16235.83515625,16625.0351171875,16016.822269826826,16235.874242127022,-0.056979256613187076,-0.0823168066330419,280.77790898767006,0.010453104425703864,0.012806688418954854,16940.46257326589,15531.207739234107,0.0917447801433269,-0.12106265363723302,29.254474052509764,-219.05197230018712,-131.74732065473384,-87.30465164545328,1.7480719794344473,3.6782966715048624,29101500,1.005317128750471,471.650390625,30.900390625,25.5,0,BUY
2022-06-17,15272.650390625,15400.400390625,15183.400390625,15293.5,342600,-0.00436829362663993,-0.004377862497838008,-0.027879279960421277,-0.05606166078071839,-0.07783269239239576,-0.05979597921248703,16187.20263671875,16571.757109375,15905.541920622698,16166.068742710204,-0.05843676311627489,-0.08358172487494694,276.2223440599793,0.010370723389659975,0.010649331152196871,17002.3434930378,15372.061780399703,0.10659964773518789,-0.048189082776698325,28.364691900673193,-260.52682208749866,-157.50322094128683,-103.02360114621183,6.836577527136013,3.8224164376254177,28758900,1.2792651506665125,20.849609375,106.900390625,89.25,0,BUY
2022-06-20,15334.5,15382.5,15191.099609375,15350.150390625,260000,0.0037042135956451006,0.0036973698916184226,-0.02179433611624837,-0.026894841610089926,-0.07359284549855549,-0.05331888929635786,16143.975146484376,16522.607109375,15820.09706985382,16105.630346259448,-0.05171446113936439,-0.07638079685955844,270.16363310033796,0.010813979814252705,0.010754801146591744,17036.7014322994,15251.248860669353,0.1163149888564284,0.055392975163321326,30.292390730985147,-285.5332764056202,-183.1092320341535,-102.42404437146669,10.354253835425384,6.312967780665272,29018900,0.9770028558544981,15.650390625,32.349609375,143.400390625,0,BUY
2022-06-21,15455.9501953125,15707.25,15419.849609375,15638.7998046875,262800,0.018804337854487096,0.018629721921802747,0.018111284870852673,-0.005930537372894618,-0.04736435463359401,-0.03016099534924399,16119.6576171875,16482.59208984375,15792.205182905156,16071.050306143008,-0.030747743976866453,-0.0539550538209036,276.3733456913852,0.013606105968194988,0.011746417658097124,17039.20337644364,15200.11185793136,0.11759799610460113,0.2385351366911718,39.26112666546808,-278.84512323784475,-202.25641027489178,-76.58871296295297,28.277787884300526,15.15620641562063,29281700,0.985118266671661,182.849609375,68.4501953125,36.1005859375,0,BUY
2022-06-22,15545.650390625,15565.400390625,15385.9501953125,15413.2998046875,220900,-0.014419265085317434,-0.01452423294963793,0.007833380500702924,-0.017770068409750595,-0.05765075706916312,-0.03821962132715806,16089.0326171875,16435.17109375,15733.912047794747,16022.328046775934,-0.04384089202589157,-0.06629802196877578,274.69307881164343,0.013931274611586409,0.012061133415966083,17058.485687185446,15119.579547189554,0.12579435711788534,0.15148761017303108,35.426366481226566,-288.41599898117965,-219.48832801614935,-68.9276709650303,14.275483597113578,17.635841772279818,29060800,0.831545266327872,132.3505859375,19.75,27.349609375,0,BUY
2022-06-23,15451.5498046875,15628.4501953125,15367.5,15556.650390625,259200,0.009300447519609234,0.009257464658604653,0.013452636928307893,0.012763224498758774,-0.05591962911947401,-0.03794027793060539,16058.3576171875,16392.8051171875,15706.641023614786,15987.83340557957,-0.032250337570409515,-0.05374902087318221,273.71144427599035,0.014138089368821662,0.01207522287193703,17054.07122100482,15062.644013370178,0.12801131076614966,0.24806649992561883,39.47359686651968,-281.19238196477636,-231.82913880587478,-49.36324315890158,26.146215992502444,22.899829157972174,29320000,0.9859449590140513,105.1005859375,71.7998046875,84.0498046875,0,BUY
2022-06-24,15657.400390625,15749.25,15619.4501953125,15699.25,219600,0.009166472588529428,0.009124715461734611,0.0038653986282490838,0.026530879131657192,-0.031018146795154355,-0.03994509614832786,16025.697607421875,16356.1841015625,15705.503943058664,15966.45685701812,-0.020793834573108565,-0.04184493536713534,267.91774178306247,0.014249791845483866,0.011963236063489462,17023.531482933264,15027.863731910484,0.12711866815438827,0.336421865686357,43.28187052551209,-260.9529139594488,-237.6538938365896,-23.29902012285919,38.75944533555614,26.393714975057378,29539600,0.8440634969443024,41.849609375,50.0,37.9501953125,0,HOLD
2022-06-27,15926.2001953125,15927.4501953125,15815.5,15832.0498046875,210900,0.008458990377725017,0.008423413606869335,0.027168095430976313,0.031393791057370724,0.003654618409252519,-0.04977676344685633,15984.230078125,16323.31208984375,15724.972537155409,15956.500779067703,-0.00961216490062093,-0.031029607108158466,265.0807741780223,0.01199352757513488,0.01120937290460361,16941.032308348393,15027.427847901608,0.12086902732457365,0.42047454080328056,46.64848818388435,-231.52824191228865,-236.42876345172942,4.900521539440774,48.73763796536943,37.881099764476,29750500,0.8169827035193368,94.150390625,1.25,16.5498046875,0,HOLD
2022-06-28,15757.4501953125,15892.099609375,15710.150390625,15850.2001953125,251900,0.0011464333961117568,0.0011457767431705531,0.018869730778574567,0.013517686348388125,0.007506981831409298,-0.0442791966827184,15947.512548828125,16296.8430859375,15744.238330718037,15948.626661752503,-0.006139503117721097,-0.02817900626624826,259.1428059331636,0.011944175792710884,0.011225927869762418,16864.89666276679,15030.12843488946,0.11575678573573726,0.446962045648319,47.110564861941484,-204.38833103446086,-230.02067696827572,25.63234593381486,50.92405726022616,46.14038018705057,30002400,1.0576923076923033,92.75,41.8994140625,47.2998046875,0,HOLD
2022-06-29,15701.7001953125,15861.599609375,15687.7998046875,15799.099609375,444900,-0.0032239710103227903,-0.003229179201912245,0.006360151559787974,0.02503031859343774,0.006815459709963889,-0.04379721236628287,15911.330029296874,16273.6520703125,15752.678527434493,15937.550583798615,-0.007103595945130827,-0.03003667757470855,253.04687727275905,0.011967462642714437,0.011222898083994643,16791.43375540067,15031.226303193078,0.1114118839508491,0.4362402313536652,45.90510463000779,-184.87205636411636,-220.99095284744385,36.11889648332749,53.947193911821,51.20296304580552,29557500,1.7944943027125067,97.3994140625,62.5,13.900390625,0,BUY
2022-06-30,15774.5,15890.0,15728.849609375,15780.25,306000,-0.001193081241402827,-0.0011937935294284723,-0.003271831842782791,0.014373248981011333,0.027319922483291403,-0.0509832812124128,15868.942529296875,16246.5260546875,15756.92029244457,15925.898688702422,-0.005620476817342904,-0.029548077798989224,246.48284251220483,0.009277117752731408,0.011045785448481374,16686.321874222685,15051.563184371065,0.10359523390640961,0.44574579731680686,45.44318702380941,-168.978396257844,-210.5884415295239,41.610045271679894,80.2163518644664,61.69586767883785,29251500,1.2170627423684948,5.75,109.75,45.650390625,0,BUY
2022-07-01,15703.7001953125,15793.9501953125,15511.0498046875,15752.0498046875,364100,-0.0017870563085186086,-0.0017886549985601772,-0.0061923754536568065,0.003363205547239456,0.029983313478765483,-0.050183060928527756,15827.32998046875,16213.71505859375,15756.170986635792,15913.020993590206,-0.00477907172175449,-0.02930826524995294,249.08409594883304,0.009091489239000576,0.011047092449981932,16576.70830462637,15077.951656311132,0.0951467692712117,0.4497715817532332,44.71821304334294,-156.85000695440795,-199.8407546145007,42.99074766009275,76.42625674787081,70.19660084138606,28887400,1.4147772532105403,48.349609375,41.900390625,192.650390625,0,BUY
2022-07-04,15710.5,15852.349609375,15661.7998046875,15835.349609375,304300,0.005288188249805481,0.005274254882250374,0.0022944345498328023,0.00020842561312073293,0.03160875994064094,-0.04431026414462713,15790.619921875,16186.98306640625,15768.352313211055,15907.267557722413,0.002824673190260224,-0.022205601120613885,244.9030751444521,0.00911896093781094,0.011180428185045756,16458.461129480922,15122.77871426908,0.08434814817230676,0.5334882656161731,47.38822462771508,-138.9152445113541,-187.6556525938714,48.74040808251729,87.62171761120452,81.4214420745139,29191700,1.1663919659626618,124.849609375,17.0,48.7001953125,0,BUY
2022-07-05,15909.150390625,16025.75,15785.4501953125,15810.849609375,254200,-0.0015471713984448465,-0.0015483695040555473,0.0019391080226864865,-0.002482655452461624,0.011001471138209151,-0.03688396107586622,15760.344921875,16164.12107421875,15774.890358774739,15900.125487474457,0.0031943057297853313,-0.022343610468236894,244.57427011181267,0.0073345050010737945,0.011057061970199147,16363.768401501064,15156.921442248935,0.0763303041309388,0.5418484606621176,46.67419749216781,-125.23512869971273,-175.17154781503967,49.93641911532694,74.48798120955382,79.51198518954304,28937500,0.9705624069336758,98.30078125,116.599609375,25.3994140625,0,BUY
2022-07-06,15818.2001953125,16011.349609375,15800.900390625,15989.7998046875,288400,0.011318189707300252,0.01125461822453212,0.015093273761060066,0.012070320463030804,0.03740276302318302,-0.02240429165074509,15742.022412109374,16139.9010546875,15807.953350453627,15906.768029490237,0.015495965903556116,-0.009387312651406472,242.13676644311175,0.005582700161772122,0.011426849076221421,16291.828172837511,15192.216651381237,0.06876956152596213,0.7253317537535944,52.32471647898597,-98.81467903660814,-159.9001740593534,61.08549502274525,95.73215267005655,85.94728383027162,29225900,1.0917832333289126,171.599609375,21.5498046875,17.2998046875,0,HOLD
2022-07-07,16113.75,16150.5,16045.9501953125,16132.900390625,264600,0.00894949203151052,0.00890968266712923,0.01879028809530303,0.02234757945057897,0.03704203575515641,-0.020948970265576183,15724.762451171875,16121.7910546875,15857.945202787683,15923.518574759479,0.025298485056679473,0.000688613681886775,236.3198685052109,0.00554450292457644,0.011490445721268436,16197.298100911019,15252.226801432731,0.0585803715758066,0.9318594159800424,56.311410298832165,-65.57337197179186,-141.03481364184108,75.46144167004923,98.16556157919273,89.46189848626769,29490500,0.9905104160817527,19.150390625,17.599609375,67.7998046875,0,HOLD
2022-07-08,16273.650390625,16275.5,16157.900390625,16220.599609375,281100,0.005436047866567373,0.005421325887187373,0.025915748370475944,0.02974532270384711,0.0332085678854086,0.0011603528567276644,15725.70244140625,16101.30203125,15913.738188416502,15945.524577323591,0.030510411445130187,0.007354695942069268,229.62556428162443,0.005250371095588513,0.01094604991538933,16202.089233948807,15249.315648863694,0.0587384935224244,1.019427884772351,58.596462087117025,-31.786388907086803,-119.18512869489024,87.39873978780344,93.95370147301762,95.95047190742228,29771600,1.0345779429896358,53.05078125,1.849609375,62.69921875,0,HOLD
2022-07-11,16136.150390625,16248.5498046875,16115.5,16216.0,255900,-0.00028356592763323363,-0.00028360614005298526,0.014146530793099021,0.024038016211504587,0.024251451962892467,0.02799470017493988,15747.782421875,16083.571015625,15960.240005583195,15965.55979381814,0.028873802301739068,0.008166562923963946,222.72729573918699,0.0050156636963570225,0.009004759453478069,16269.891907615263,15225.672936134735,0.06439436183279033,0.9483902236139208,58.42386707902512,-5.319788234945008,-96.41206060290119,91.09227236795618,93.44713656387665,95.188799872029,29515700,0.9365907219324698,79.849609375,32.5498046875,20.650390625,0,HOLD
2022-07-12,16126.2001953125,16158.75,16031.150390625,16058.2998046875,208600,-0.0097249750439381,-0.009772571447684876,-0.004624127350395746,0.015650657708221827,0.013129147065066293,0.02073468916495491,15764.092431640625,16063.35501953125,15975.32612852232,15972.429424252909,0.018321203155080838,-0.0003148038649940689,220.02174671317363,0.006326854836444362,0.009306295807112128,16303.322687013884,15224.862176267367,0.0671590718733318,0.7728031023059431,52.69317388761262,2.8967042694093834,-76.55030762843909,79.44701189784847,76.0792736439978,87.82670389363068,29307100,0.7658277805312306,67.900390625,32.5498046875,27.1494140625,0,BUY
2022-07-13,16128.2001953125,16140.0,15950.150390625,15966.650390625,233300,-0.005707292501522909,-0.0057236413300785416,-0.015655969869524777,-0.0014477613444362492,0.01060508417521322,0.017492822409094222,15777.817431640626,16049.13603515625,15973.99139961504,15972.001347687878,0.011826710948418442,-0.005166120790099037,217.86659404616123,0.006569257097234459,0.00939743751284845,16322.965649748689,15232.669213532563,0.06828585893358732,0.6731941449236007,49.64543124972406,1.990051927157765,-60.84223571731972,62.83228764447748,59.59846550255047,76.37495857014163,29073800,0.8486722444525251,161.5498046875,11.7998046875,16.5,0,BUY
2022-07-14,16018.849609375,16070.849609375,15858.2001953125,15938.650390625,228600,-0.0017536552323109689,-0.0017551946856914542,-0.017103453957511117,-0.012040612369545234,0.010037888539471851,0.03763204535955733,15806.719970703125,16034.25603515625,15968.55432130888,15969.530906423961,0.008277389659006231,-0.00599835256989414,217.49393833304256,0.0065931090758949516,0.00788261751709389,16320.728198794159,15292.711742612091,0.06449833775052494,0.6283349299788651,48.7183254315592,-0.9765851150841627,-48.86910559687261,47.892520481788445,55.93570235961558,63.87114716872127,28845200,0.8370713487980342,80.19921875,52.0,80.4501953125,0,BUY
2022-07-15,16010.7998046875,16066.9501953125,15927.2998046875,16049.2001953125,205800,0.0069359576863876615,0.006912014580365188,-0.0005666608224828007,-0.010566774237090293,0.018864236357135855,0.04941316214813485,15844.50498046875,16027.0150390625,15980.961378847898,15975.43233523052,0.012754231510149386,0.0013823216098007968,211.93368492532522,0.0067556746705444825,0.007816143535627283,16310.95327866798,15378.05668226952,0.05812729513280861,0.7194189748716817,52.49068771856739,5.529043617376374,-37.98947575402281,43.51851937139919,70.39705057633077,61.97707281283226,29051000,0.7729432311130279,38.400390625,17.75,83.5,0,BUY
2022-07-18,16151.400390625,16287.9501953125,16142.2001953125,16278.5,227700,0.014287304158276504,0.014186202470718856,0.0195313106848074,0.0038542180562406436,0.027984882023863955,0.06047820938236437,15890.9224609375,16026.548046875,16026.736551332839,15997.88179188011,0.023809167863285952,0.015477590264766455,213.8491360020877,0.00778016805575145,0.008252072913454376,16335.611934858762,15446.232987016238,0.05463519045627817,0.9357844763492087,59.195540072183874,28.854759452724466,-24.62062871267336,53.475388165397824,98.78360270807723,75.03878521467452,29278700,0.8604141475211576,127.099609375,9.4501953125,9.2001953125,0,BUY
2022-07-19,16187.0498046875,16359.5,16187.0498046875,16340.5498046875,222600,0.003811764271124396,0.003804517906147779,0.02521539805521389,0.017576580549181875,0.03350232330325986,0.044872369284352676,15926.0099609375,16028.558046875,16075.015513387401,16023.26460764362,0.025368781877283256,0.01909310038778509,210.8920688099743,0.007631289312304915,0.00737227591694865,16395.631064042973,15456.388857832027,0.057479229122481025,0.9413556386284845,60.80743090353746,51.750905743778276,-9.346321821383032,61.097227565161305,97.7664929046872,88.98238206303172,29501300,0.8475802459734195,153.5,18.9501953125,0.0,0,BUY
2022-07-20,16562.80078125,16588.0,16490.94921875,16520.849609375,284400,0.01103388850696918,0.010973459265845803,0.029387720778774717,0.03470979856084311,0.0332117857117773,0.07185676128551477,15981.387451171875,16035.633046875,16143.605374308569,16060.122755920018,0.03265341498520749,0.029369952149716105,213.5033635601547,0.007598670075442108,0.0064926440481402345,16457.275899644465,15505.499002699287,0.057610650750375296,1.0667947603409107,65.11918633297577,83.48261838854887,9.219466220603348,74.26315216794552,93.76476359656401,96.7716197364428,29785700,1.0699572995240831,41.951171875,25.19921875,29.900390625,0,BUY
2022-07-21,16523.55078125,16626.94921875,16483.900390625,16605.25,243600,0.005108719746296009,0.005095714512164849,0.020072488251374532,0.041822839013213375,0.02927865405091623,0.06740523075628957,16033.817431640626,16051.578046875,16214.627624414941,16100.502551777794,0.034412765141107436,0.033343186830972135,208.47089674335794,0.007375078812345309,0.006361734496932892,16541.000619283423,15526.634243997829,0.06108708843802976,1.0633394227972361,66.9520445325058,114.12507263714542,30.200587503911766,83.92448513323366,97.75172440309902,96.42766030145008,30029300,0.919158569946228,81.69921875,21.69921875,39.650390625,0,BUY
2022-07-22,16661.25,16752.25,16610.900390625,16719.44921875,190900,0.006877295960614926,0.006853755230166662,0.023187678419107183,0.04176214485960861,0.03075407946613029,0.06498394628724302,16084.827392578125,16070.3240234375,16292.292485081873,16146.350453034995,0.03795710121001949,0.03882455616926297,204.08011840454668,0.00744359641596995,0.006270302764270383,16649.148079425748,15520.5067057305,0.0675046982067767,1.0622882883453222,69.30248290682694,145.9420320468762,53.34887641250465,92.59315563437154,96.60728300823331,96.0412570026321,30220200,0.724230813005043,58.19921875,32.80078125,50.349609375,1,BUY
2022-07-25,16662.55078125,16706.05078125,16564.25,16631.0,211400,-0.005290199311757782,-0.005304241963650273,0.006667356293982296,0.02165432933009792,0.02559200789343863,0.05046410320639283,16124.77490234375,16086.09802734375,16344.401333530815,16182.250419476848,0.030438644558730684,0.03276423381974922,200.58862557207905,0.007850614472722763,0.006412200932421404,16723.904458524987,15525.645346162515,0.07204973317073367,0.9224671378941238,65.42151188149114,162.15091405396743,75.10928394079721,87.04163011317021,87.25494825402235,93.87131855511821,30008800,0.8019270527094406,31.55078125,43.5,66.75,1,BUY
2022-07-26,16632.900390625,16636.099609375,16463.30078125,16483.849609375,208200,-0.00884795806776506,-0.008887333683346772,-0.007310964341096904,0.008769582810878918,0.026500302638718942,0.039977376074397775,16156.457373046875,16090.5890234375,16365.85491442992,16204.591100210044,0.01986139427903569,0.023857326732333047,198.60364004014485,0.0077016378133240235,0.0068933308870843014,16761.147197988696,15551.767548105056,0.07336754936151682,0.7707108858321319,59.45610385776688,161.26381421987753,92.34018999661328,68.92362422326426,69.97925739508273,84.61382955244612,29800600,0.7963890907699928,149.05078125,3.19921875,20.548828125,1,BUY
2022-07-27,16475.349609375,16653.44921875,16438.75,16641.80078125,185200,0.0095821774414373,0.00953655956008488,-0.004644198291706925,0.0073211229891205765,0.04228503625415514,0.05333855679819566,16198.592431640625,16098.61904296875,16408.308124709933,16236.9770025093,0.026632235022830526,0.03263960105166276,199.7533242337059,0.007369652968491665,0.0069783180182955,16815.13039662195,15582.054466659301,0.07409510221705881,0.8594331369536512,63.32217038233032,171.33112220063413,108.13837643741746,63.192745763216664,87.64618948844739,81.62679837918415,29985800,0.7454366157499618,166.451171875,11.6484375,36.599609375,1,BUY
2022-07-28,16774.849609375,16947.650390625,16746.25,16929.599609375,376300,0.017293731123692924,0.017145896529526243,0.01795439897630935,0.019532955503530403,0.0621727181702203,0.07283468952488081,16256.059912109375,16121.02302734375,16488.506814658405,16288.28238079565,0.03978473873018494,0.047761116664772715,207.3316303152269,0.008093178524057932,0.007639090271514117,16918.465556541287,15593.654267677462,0.07825414182448778,1.008404255705168,69.1032336568945,200.22443386275881,126.55558792248574,73.66884594027307,98.34312928414114,85.32285872255709,30362100,1.4934910303222675,154.75,18.05078125,28.599609375,1,BUY
2022-07-29,17079.5,17172.80078125,17018.150390625,17158.25,436100,0.013505953826479233,0.013415561413115864,0.0409127968652081,0.026244930410620704,0.06910311985586803,0.08927093379898032,16326.369921875,16138.86501953125,16591.544227787883,16352.72442666264,0.04848280437253212,0.05941077793299145,209.89374042663925,0.008430112071403217,0.007839611220446586,17055.061489785072,15597.678353964931,0.08493774923550715,1.0708039688930449,72.7747359549845,238.81980112524616,149.00843056303785,89.81137056220831,98.89314051692567,94.96081976317139,30798200,1.706448583502889,78.75,14.55078125,61.349609375,1,BUY
2022-08-01,17243.19921875,17356.25,17154.80078125,17340.05078125,381500,0.010595531668439406,0.010539792401854702,0.041957598770603344,0.04263428424328053,0.06521183040513567,0.0950216578094476,16401.60498046875,16161.37203125,16706.69908216667,16425.85971218763,0.05412012990158036,0.06797435398946572,209.2905603068793,0.008138481667593912,0.007963185098874797,17217.472452826827,15585.737508110673,0.09410208570326496,1.0751214704440988,75.28909822507714,280.8393699790431,175.3746184462389,105.4647515328042,98.91864618256939,98.71830532787874,31179700,1.470588235294112,96.8515625,16.19921875,88.3984375,1,BUY
2022-08-02,17310.150390625,17390.150390625,17215.849609375,17345.44921875,333600,0.000311327663805816,0.0003112792114048116,0.024563463931227103,0.0522693199581834,0.061497282898904215,0.09705990805611497,16478.3349609375,16185.7780078125,16804.96833394872,16493.97745341447,0.04999087927196322,0.06685737545983672,206.79129037424508,0.008333541467719544,0.00789851465677359,17344.625778373047,15612.044143501951,0.09988681255935523,1.0004752678658133,75.36186290679396,310.9908805342493,202.497870863841,108.4930096704083,97.08207407709612,98.29795359219706,31513300,1.266562891529666,35.298828125,44.701171875,94.30078125,1,BUY
2022-08-03,17349.25,17407.5,17225.849609375,17388.150390625,285400,0.002461808358865669,0.002458783072766921,0.013398825091428312,0.04484788750841773,0.052497347397789884,0.08745266376177918,16548.252490234376,16213.02501953125,16894.68865036046,16560.212485800435,0.04830288912404759,0.06758196499883805,204.9955118207276,0.0081999606053173,0.007753217473485223,17469.515449547456,15626.989530921295,0.1059644572443759,0.9558404806679299,75.96475148473812,334.47616456001924,228.89352960307667,105.58263495694257,98.6927707862574,98.2311636819743,31798700,1.0841817352985827,38.900390625,19.349609375,123.400390625,1,BUY
2022-08-04,17463.099609375,17490.69921875,17161.25,17382.0,325000,-0.0003537116074355806,-0.00035377417814128954,0.002419209682785972,0.02672245068185064,0.046777374625494916,0.07742560724548109,16610.707470703124,16237.26201171875,16969.65962722808,16621.085635000403,0.044373060021681954,0.06585766817864741,213.8850623156756,0.00838362819305909,0.0077341657730532,17579.028931034863,15642.386010371387,0.11141657580620623,0.8982626436017119,75.67751233971684,348.57399222767344,252.82962212799606,95.74437009967738,91.93924379174473,95.90469621836608,31473700,1.220611432434458,81.099609375,27.599609375,220.75,1,BUY
2022-08-05,17423.650390625,17474.400390625,17348.75,17397.5,355300,0.0008917270739845495,0.0008913297215996853,0.003000832125681363,0.013943729692713402,0.04055461231878388,0.07255591155488417,16669.552490234375,16258.1630078125,17035.481223039147,16678.597810185558,0.04184207557210088,0.06548854675599942,207.58258576634165,0.008417655116165313,0.007749196282426214,17678.099550803163,15661.005429665587,0.11594160776764338,0.8608892129209247,75.92458177694105,356.88341285358547,273.6403802731139,83.24303258047155,92.85089858173082,94.49430438657764,31829000,1.316072156165495,26.150390625,50.75,48.75,1,BUY
2022-08-08,17401.5,17548.80078125,17359.75,17525.099609375,257000,0.007334364671648164,0.007307599012140524,0.007876008412248225,0.010671758143009358,0.05376102515633452,0.0807288856299333,16735.007470703124,16275.4369921875,17110.80712862928,16741.301647162556,0.045083460652584194,0.07130701936318788,206.2588854437458,0.007790341347622668,0.007738746006785034,17786.330426717923,15683.684514688322,0.11997911332297342,0.8757609087439535,77.91359804851963,369.5054814667237,292.8134005118359,76.69208095488784,97.86485697092968,94.21833311480174,32086000,0.9517637255809612,123.599609375,23.701171875,41.75,1,BUY
2022-08-10,17566.099609375,17566.099609375,17442.80078125,17534.75,312700,0.0005506610997998429,0.0005505095416120064,0.00878782648717058,0.010913570404701423,0.06375333526625426,0.09194312058375664,16808.82998046875,16294.4409765625,17176.02910884016,16800.07559922459,0.04139893751158422,0.07073434314361479,200.3331670638354,0.006326187994622378,0.007100077039230947,17867.041620754233,15750.618340183262,0.12069879984436452,0.8429937792663904,78.06122211302959,375.95350961557415,309.44142233258356,66.51208728299059,97.21917592250907,95.97831049172318,32398700,1.1361406823384037,31.349609375,0.0,91.94921875,1,BUY
2022-08-11,17711.650390625,17719.30078125,17631.94921875,17659.0,311200,0.007085929368824795,0.007060942140366637,0.015030895243569375,0.01557667740906088,0.06112314599367519,0.10599277669214091,16893.4474609375,16317.1659765625,17250.33232286475,16863.699628911658,0.04335197570997796,0.07598584424018909,199.20585379141858,0.0062271374506347055,0.006703805333009274,17939.332695437093,15847.562226437904,0.11845350637064328,0.865983051394695,79.92197760329584,386.6326939530991,324.8796766566867,61.753017296412395,95.29102772549653,96.79168687297842,32709900,1.1149126735333592,52.650390625,7.650390625,27.05078125,1,HOLD
2022-08-12,17659.650390625,17724.650390625,17597.849609375,17698.150390625,303900,0.0022170219505635025,0.0022145679837284517,0.009874453504242986,0.018188378243297665,0.04539686696573764,0.1103920317516296,16981.4224609375,16338.568984375,17319.22741021248,16925.51079644598,0.040497335250759374,0.07682053639741879,194.03406289560297,0.004854025031203604,0.006548037194987965,17986.459471777576,15976.385450097425,0.11357537241546554,0.8565679283231344,80.48367109524379,393.71661376650445,338.64706407865026,55.06954968785419,97.93918718796563,96.8164636119904,33013800,1.0742691505532147,38.5,26.5,61.80078125,1,HOLD
2022-08-16,17797.19921875,17839.099609375,17764.05078125,17825.25,0,0.007181519343531395,0.007155855032733008,0.016567102467956563,0.024586865929012713,0.038873428234231344,0.11066282326057797,17070.224951171876,16363.38796875,17397.07703941056,16992.15814485739,0.042357052430014926,0.0820107449404637,190.2422883137742,0.003853315275633314,0.006551555346987042,18043.444955436957,16097.004946906796,0.10919566393347417,0.8879004980982625,82.22244563590854,404.91889455317505,351.90143017355524,53.01746437961981,99.01098916425725,97.41373469257313,33013800,0.0,28.05078125,13.849609375,33.1484375,1,HOLD
2022-08-17,17868.150390625,17965.94921875,17833.349609375,17944.25,262800,0.006675923198833145,0.006653737907021656,0.016153236310096908,0.023917147403874184,0.034844143559448426,0.102328224344995,17153.512451171875,16390.881953125,17481.257494885856,17062.683467460545,0.044066347093254105,0.08656634001839024,186.70349763064746,0.0032387274803504216,0.0062132484296871975,18126.56343833078,16180.46146401297,0.10845267839657892,0.906318661232747,83.68780758044639,418.5740274253185,365.2359496239079,53.33807780141058,98.57914943357811,98.50977526193367,33276600,0.9578830347542383,76.099609375,21.69921875,34.80078125,1,HOLD
2022-08-18,17898.650390625,17968.44921875,17852.05078125,17956.5,263900,0.0006826699360520383,0.0006824370229270742,0.014597548538849203,0.024052239125165853,0.03522830533495025,0.09889203329308693,17234.3099609375,16421.6849609375,17554.371726441877,17128.892099500506,0.040218864425834736,0.0854740644926629,181.68170762131552,0.003200831760120727,0.006281155260902437,18192.167685796707,16276.45223607829,0.10668646171126982,0.8769818942410139,83.83551711166223,425.47962694138187,377.28468508740275,48.19494185397912,99.02231824675677,98.87081894819737,33540500,0.9547066058895849,57.849609375,11.94921875,46.599609375,1,HOLD
2022-08-19,17966.55078125,17992.19921875,17710.75,17758.44921875,295600,-0.011029475746944017,-0.011090751389954998,-0.003747536850815525,0.005631644982728279,0.0212960447089674,0.0749113779640429,17296.18994140625,16449.7289453125,17585.76826372005,17175.525960185652,0.026030385404130912,0.07369563959761224,188.80795841622154,0.005610507057551714,0.007013318574762923,18221.021899551582,16371.357983260918,0.10415683788073815,0.7499152809717019,72.41808643136615,410.24230353440726,383.87620877680365,26.366094757603605,76.00222973934909,91.20123247322799,33244900,1.0672250704021913,208.1015625,25.6484375,47.69921875,1,HOLD
2022-08-22,17682.900390625,17690.05078125,17467.349609375,17490.69921875,287600,-0.0150773300473388,-0.015192148554208883,-0.025275549618958726,-0.011721630074117306,0.006253550727764345,0.05332345003839145,17340.46240234375,16469.9809375,17571.14225680158,17198.872127486713,0.008589526040513943,0.05835777452257548,196.11450491327716,0.007827007273707751,0.008151281055879868,18211.99043911913,16468.93436556837,0.09965616878724937,0.5861916140767738,60.43505126470984,372.2701293148748,381.5549928844179,-9.28486356954312,40.11214046479517,71.71222948363366,32957300,1.0301597535640052,192.201171875,7.150390625,23.349609375,1,HOLD
2022-08-23,17357.349609375,17625.55078125,17345.19921875,17577.5,285600,0.00496268217550444,0.004950408657946044,-0.02110656308300618,-0.013898823298410967,0.010346314125592837,0.0513205172026685,17383.36494140625,16497.49494140625,17572.120371139797,17226.91863656177,0.01104452047183904,0.061442472399018615,202.13143759804308,0.007945867692444073,0.008109942713494816,18211.799909979283,16554.929972833215,0.0942608412542209,0.6171697634441531,62.59586928459447,345.20173457803685,374.2843412231417,-29.082606645104875,50.09331384006431,55.40256134806952,33242900,1.0059348748745187,220.150390625,48.05078125,12.150390625,1,BUY
2022-08-24,17525.44921875,17623.650390625,17499.25,17604.94921875,262000,0.001561611079505143,0.001560393032835227,-0.008643772781574244,-0.018908607562311053,0.004556299887293447,0.05856227639648859,17432.06240234375,16534.10591796875,17577.17096307983,17254.92090190905,0.00982035303016494,0.06082626467566045,196.57921995711143,0.00764318361234182,0.007904013248295254,18189.312720091664,16674.812084595833,0.08602698120156038,0.6141543373133257,63.27885996687172,322.250061170791,363.87748521267156,-41.627424041880545,53.396670787832065,47.86737503089717,33504900,0.9146607551187805,79.5,18.701171875,26.19921875,1,HOLD
2022-08-25,17679.0,17726.5,17487.44921875,17522.44921875,230200,-0.004686182219266755,-0.004697196795508722,0.0018152504712884987,-0.024172348801269727,-0.0007015087896889982,0.06300710295150402,17483.9923828125,16569.91291015625,17568.75223318293,17274.737814267635,0.0021947180703682546,0.054360911348767534,199.61290290660347,0.007815355526122891,0.007629019855652087,18104.0356130872,16863.9491525378,0.07077129715533358,0.5310114150588597,59.74764122404834,294.0144189153034,349.9048719531979,-55.89045303789453,43.46826624295445,48.986083623616935,33274700,0.8005703455111346,156.55078125,47.5,35.0,1,HOLD
2022-08-26,17619.30078125,17685.849609375,17519.349609375,17558.900390625,266600,0.002080255529346653,0.002078094793881999,-0.0010581487341772,-0.011236838626331735,-0.0056684755294750255,0.05510819540685041,17529.84736328125,16607.24791015625,17567.236565097097,17295.78689399781,0.0016546040297183212,0.054197726469070596,197.2476955561318,0.007460289799501325,0.007475768416098129,18014.932710053075,17044.762016509423,0.055252360453143363,0.5299463048477598,60.788803208395116,271.4496710992935,334.21383178241706,-62.76416068312358,33.029547430448225,43.29816148707824,33541300,0.9142190902388392,60.400390625,66.548828125,39.55078125,1,BUY
2022-08-29,17188.650390625,17380.150390625,17166.19921875,17312.900390625,244900,-0.014009988924553851,-0.014109055185943692,-0.016589018491115937,-0.01016533563932076,-0.021767811409494686,0.0226408651175507,17549.01240234375,16646.29392578125,17528.107922870622,17297.05456041464,-0.013637923536290014,0.03850345406045999,211.20865815033667,0.00848730792133359,0.0075389371070552075,17962.766342915584,17135.258461771915,0.04779718374581346,0.21467098126891304,51.1694473873332,231.05336245598664,313.58173791713097,-82.52837546114432,17.76043243038741,31.419415367930014,33296400,0.8591625883632379,124.25,67.25,22.451171875,1,BUY
2022-08-30,17414.94921875,17777.650390625,17401.5,17759.30078125,324700,0.02578426378902554,0.025457455427431688,0.013517035178310266,0.010342812188877781,-0.003699764028554986,0.035029841694228736,17579.06494140625,16695.60994140625,17563.676054928987,17331.29502121726,0.010148813968736892,0.05989486032956773,229.3187539967412,0.012053299285808719,0.008963628969870067,17961.013749973346,17197.116132839154,0.04301394669438249,0.7359424035372429,62.703148849615665,232.38103371173202,297.3415970760512,-64.96056336431917,71.8040632566586,40.86468103916473,33621100,1.1618212720279053,344.3515625,18.349609375,13.44921875,1,HOLD
2022-09-01,17485.69921875,17695.599609375,17468.44921875,17542.80078125,308500,-0.012190795272107646,-0.012265712506503565,-0.0009168916627373402,-0.0035301685183964926,-0.022372025509564297,0.01169258398131312,17589.20244140625,16739.46294921875,17560.46447436299,17346.96211455302,-0.0026450542723967714,0.0457930202849861,233.71395460411685,0.012312869170329229,0.009225908698238531,17955.687476369694,17222.717406442807,0.04178181574690719,0.43669364949469774,55.8172093241231,213.5023598099724,280.5737496228354,-67.071389812863,45.59340950363196,45.05263506355931,33312600,1.1184627934378641,57.1015625,152.798828125,17.25,1,BUY
2022-09-02,17598.400390625,17643.849609375,17476.44921875,17539.44921875,256300,-0.0001910505934481499,-0.00019106884593758132,0.013085550255211853,0.0009701840072566803,-0.023225616420237793,0.011184489807867903,17598.90244140625,16777.4759375,17557.231358114837,17361.22041856761,-0.0033896858398891365,0.043443398464042805,228.97727146275136,0.012293286592775626,0.009227482014809017,17948.969393251227,17248.835489561276,0.03991766759366055,0.41508306861969235,55.71520427115859,196.0109395472282,263.661187607714,-67.65024806048581,45.18765133171913,54.195041364003224,33056300,0.9424180026474447,58.951171875,45.44921875,63.0,1,BUY
2022-09-05,17546.44921875,17683.150390625,17540.349609375,17665.80078125,230300,0.007203850071011875,0.00717802628935595,-0.005264846918900945,0.006088102799539641,-0.005217146855491128,0.015967793260788676,17612.7849609375,16822.52595703125,17573.934346289476,17383.781926914453,0.003001042577632191,0.04773487681995037,222.88612149219767,0.012203160688933973,0.009338191280851421,17950.109382782353,17275.460539092648,0.03818954215796202,0.5785828372905424,58.7739493032975,190.1524193750265,248.9594339611765,-58.80701458614999,60.48445066585956,50.42183716707021,33286600,0.8554818818372584,119.3515625,17.349609375,6.099609375,1,BUY
2022-09-06,17695.69921875,17764.650390625,17587.650390625,17655.599609375,251200,-0.0005774531254664206,-0.000577619915734608,0.006429921284038187,0.019794442930866296,0.00942789013535994,0.015740398652341447,17626.46494140625,16864.50494140625,17586.498232918017,17403.91657005968,0.0016501658744729486,0.04480701224945572,219.60854138561214,0.011082863535720732,0.009339822533333096,17947.016773869655,17305.91310894285,0.03631163365227113,0.5454445506430373,58.423094586240374,182.5816628583416,235.68387974060954,-53.10221688226795,59.249441964285715,54.97384798728813,33035400,0.946085908517406,40.099609375,68.951171875,67.94921875,1,BUY
2022-09-07,17519.400390625,17650.75,17484.30078125,17624.400390625,354100,-0.0017671004916441913,-0.0017686636555011566,0.004843434409798064,-0.007596041774765472,0.00266820598065709,0.013042126203477444,17637.8099609375,16903.00794921875,17592.329334103706,17420.24870491637,-0.000760852568898261,0.04093146010175653,216.1578475812827,0.011019221785602383,0.009357691006011722,17940.72001857564,17334.899903299356,0.03437394191285739,0.47786542576774466,57.296547784015516,172.0806291873414,222.96322962995592,-50.88260044261452,55.47229683716707,58.40206315577077,32681300,1.333936072027269,105.0,26.349609375,35.099609375,1,BUY
2022-09-08,17748.150390625,17807.650390625,17691.94921875,17798.75,279800,0.009892512965589573,0.009843902383512463,0.007525796333620383,0.014589986054197368,0.011008312426348477,0.015614769486309354,17651.49248046875,16942.341953125,17624.086359626213,17448.285837885527,0.008273475358171179,0.04811619056815787,213.8072870397625,0.01143069895057804,0.009470105044082676,17957.50763078042,17345.477330157082,0.0343861395111082,0.7406049494290244,61.73680250100334,175.80052174068987,213.53068805210273,-37.73016631141286,76.57999773002422,63.76724551049233,32961100,1.049532061741589,50.599609375,8.900390625,56.201171875,1,HOLD
2022-09-09,17923.349609375,17925.94921875,17786.0,17833.349609375,270300,0.0019439347917691308,0.0019420477956010656,0.010067627491145315,0.016756534766828146,0.0177429756961327,0.017029020053037636,17666.4224609375,16982.00494140625,17656.280705741414,17476.80908021808,0.009360392303964302,0.0477389097739215,208.53171073335093,0.011245100506636727,0.00947316308938429,17977.295902502865,17355.549019372138,0.03486427938382783,0.768480876970689,62.568596739381455,179.47162552333248,206.7188755463487,-27.24725002301622,87.81183160579138,73.28804205766089,33231400,1.0220247660459363,90.0,2.599609375,47.349609375,1,HOLD
2022-09-12,17890.849609375,17980.55078125,17889.150390625,17936.349609375,228200,0.005775695663245095,0.005759080279283832,0.017699848609654678,0.015314835227404622,0.021496176318166693,0.01570585023925486,17680.28994140625,17024.74994140625,17699.36822937735,17510.849119414892,0.014276019008623348,0.05082414693189702,204.15095795775443,0.011315221164633855,0.009432482260693861,18012.60633149247,17347.97355132003,0.037055075009524166,0.8852648795044853,65.00732023838489,188.5191099624608,203.07892242957112,-14.559812467110334,94.57222483379222,86.32135138986928,33459600,0.8765965619898171,45.5,44.201171875,1.69921875,1,HOLD
2022-09-13,18044.44921875,18088.30078125,18015.44921875,18070.05078125,259900,0.007454201929980142,0.007426556664034913,0.01524268733759393,0.02347420541044265,0.04373330716065338,0.021013517368572154,17698.8849609375,17070.54595703125,17756.396314280835,17552.27146473601,0.020540386123188595,0.055312784469641114,200.42240180898625,0.009841319960139105,0.009545280504237941,18072.207860637413,17325.562061237586,0.0413195186022702,0.997110973650232,67.92831577993591,204.12484954482716,203.28810785262235,0.8367416922048108,98.02082539037016,93.46829394331792,33719500,1.0068765133171875,25.6015625,18.25,29.0,1,HOLD
2022-09-14,17771.150390625,18091.55078125,17771.150390625,18003.75,365900,-0.0036690976717561608,-0.003675845320864187,0.009555153370369718,0.021524114350964796,0.013764574504424587,0.010013884798249606,17707.8099609375,17115.5799609375,17794.4507274684,17585.71431920001,0.01643768876275784,0.04933250234326188,208.99225815298723,0.0065724980569857785,0.009488634449762836,18100.806498745933,17314.813423129064,0.043657186731479204,0.8765173615929926,65.02942584214517,208.73640826839255,204.37776793577638,4.358640332616176,90.51162987040398,94.36822669818878,33353600,1.323710295926484,232.599609375,87.80078125,0.0,1,HOLD
2022-09-15,18046.349609375,18096.150390625,17861.5,17877.400390625,289600,-0.007017960667916379,-0.0070427023794097186,-0.0032865783748543542,0.0044188715850832505,0.01907332891408231,-0.003725405596500253,17704.46748046875,17156.4209765625,17807.212214107876,17607.320694861122,0.009673269400339527,0.04032909697768961,210.82498190098815,0.005501370872626554,0.009516668966757574,18090.43767929325,17318.49728164425,0.04317967829672869,0.724023656077861,59.792598575174104,199.89151924675753,203.48051819797263,-3.5889989512151033,76.47725960074348,88.33657162050586,33064000,1.0426267281105954,168.94921875,49.80078125,15.900390625,1,HOLD
2022-09-16,17796.80078125,17820.05078125,17497.25,17530.849609375,468500,-0.019384853148544656,-0.019575203370476822,-0.029839494000453493,-0.01696260134108374,-0.0004903009933634461,-0.02370452987079885,17683.1849609375,17190.8209765625,17764.69489030282,17601.656170010298,-0.008689558974998788,0.01939601561755813,222.9196539527033,0.008720349610292598,0.010438226988339577,18057.99927053973,17308.370651335266,0.04276054132616507,0.29678557133469685,48.30288799015169,163.03872029252307,195.3921586168827,-32.353438324359644,39.211778172157054,68.7335558811015,32595500,1.6267925969651669,265.951171875,23.25,33.599609375,1,HOLD
2022-09-19,17540.650390625,17667.19921875,17429.69921875,17622.25,258300,0.0052136885924867205,0.005200144374609497,-0.02119002985489138,-0.017511902712401772,-0.002465259389555885,-0.00766954462477476,17676.375,17223.46998046875,17742.780291794694,17603.181638898423,-0.003071401211536552,0.022629347531174987,223.9611072417959,0.008558512815361168,0.010259223800888112,18050.420367038267,17302.329632961733,0.04245148798119045,0.42764915065116904,50.978447267739384,139.59865289627123,184.23345747276045,-44.634804576489216,31.778575666154005,49.1558711463515,32853800,0.9027522935779785,81.599609375,44.94921875,110.951171875,1,HOLD
2022-09-20,17770.400390625,17919.30078125,17744.400390625,17816.25,263100,0.011008809885230342,0.010948654031257964,-0.003420541537855093,-0.014045382844930954,0.00909911836354138,0.018612793987161425,17692.6525390625,17257.13697265625,17754.08332382628,17618.9644804615,0.006937344331018072,0.031382194757244,229.18179824238192,0.009259350943704153,0.009939556467048971,18061.255316408944,17324.049761716054,0.04137826729490715,0.6676567141281541,56.164240449290766,135.1188433647767,174.4105346511637,-39.29169128638699,58.00136567581904,42.997239838043356,33116900,0.9234819234819203,45.849609375,103.05078125,26.0,1,HOLD
2022-09-21,17766.349609375,17838.69921875,17663.599609375,17718.349609375,245500,-0.005495005437451739,-0.005510158516157929,0.010695431435321368,-0.015852274699715285,0.005330633477889757,0.008013062686673234,17699.69501953125,17287.09197265625,17748.585829295313,17626.326341862503,0.0010528401490554375,0.02433960533720175,225.31878475185462,0.009453679748863237,0.009993350225318401,18064.591810113085,17334.798228949414,0.041188575530619845,0.5255614605618757,53.11087382484292,122.25948743280969,163.98032520749288,-41.72083777468319,43.31155871673363,44.36383335290221,32871400,0.867813146220326,48.0,72.349609375,54.75,1,HOLD
2022-09-22,17609.650390625,17722.75,17532.44921875,17629.80078125,284100,-0.004997577656902563,-0.005010107310831895,0.00042847997559913864,-0.01384986653343867,-0.009492195730037234,0.0014116236401029436,17700.93759765625,17315.36798828125,17730.311206519113,17626.58370774306,-0.00403503234602108,0.017835300402439126,222.81749878743645,0.008983509824843305,0.010062219206205444,18064.702878202905,17337.1723171096,0.04126708918157852,0.40222154200676896,50.43986071561275,103.72749877605384,151.9297599212051,-48.202261145151255,30.02493970218889,43.779288031580506,32587300,1.0003521126760528,20.150390625,92.94921875,77.201171875,1,HOLD
2022-09-23,17593.849609375,17642.150390625,17291.650390625,17327.349609375,390800,-0.017155677232420508,-0.01730454089090743,-0.027441262365817676,-0.011608108251135452,-0.02837380587963101,-0.011134265931627474,17691.1826171875,17340.748984375,17668.31711465079,17604.418218975054,-0.02099761452355341,-0.000773307822723858,231.9376774454767,0.010248946969397358,0.010739143474654156,18082.956171006655,17299.409063368345,0.045220251527352526,0.03565905066108332,42.5656202120221,63.89889567573482,134.32358707211102,-70.4246913963762,4.437441733996271,25.92464671763959,32196500,1.3382186761634034,266.5,48.30078125,35.69921875,1,HOLD
2022-09-26,17156.30078125,17196.400390625,16978.30078125,17016.30078125,492000,-0.017951321762256445,-0.018114401349380974,-0.03962269870516255,-0.03438546262537412,-0.05129521046155938,-0.030901685031751946,17664.05263671875,17361.7419921875,17568.006909512205,17560.853964328755,-0.038066549468994834,-0.0203006056003745,240.30275963687123,0.01076940306469343,0.011399177138604883,18152.044189016484,17176.061084421013,0.05735577415691261,-0.16369166886046416,36.29094741100884,7.152945183450356,108.88945869437889,-101.73651351092853,3.399383931551056,12.620588455912063,31704500,1.6221562809099848,140.0,40.099609375,38.0,1,HOLD
2022-09-27,17110.900390625,17176.44921875,16942.349609375,17007.400390625,359900,-0.0005230508522044985,-0.0005231876910193474,-0.03530388110153504,-0.04539954307865013,-0.05880727196005653,-0.0176458012873123,17648.77763671875,17383.1169921875,17481.75975276033,17519.85740331366,-0.03771165677073714,-0.022091359815907388,239.85967747530898,0.009995610476716797,0.01101295853436331,18195.384723286978,17102.170550150524,0.06427873443486794,-0.08668947206706965,36.12684034553584,-38.09765055333264,79.49203684483659,-117.58968739816923,5.637956075876942,4.491593913808081,31344600,1.1645364827697746,103.5,65.548828125,65.05078125,1,BUY
2022-09-28,16870.55078125,17037.599609375,16820.400390625,16858.599609375,323900,-0.00874917846539458,-0.008787677246935572,-0.027052608192679517,-0.048523142332912106,-0.06360621485107265,-0.050717152829910184,17603.742578125,17399.30498046875,17385.88896147028,17470.87534450339,-0.04419957683410593,-0.0320729706869049,238.24107328064406,0.009993234463980455,0.009173859823543769,18246.47103630962,16961.014119940377,0.07624932949083182,-0.079671678810182,33.40697761083375,-84.98638303311236,46.5963528692468,-131.58273590235916,2.994255829903978,4.010531945777316,31020700,1.0481861428432704,11.951171875,167.048828125,38.19921875,1,BUY
2022-09-29,16993.599609375,17026.05078125,16788.599609375,16818.099609375,340000,-0.0024023347691036756,-0.0024052250050792126,-0.011647723816294753,-0.04604142621613039,-0.05925362514146648,-0.041310460109059144,17567.50751953125,17410.09697265625,17298.53675345562,17422.52158634573,-0.044559607063957625,-0.03520001528301394,238.18465175166946,0.010073192762239919,0.008889657580092003,18295.897626152142,16839.117412910357,0.08661978743601477,-0.014427573455690327,32.68568888379458,-123.98483289010983,12.480115717375476,-136.4649486074853,2.2561265247226894,3.6294461435011933,30680700,1.094708372909184,175.5,32.451171875,29.5,1,BUY
2022-09-30,16798.05078125,17187.099609375,16747.69921875,17094.349609375,376100,0.01642575596626905,0.016292312526781774,0.005112434396377763,-0.013446949778974537,-0.024898964381428024,-0.025377057387821478,17545.2525390625,17425.17296875,17267.123346673987,17398.212551014567,-0.026377308291402567,-0.019352790070092437,252.55720452833592,0.011114902150812534,0.009803953335561517,18302.345161362227,16788.159916762776,0.08857811377445048,0.20221415689004338,41.900314357278184,-131.08920434058018,-16.23374829421566,-114.85545604636452,25.707300186701467,10.319227513776035,31056800,1.188028113401244,296.298828125,92.75,50.3515625,1,BUY
2022-10-03,17102.099609375,17114.650390625,16855.55078125,16887.349609375,278400,-0.012109264448790458,-0.012183178897324074,0.0017053611015243053,-0.007578096645840304,-0.041702982912227404,-0.04406543363158644,17506.32998046875,17432.50296875,17208.696617858757,17360.37085163386,-0.036653494207884586,-0.03228175954102103,253.0245191602405,0.011135499199156768,0.009879481048862524,18313.04570097388,16699.61425996362,0.09554083253624147,0.11635781021703244,37.73223866307198,-151.67423377510204,-43.32184539039294,-108.3523883847091,10.35635501957541,12.773260576999846,30778400,0.8727819926014143,214.75,12.55078125,31.798828125,1,HOLD
2022-10-04,17147.44921875,17287.30078125,17117.30078125,17274.30078125,226000,0.02291367093271912,0.022655095268550494,0.027125607676903973,0.01569319146341286,-0.030418815337121985,-0.021596481374811738,17487.2650390625,17445.883984375,17218.789566072795,17353.995290864685,-0.012328386573172085,-0.00993285952918224,263.5192800684376,0.013356409049269557,0.011367430984917347,18296.98572620225,16677.54435192275,0.09374859189885627,0.36849523471782597,48.12133178313863,-135.20572479188922,-61.6986212706922,-73.50710352119702,39.052327105605826,25.03866077062756,31004400,0.711318141760038,126.8515625,13.0,30.1484375,1,HOLD
2022-10-06,17379.25,17428.80078125,17315.650390625,17331.80078125,265500,0.0033286441360573793,0.0033231164632058175,0.013890623352220244,0.028068830320393534,-0.021816299861273314,-0.016601961081787686,17472.63505859375,17458.131015625,17236.175906869288,17352.35125311545,-0.008125772914266876,-0.007288927213591535,255.73218863497775,0.013464610358298662,0.011407071693034848,18282.48939860176,16662.780718585742,0.09345299432291314,0.4130496248604588,49.4704686766539,-116.17534624616019,-72.59396626578581,-43.58137998037438,49.85496615877038,33.087882761317196,31269900,0.8474576271186414,47.44921875,49.55078125,16.150390625,1,HOLD
2022-10-07,17287.19921875,17337.349609375,17216.94921875,17314.650390625,216300,-0.0009895331040011834,-0.0009900230150986376,0.025303010308543872,0.029524785367141204,-0.017876004076017415,-0.02719851727649414,17448.430078125,17471.8040234375,17248.248904370164,17349.558596634677,-0.007726386873652004,-0.009076338780573413,246.06563163426503,0.01342910996083726,0.01112757453611216,18246.70457212615,16650.155584123848,0.09220798294990416,0.41620696357848186,49.06065036868684,-101.30969226450543,-78.33711146552974,-22.972580798975685,48.39112459573901,45.76613928670506,31053600,0.6974831917191987,27.451171875,22.69921875,70.25,0,HOLD
2022-10-10,17094.349609375,17280.150390625,17064.69921875,17241.0,234000,-0.00425364584114718,-0.004262718329192525,-0.0019277643518946785,0.008578880973896474,-0.004983428586693983,-0.033215835630991175,17418.81259765625,17486.94703125,17247.133688313213,17341.517219106183,-0.010313357557928858,-0.014265241647816345,246.34317022288897,0.012358594173214157,0.01111821645958691,18201.568131351265,16636.057063961238,0.09080163954469156,0.38641881787965787,47.250408439816596,-94.38353079295848,-81.5463953310155,-12.837135461942978,42.104824459040444,46.7836384045166,30819600,0.7590009730781682,146.650390625,39.150390625,29.650390625,0,HOLD
2022-10-11,17256.05078125,17261.80078125,16950.30078125,16983.55078125,282600,-0.014932383199930399,-0.015044993668578569,-0.020093122716754674,0.005696641219625986,-0.0019246251239333212,-0.053121111534701004,17371.17265625,17493.78203125,17206.58247184195,17315.00118667239,-0.02282337068335197,-0.030042672263994454,250.99722949268264,0.0119118561218107,0.011354093486489674,18137.95139064858,16604.39392185142,0.09029663399306476,0.24724007225873468,41.48773218550059,-108.41871483042996,-86.9208592308984,-21.49785559953156,21.61792506874427,37.3712913745079,30537000,0.9086232396630413,272.5,5.75,33.25,0,BUY
2022-10-12,17025.55078125,17142.349609375,16960.05078125,17123.599609375,256000,0.008246145339619648,0.008212331644389038,-0.011034053644735642,-0.008724009948846922,0.006832273956109969,-0.05237678539658919,17323.85009765625,17497.66203125,17193.815877616264,17300.82329205777,-0.011694415476265567,-0.021844847485817543,246.09020082356247,0.012198957442007248,0.011392554645161729,18026.391402709225,16621.308792603275,0.08205532961286256,0.3574813417792512,45.38955005852542,-107.00741444149753,-90.93817027301823,-16.0692441684793,38.55187830762019,34.09154261180163,30793000,0.8236145741172659,98.048828125,18.75,65.5,0,BUY
2022-10-13,17087.349609375,17112.349609375,16956.94921875,17014.349609375,266400,-0.006380083772817624,-0.0064005234917517235,-0.013146011868511054,-0.01831611013083112,0.0092386084021705,-0.05495523935985558,17274.380078125,17494.7840234375,17166.205682502223,17279.60301926645,-0.015283009619522633,-0.028237013173737648,240.41592866652232,0.012015656400815965,0.011421725254724258,17915.06759086713,16633.69256538287,0.07531143152120344,0.2970691924075662,42.98169547258476,-113.39733676422111,-95.43000357125881,-17.9673331929623,29.811620690935214,29.993808022433218,30526600,0.8710152035311399,73.0,25.0,57.400390625,0,BUY
2022-10-14,17322.30078125,17348.55078125,17169.75,17185.69921875,227000,0.010070888003887335,0.010020514532698735,0.011902601529190981,-0.0074475180824222775,0.02185738091181766,-0.03869137328477201,17239.79501953125,17491.6969921875,17169.204688078804,17272.64718219116,-0.0031477218408565927,-0.017805372335601456,247.114874609985,0.012269713116773962,0.011721705414659589,17818.191201553862,16661.39883750864,0.06731133539117998,0.4532363780544544,47.67055144418737,-103.44249411234705,-97.03250167947647,-6.409992432870581,64.30758995652722,44.22369631836087,30753600,0.7498678646934437,136.6015625,26.25,15.94921875,0,BUY
2022-10-17,17144.80078125,17328.55078125,17098.55078125,17311.80078125,212200,0.007337586960815656,0.007310797834822186,0.010990748216978874,0.0041065356562843824,0.012720646110791156,-0.012495049185058282,17228.842578125,17491.0240234375,17191.14254856668,17275.547448788107,0.0047920031066236235,-0.01035266316035787,245.89238356641468,0.011407881878339026,0.011132665217226683,17792.89641472007,16664.78874152993,0.06516408589983128,0.5735374867984283,50.87239576383443,-84.4049002214233,-94.50698138786584,10.102081166442531,82.82194514859889,58.98038526535376,30965800,0.7319639192149128,167.0,16.75,46.25,0,BUY
2022-10-18,17438.75,17527.80078125,17434.05078125,17486.94921875,239500,0.010117285874136073,0.010066448739082915,0.027776531000314852,0.02964035283220956,0.03550584450754379,-0.007677838031465933,17222.0775390625,17493.0,17236.651267056423,17291.206839155653,0.015146820430146762,-0.00034601697381909143,243.75721331167077,0.010639343654870348,0.01131917380454591,17770.11366490935,16674.041413215647,0.06267944385167326,0.7416553099282166,54.9916415839771,-54.55557209922699,-86.51669953013807,31.961127430911077,94.7633020540194,80.63094571971516,31205300,0.828820099319984,48.19921875,40.8515625,4.69921875,0,BUY
2022-10-19,17568.150390625,17607.599609375,17472.849609375,17512.25,210500,0.0014468379208691928,0.0014457922593648584,0.019001309000783895,0.022696769341197243,0.013774752550810954,-0.01706307444046873,17206.8775390625,17495.605,17279.051072124665,17307.580406625606,0.017437648556724496,0.0009504775228768682,235.97098378940856,0.008178371857425301,0.011013083412527401,17702.50972524821,16711.245352876795,0.056604055582316015,0.8080635897426075,55.57116290368908,-28.529334500937694,-74.919226524298,46.389892023360304,88.91155180128513,88.83226633463447,31415800,0.7351528803673992,55.900390625,39.44921875,39.400390625,0,BUY
2022-10-20,17423.099609375,17584.150390625,17421.0,17563.94921875,249600,0.0029521745492440132,0.0029478254394111857,0.014565118943206334,0.032302122737161154,0.013394363368816498,-0.008714151940161785,17199.15751953125,17498.933984375,17322.88155622087,17326.57068900519,0.020769343766339526,0.0037016296030733167,230.76951284909367,0.008169364718157329,0.010985598810634342,17666.69593540955,16731.619103652953,0.053238415809035475,0.8901194926758871,56.79533264918324,-3.6891327843186446,-60.67320777630213,56.98407499198348,94.92378523130178,92.86621302886874,31665400,0.8710825713687413,140.849609375,20.201171875,2.099609375,0,BUY
2022-10-21,17622.849609375,17670.150390625,17520.75,17576.30078125,277700,0.0007032337856462956,0.0007029866326317706,0.005109614111773908,0.02272829039588009,0.015111502959751943,-0.003034634404768699,17196.48251953125,17499.9580078125,17361.869129302275,17345.06921435666,0.021609681493612698,0.004343506314988689,224.95743269022984,0.008132691221437054,0.010933323128997937,17654.65304676015,16738.31199230235,0.05213503488944226,0.9144944285428452,57.099464574929094,16.799914945619093,-45.178583231917884,61.97849817753698,88.47905053048012,90.77146252102233,31943100,0.9702326881419854,46.548828125,47.30078125,55.55078125,0,BUY
2022-10-24,17736.349609375,17777.55078125,17707.400390625,17730.75,45000,0.008787356376761757,0.008748972260095097,0.012476980399434678,0.024200210252173893,0.028406124934748478,0.02328113645301766,17216.6525390625,17503.8780078125,17418.62003248654,17373.63816144135,0.028994682172919967,0.01279539738519249,223.26404464092772,0.008147643954383488,0.010324732853649725,17728.468934233755,16704.836143891243,0.05773206380680523,1.0022284023985588,60.81404902169317,44.98187104519093,-27.14649237649612,72.12836342168706,94.34260728316713,92.58181434831631,31988100,0.16732978842077803,5.599609375,41.201171875,23.349609375,0,BUY
2022-10-25,17808.30078125,17811.5,17637.0,17656.349609375,251400,-0.004196122026705051,-0.004204950452158822,0.005260798096954122,0.009687246672127614,0.03961473291367179,0.03761386427949476,17248.65498046875,17503.825,17455.193813546302,17394.579750177178,0.023090538980366414,0.008638513211927636,219.78089859514716,0.005959949815829842,0.009398301765757528,17785.775017982556,16711.534942954942,0.06084157251039162,0.8795191022778509,58.199821632712656,60.61406336912842,-9.594381227371212,70.20844459649963,81.98437861448652,88.2686788093779,31736700,0.9785908913974272,151.951171875,3.19921875,19.349609375,0,BUY
2022-10-27,17771.400390625,17783.900390625,17654.5,17736.94921875,324600,0.004564907874966551,0.0045545202832827395,0.009140059646189913,0.012830973675570068,0.035818964666704645,0.04289596360224168,17285.132421875,17504.6009765625,17498.540798962254,17419.940451552942,0.02547319673201613,0.013099673417448958,213.32514802585092,0.005773019551087962,0.009398416603166744,17850.12889706423,16720.135946685772,0.06370841661901619,0.8998403677852819,60.19604034616178,78.60034740931587,8.044564499966206,70.55578290934966,91.343375652592,89.22345385008187,32061300,1.2722676230231005,34.451171875,12.5,82.44921875,0,BUY
2022-10-28,17756.400390625,17838.900390625,17723.69921875,17786.80078125,250000,0.002810605244745412,0.0028066628790527496,0.003161218857070436,0.012688009952915413,0.045399982344865863,0.0550580234053859,17331.54248046875,17503.8319921875,17542.888488544984,17447.115290789763,0.025595288685144643,0.01590891990878941,206.31629258650443,0.004638239582085716,0.009041931002342803,17901.2385602809,16761.8464006566,0.06405829657829162,0.8995624306651938,61.423160675730884,95.77319775522847,25.59029115101866,70.1829066042098,94.13688585665209,89.15488004124353,32311300,0.9942729875914692,30.400390625,52.099609375,32.701171875,0,BUY
2022-10-31,17910.19921875,18022.80078125,17899.900390625,18012.19921875,227200,0.012672230395564199,0.012592609626880552,0.020154200457497495,0.02480035150314497,0.048092311489908335,0.07100086437289077,17391.2474609375,17505.1909765625,17615.090139345757,17488.973359527557,0.03447395569365649,0.028148047666479582,208.4365574017541,0.005043192248258408,0.0092188518509681,17983.04885269016,16799.446069184836,0.06571117547230103,1.024628504144341,66.45821190981891,126.11677981820685,45.6955888844563,80.42119093375055,99.01150932400932,94.83059027775113,32538500,0.9243287225386456,102.0,10.6015625,10.298828125,0,BUY
2022-11-01,18130.69921875,18175.80078125,18060.150390625,18145.400390625,349900,0.007395053222392978,0.007367843877008389,0.02302826528043611,0.023385947612199143,0.04815210271353476,0.061485274682435254,17443.8,17508.968984375,17696.676331850256,17537.597584053296,0.03866546758524488,0.03507397977169025,205.2340577659145,0.005046538476385936,0.008760975459408642,18103.573803095802,16784.026196904197,0.07272077649349432,1.0316976722415372,69.03068411858794,159.07874779696795,68.37222066695863,90.70652713000932,97.50581682295706,96.88473733453948,32888400,1.4311423780113648,14.701171875,30.400390625,70.548828125,0,HOLD
2022-11-02,18177.900390625,18178.75,18048.650390625,18082.849609375,270900,-0.003447197631545107,-0.0034531529072475455,0.016644298868916385,0.024155615936237496,0.034076864018456554,0.07079263636114441,17503.575,17515.4569921875,17756.087605315603,17577.986622966015,0.03203447586461572,0.03137738959535095,199.86731145227776,0.005254904247855392,0.00816746892534169,18167.471634992708,16839.678365007294,0.07342832013030862,0.9362686740989632,66.45323566377542,178.1009823495915,90.3179730034852,87.7830093461063,92.15089791259699,96.22274135318777,32617500,1.1097228765131144,95.05078125,0.849609375,34.19921875,0,HOLD
2022-11-03,17968.349609375,18106.30078125,17959.19921875,18052.69921875,213000,-0.0016673473084335422,-0.001668738878993079,0.0022484761304351064,0.017801821277484198,0.030861209653242794,0.045061067730445936,17542.494921875,17526.6969921875,17801.720161228586,17613.150518950013,0.028261939707336835,0.029137040405358423,196.09832938425794,0.005469367898539178,0.006824675854333347,18238.55084543754,16846.43899831246,0.07711377840268882,0.8664966273563298,65.18974515796592,188.5696422785768,109.96830685850352,78.60133542007327,88.33078389041373,92.66249954198925,32404500,0.874869077690835,84.349609375,53.6015625,9.150390625,1,BUY
2022-11-04,18053.400390625,18135.099609375,18017.150390625,18117.150390625,267900,0.003570168155688336,0.0035638102334325083,-0.001556868373904563,0.018572739046093023,0.03149640009687804,0.04531263769340188,17581.76240234375,17537.49,17850.247888828035,17650.48384277779,0.029551445825514343,0.03199511943804102,190.5162500532395,0.005471536687515656,0.006826938632221814,18313.536606597474,16849.988198090025,0.080782483831717,0.8658150186001584,66.64950268647831,199.764046050248,127.92745469685244,71.83659135339556,94.29738438005143,91.5930220610207,32672400,1.0998214175749694,63.75,17.94921875,36.25,1,BUY
2022-11-07,18211.75,18255.5,18064.75,18202.80078125,314800,0.004727586225111935,0.0047164462855731094,0.006633421969777009,0.010581804042095522,0.03564458800502179,0.05129473426191078,17626.169921875,17549.44703125,17904.486795354493,17691.396208590548,0.03167813933166621,0.035893034146316255,190.5329464780081,0.005421860903922028,0.00680423240391269,18394.592555001796,16857.747288748204,0.08442905488679729,0.8752042395131897,68.53769928865299,213.09058676394852,144.96008111027166,68.13050565367686,93.68493484122229,92.10436770389579,32987200,1.26674982898072,8.94921875,43.75,138.05078125,1,BUY
2022-11-09,18288.25,18296.400390625,18117.5,18157.0,307200,-0.002516139235956394,-0.0025193100341803654,0.005777572649173113,0.0006392589375427971,0.02404015622576594,0.05312916884171459,17671.969921875,17562.138046875,17943.33498068457,17725.88537832458,0.026713117702539004,0.03276212772622132,189.70204963136467,0.005380222929813602,0.006723727427928698,18452.205606605283,16891.734237144716,0.08594323783998277,0.8108227985572449,66.37364193328179,217.4496023599968,159.4579853602167,57.99161699978009,84.07581352282996,90.68604424803455,32680000,1.2182258000555133,131.25,8.150390625,39.5,1,BUY
2022-11-10,18044.349609375,18103.099609375,17969.400390625,18028.19921875,256500,-0.007093725904609771,-0.007119006002546902,-0.004909777197689369,-0.003022222260625762,0.02106039003541027,0.06150942467539244,17724.20234375,17571.5240234375,17956.39101731002,17748.27899613387,0.016862298408807944,0.025331159799784068,189.55187532733862,0.0058333675931803676,0.0058140815642563045,18451.14835268152,16997.256334818478,0.08064543775126144,0.7090917834779172,60.580643366343665,208.11202117615903,169.18879252340517,38.92322865275386,69.36245691145793,82.37440175850338,32423500,1.0224622805094332,16.150390625,58.75,58.798828125,1,BUY
2022-11-11,18272.349609375,18362.30078125,18259.349609375,18349.69921875,378500,0.017833173247033374,0.01767602773148285,0.00807010081939219,0.016451833401817773,0.03454652727720808,0.07160291278381226,17785.50732421875,17592.26,18016.89997137771,17792.828642253586,0.030746656269697883,0.04127801822364689,199.87685298252873,0.007674366043816299,0.006609703879164674,18506.285956393425,17064.728692044075,0.07856026669234696,0.8913766788758181,68.0715274793287,224.07132912413363,180.16529984355086,43.90602928058277,98.50257848001968,83.98028297143584,32802000,1.4728199540838107,77.349609375,12.6015625,13.0,1,HOLD
2022-11-14,18376.400390625,18399.44921875,18311.400390625,18329.150390625,301400,-0.0011198455015547504,-0.0011204729970374992,0.009481213340584826,0.011701619483696746,0.03049168965487703,0.07727599417173936,17851.24736328125,17603.6569921875,18064.938497415755,17832.556179169987,0.026073386772372562,0.03958139809953079,191.8891369212767,0.007808993316263983,0.006293617506210091,18516.384595853273,17186.11013070923,0.07257698457340683,0.8592514476259919,67.19263452734944,232.38231824577815,190.60870352399633,41.773614721781826,90.7798675116683,86.21496763438195,32500600,1.1648759372342847,47.25,23.048828125,17.75,1,HOLD
2022-11-15,18362.75,18427.94921875,18282.0,18403.400390625,250900,0.004050924260950772,0.00404274135870096,0.020811905133862663,0.011020260661295023,0.021718678942201253,0.07085549190494733,17912.132421875,17620.868984375,18117.009557909485,17874.840935574062,0.026694412897752238,0.04252102272624763,188.60771419475694,0.007067558203028501,0.00611674518195356,18544.558941952157,17279.705901797846,0.06872931161127416,0.8883992473063718,68.76208152882481,242.1686223354336,200.9206872862838,41.24793504914982,96.8962826508892,95.39290954752572,32751500,0.9652413103275782,40.650390625,24.548828125,80.75,1,HOLD
2022-11-16,18398.25,18442.150390625,18344.150390625,18409.650390625,219300,0.0003396111515991951,0.000339553496785159,0.0032671473881022983,0.01391476513878942,0.014562919214311076,0.06341625710966214,17967.02490234375,17638.2730078125,18162.031224481103,17914.45645076302,0.024043122975689658,0.041900707859467035,182.13573460941714,0.006836752785326659,0.006082501220714088,18571.455027128733,17362.594777558767,0.06566448704455417,0.8661510819284867,68.89696115804011,247.57477371809364,210.25150457264579,37.32326914544785,95.8738038618617,94.51665134147306,32970800,0.8425218026047838,11.400390625,32.5,54.099609375,1,HOLD
2022-11-17,18358.69921875,18417.599609375,18312.94921875,18343.900390625,200500,-0.00357149639481924,-0.0035778894143715548,0.0008047290619397351,0.017511520038377304,0.01443637407207432,0.04900518444670454,18009.8724609375,17651.835,18190.01109619555,17946.26711297502,0.018209209741359738,0.037727275873057735,176.60106718195877,0.006846787077366568,0.00602076345697365,18593.228798843982,17426.516123031015,0.06360221386773544,0.7862983634372225,65.68386728191423,243.7439832205382,216.95000030222428,26.79398291831393,86.32474914842312,93.03161188705799,32770300,0.7761090036386128,14.798828125,58.900390625,30.951171875,1,BUY
2022-11-18,18382.94921875,18394.599609375,18209.80078125,18307.650390625,198800,-0.00197613371355454,-0.001978088841936149,-0.005202842842498612,-0.002291526832332691,0.014122606751803657,0.04541965713286422,18049.64248046875,17664.876015625,18208.109449184696,17973.036244652794,0.014092901309081826,0.035109605071394275,177.18662153503314,0.006863111621153008,0.006097804967563301,18599.357602616124,17499.927358321373,0.060053050000220085,0.734674197380317,63.91409682571614,235.0732045319055,220.57464114816054,14.498563383744965,75.1959428307976,85.7981652803608,32571500,0.7712750480107049,75.298828125,11.650390625,97.849609375,1,BUY
2022-11-21,18246.400390625,18262.30078125,18133.349609375,18159.94921875,213800,-0.008067729540576885,-0.008100449774708418,-0.013563602055265522,-0.009231261038784577,0.0023623377408814594,0.033933142972410346,18079.44248046875,17675.5869921875,18200.700182963974,17986.881650141477,0.004433202830662434,0.026672003359040325,176.9804900861022,0.007422736323226727,0.006513841217434148,18583.31595855999,17575.569002377513,0.05549282897454283,0.5798878506025386,57.156608686469355,213.81853282250086,219.22341948302864,-5.404886660527779,41.56734918368915,67.69601372096996,32357700,0.8352704471314405,86.451171875,15.900390625,26.599609375,1,BUY
2022-11-22,18179.150390625,18261.849609375,18137.69921875,18244.19921875,177700,0.00463933015368867,0.004628601630860599,-0.0054351130213263765,-0.0086506389306239,0.002274289434768928,0.03799994354969738,18112.83740234375,17684.4959765625,18207.39234231567,18005.942210779143,0.0072001963380911955,0.030678421972737537,173.20691155316632,0.007416885147282093,0.006541861026184469,18564.751377961777,17660.923426725723,0.04954056576553755,0.6453394047240489,59.769462559984404,201.45013153653053,215.66876189372903,-14.218630357198492,59.01217692329468,58.59182297926046,32535400,0.7080668619130129,65.048828125,17.650390625,41.451171875,1,BUY
2022-11-23,18325.19921875,18325.400390625,18246.0,18267.25,178800,0.0012634580983039712,0.0012626606067816233,-0.0022067490782808896,-0.0077350947792858005,0.006072038332323615,0.030258167308207407,18139.66240234375,17693.173984375,18216.601212728645,18025.29834331402,0.0069844994542828985,0.031426515519577376,166.63507300472588,0.007356215212544554,0.006337286475100975,18560.279107095153,17719.045697592348,0.04605145325666455,0.6516672973449851,60.47961706865547,191.3028694146269,210.79558339790862,-19.492713983281703,63.7850779104707,54.7882013391515,32714200,0.6939512138324477,57.94921875,0.201171875,21.25,1,BUY
2022-11-24,18326.099609375,18529.69921875,18294.25,18484.099609375,204000,0.011870949889830174,0.011801042862214367,0.017849741027376798,0.007642824904438017,0.025288182424279215,0.046881151444831515,18181.04990234375,17704.128984375,18257.7548122127,18059.283622281502,0.016395156563511697,0.04219684169005486,173.47894055795976,0.00758486411366868,0.006589171892784814,18564.55460692896,17797.545197758544,0.04149563275353668,0.8951055924569775,66.47507672709301,198.47118993119875,208.33070470456667,-9.85951477336792,91.86155546182457,71.55293676519663,32918200,0.7991068805452698,158.0,45.599609375,31.849609375,1,BUY
2022-11-25,18528.44921875,18534.900390625,18445.099609375,18512.75,205900,0.0015500019600884762,0.0015488019469054911,0.014719790001745059,0.011202945489937166,0.008885746807413275,0.04373924577908195,18219.83994140625,17712.98296875,18296.984841103054,18092.873724334724,0.015822071739409246,0.043200876760611004,167.50192917881978,0.00535316755124898,0.006569421486490765,18571.43217317547,17868.24770963703,0.03798379298258986,0.9165479668292184,67.18343193102997,204.11111676833025,207.4867871173194,-3.3756703489891606,96.08304321396994,83.90989219542173,33124100,0.825746942049325,15.69921875,6.451171875,67.650390625,1,BUY
2022-11-28,18430.55078125,18614.25,18365.599609375,18562.75,206500,0.0027008413120686026,0.0026972005940332764,0.01617649071425631,0.022180721784954782,0.012744704713344657,0.04362500194908403,18258.63740234375,17724.16296875,18337.871788625664,18127.679374384003,0.01638294959832195,0.045175797295659376,173.29824785354694,0.0053294476200208924,0.0065688979735709346,18580.52092840694,17936.75387628056,0.034680586234603114,0.9723954055287338,68.43682730608525,210.19241424166103,208.02791254218772,2.1645016994733055,92.01364174665241,93.31941347414897,33330600,0.8354404773945552,132.19921875,51.5,64.951171875,1,BUY
2022-11-29,18552.44921875,18678.099609375,18552.150390625,18618.05078125,195300,0.00297912654375021,0.0029746977400658824,0.007246832396805569,0.020491530377271028,0.011663626616217337,0.03363562412019805,18288.92998046875,17738.9759765625,18380.97624902941,18164.003182300003,0.01767751117709393,0.04721626420596115,169.9161743461507,0.005278059303240425,0.00609261542587243,18626.01703586217,17951.842925075332,0.03621077838426505,0.9881836835830737,69.8102384154632,216.97306672940613,209.81694337963143,7.1561233497747025,91.52689511483958,93.20786002515398,33525900,0.7952602003420441,65.6015625,60.048828125,0.298828125,1,HOLD
2022-11-30,18625.69921875,18816.05078125,18616.55078125,18758.349609375,345600,0.007535634625419174,0.007507383568474861,0.013266511424558702,0.026884156584871866,0.018941110306340825,0.0337798673798726,18319.57744140625,17763.5259765625,18439.033689082575,18208.028843564818,0.023390766091141667,0.05303364387212978,172.02930474999707,0.00563061506262638,0.006099641433712822,18706.64516730768,17932.50971550482,0.041268846562917495,1.0667899163458274,73.01799617475643,231.00484551776026,214.05452380725723,16.950321710503033,91.5481070998418,91.69621465377793,33871500,1.4085138467181488,132.650390625,57.701171875,9.1484375,1,HOLD
2022-12-01,18871.94921875,18887.599609375,18778.19921875,18812.5,325000,0.002886735334004964,0.0028825767148602448,0.013454364250986561,0.017766642550359313,0.025545254792949335,0.04035040971898107,18356.0599609375,17787.3309765625,18496.490044608334,18252.80448478224,0.024262593438538285,0.054494034468438445,168.97364012499727,0.005294631653656043,0.005982730638937944,18782.538616876573,17929.581304998424,0.04533992355498462,1.035126474332484,74.1592424066651,243.68555982609905,219.9807310110256,23.704828815073455,90.0431409512761,91.03938105531915,34196500,1.310114080703022,59.44921875,15.650390625,34.30078125,1,HOLD
2022-12-02,18752.400390625,18781.94921875,18639.19921875,18696.099609375,254400,-0.006187396179402005,-0.006206617442539312,0.004192105233894905,0.009903963991033216,0.021217863049696195,0.035640121337464414,18388.22998046875,17804.92796875,18527.19920841859,18285.641160678,0.01646705116782066,0.04766617953715497,169.28272163392603,0.005833634721591,0.006209506317067983,18815.388320978254,17961.071639959246,0.04569491492175292,0.8603694458337979,67.5456133310978,241.55804774059652,224.2961943569398,17.261853383656728,74.61054027179317,85.40059610763701,33942100,1.0170304629407492,56.30078125,29.548828125,56.900390625,1,HOLD
2022-12-05,18719.55078125,18728.599609375,18591.349609375,18701.05078125,288400,0.00026482378562620035,0.0002647887259970962,-0.003054577258564506,0.007450446795329357,0.029796424867824856,0.03222915182771513,18417.425,17824.5819921875,18553.94560423881,18316.41224368333,0.015166301860126966,0.04686735517243031,166.9946700886456,0.004702703196139332,0.006203076795755893,18846.29490227741,17988.55509772259,0.04586586147420138,0.8306664558914539,67.67765640935602,237.5333605554806,226.94362759664796,10.589732958832656,75.26697671528008,79.97355264611645,34230500,1.1482491589194308,18.5,9.048828125,109.701171875,1,HOLD
2022-12-06,18600.650390625,18654.900390625,18577.900390625,18642.75,217800,-0.0031175136590962937,-0.0031223832280691255,-0.009023255813953468,0.0013266275315391152,0.021845342537172074,0.02416931460367211,18439.4224609375,17844.8409765625,18567.6078189713,18340.585410817897,0.010906520715157289,0.04279996370908261,163.86293584124232,0.0050220427180784335,0.00624317318625657,18867.131941775653,18011.71298009935,0.045884805711405414,0.7376935141387495,64.35725345981443,227.02240815340338,226.95938370799905,0.06302444540432361,67.53734048723898,72.47161915810408,34012700,0.8842336033128276,42.099609375,12.150390625,22.75,1,HOLD
2022-12-07,18638.849609375,18668.30078125,18528.400390625,18560.5,200500,-0.004411902750398933,-0.004421663914122268,-0.00725282878290856,-0.010547282330004126,0.016053319465163085,0.022222834168640127,18459.5974609375,17869.503984375,18566.514308360333,18356.875380386944,0.005436412761644313,0.037229385826082366,162.15132546865357,0.005439769556892073,0.006316733210358476,18869.825132241538,18049.369789633463,0.04420437717777402,0.6229835846289037,59.892819016726314,209.63892797339213,223.4952925610777,-13.856364587685562,56.6324680974478,66.47892843332228,33812200,0.832019254709931,78.349609375,29.451171875,32.099609375,1,HOLD
2022-12-08,18570.849609375,18625.0,18536.94921875,18609.349609375,202800,0.002631912360927746,0.0026284549446723396,-0.004903530445836801,-0.010798691860465115,0.006776094191597748,0.032235631721918345,18488.65498046875,17901.3649609375,18573.104354670282,18375.5771751268,0.006485698395684248,0.03804456702134466,156.85842945303543,0.004129676282601929,0.006018579625394515,18852.211904564745,18125.098056372753,0.03907250191192533,0.6659913770115898,61.59673046472552,197.52717954348554,218.30166995755928,-20.77449041407374,63.109048723897914,62.42628576952822,34015000,0.8510459724291284,38.5,15.650390625,33.900390625,1,HOLD
2022-12-09,18662.400390625,18664.69921875,18410.099609375,18496.599609375,215800,-0.006058782405979346,-0.006077211303593385,-0.007839529609365625,-0.010670674855624007,-0.0008723928441209949,0.008005602101362808,18496.0,17931.1489453125,18561.334393855625,18384.541799885927,3.24172760217012e-05,0.03057051977142338,163.83994230460434,0.004623635626889041,0.004893971916945293,18853.922788451935,18138.077211548065,0.03870146902790953,0.500837623914773,55.71338234027321,176.79259396970156,209.99985475998776,-33.2072607902862,47.85974178862297,55.867086203322884,33799200,0.9376086200903679,165.80078125,2.298828125,86.5,1,HOLD
2022-12-12,18402.150390625,18521.55078125,18345.69921875,18497.150390625,193900,2.977743269738653e-05,2.977698935843848e-05,-0.003413141314889123,-0.010903151539989109,-0.003533938095109823,0.009165727620737307,18504.4,17963.9199609375,18551.459931820144,18392.88317697771,-0.0003919311473336893,0.02882770688601638,164.69791517570403,0.004521308990808422,0.004881792318475067,18854.055528689612,18154.74447131039,0.037806421130341085,0.4896332121464515,55.73562406759453,158.57675484243737,199.7152347764777,-41.13847993404033,39.14441139851263,50.0377339703445,33993100,0.862602041951194,95.0,24.400390625,56.451171875,1,HOLD
2022-12-13,18524.400390625,18617.25,18490.19921875,18608.0,187600,0.0059927938646799905,0.005974908495510217,-7.252318879102937e-05,-0.001863995386946704,-0.0005398406830064983,0.01111748943305213,18514.62998046875,17999.71796875,18560.158403847814,18408.817756460845,0.00501773535744027,0.03268927511016771,162.00883418101088,0.004855561004083503,0.0049752281446094416,18863.838781221064,18165.42117971644,0.0375331901066544,0.633687953066281,60.0808917307205,151.34064738697634,190.04031729857743,-38.69966991160109,52.87776296515742,46.62730538409767,34180700,0.8464939987365724,83.599609375,9.25,34.201171875,1,HOLD
2022-12-14,18671.25,18696.099609375,18632.900390625,18660.30078125,208000,0.002810661073194387,0.002806718551028224,0.008850338728856322,0.005377052409687222,-0.00522694321018502,0.013615162988246832,18527.1625,18031.0369921875,18575.56492344815,18427.44612866745,0.007134841115947055,0.03372206034828708,156.7296038377244,0.004225053492156604,0.004999965095395218,18878.38662206875,18175.93837793125,0.03764399365112727,0.6895346487950661,61.97743307025278,148.1187947807084,181.65601279500362,-33.537218014295206,58.0552381844853,50.025804182718446,34388700,0.94094229942774,10.94921875,24.849609375,27.400390625,1,HOLD
2022-12-15,18614.400390625,18652.900390625,18387.69921875,18414.900390625,183100,-0.013150934355333654,-0.01323817358829901,-0.004446630873568891,-0.010449006699946195,-0.021134862956810663,0.0038704963768929623,18530.7125,18061.5880078125,18550.84730301382,18426.516814738377,-0.00628904348752064,0.019186222858548277,165.0061723136012,0.005607589334525933,0.005820936616482841,18875.837883037406,18185.587116962597,0.037483274491466406,0.3322173403241366,49.979083139594124,124.33048827544917,170.19090789109273,-45.860419615643565,12.770090790151846,41.23436397993151,34205600,0.831573449599197,199.5,38.5,27.201171875,1,HOLD
2022-12-16,18319.099609375,18440.94921875,18255.150390625,18269.0,277700,-0.00792295301794177,-0.007954506384605002,-0.018217970765262215,-0.012304943296693405,-0.022844316103281526,-0.0021111606241286385,18528.77998046875,18081.4819921875,18507.48617947323,18414.848902535534,-0.01421971539048384,0.01026427323950415,166.49136201441542,0.00577192489912621,0.0060843705661895175,18879.270974779938,18178.28898615756,0.03837002510385777,0.12940562712685705,44.467272158123414,92.63727693770488,154.68018170041518,-62.04290476271029,2.1898373757774525,24.33838878347152,33927900,1.2390130727702617,50.099609375,121.849609375,13.849609375,1,HOLD
2022-12-19,18288.099609375,18431.650390625,18244.55078125,18420.44921875,154800,0.008289956688926514,0.008255783729645224,-0.012853574297205572,-0.004146648010921461,-0.015004588019264409,0.014344753768971819,18541.80498046875,18103.2549609375,18494.095877823504,18415.263740773644,-0.006588100011981459,0.017219680912538914,167.9633796830286,0.006657123888816319,0.006054615572114415,18853.742825595236,18229.867135342265,0.033868646895860395,0.3054808616283022,50.56209836299245,78.83213704986701,139.51057277030554,-60.67843572043853,27.353822883541234,14.104583683156834,34082700,0.6998824486843264,132.349609375,11.201171875,43.548828125,1,HOLD
2022-12-20,18340.30078125,18404.900390625,18202.650390625,18385.30078125,169000,-0.0019081205394395617,-0.0019099433205291773,-0.0016073727659189352,-0.01196792878063202,-0.013809616003540248,0.007734050741727616,18548.86005859375,18124.66796875,18477.35817065835,18413.04426229041,-0.00889619807093681,0.014176151676876718,171.52305457174083,0.006635235377293289,0.0060089411843315885,18839.189178224795,18258.530938962704,0.03158274352814873,0.21832092221438026,49.21217671069444,64.31390836794526,124.4712398898335,-60.15733152188824,26.666267458239947,18.736642572519532,33913700,0.765589254569749,45.0,19.599609375,137.650390625,1,HOLD
2022-12-21,18435.150390625,18473.349609375,18162.75,18199.099609375,187600,-0.01012771964355863,-0.01017935391694218,-0.0038261749753680796,-0.02471563439847757,-0.01947147925028958,-0.003730741661990722,18545.4525390625,18143.8299609375,18434.549161230145,18397.1965102226,-0.019031322269870973,0.0030369441139291124,181.45709420054504,0.007152445692709913,0.0064469306448336075,18850.165817892976,18240.73926023202,0.03348663234674626,-0.06832595385532704,42.707201342086925,37.35265100754623,107.04752211337605,-69.69487110582982,5.870422357505599,19.963504233095584,33726100,0.848158781110831,236.05078125,38.19921875,36.349609375,1,HOLD
2022-12-22,18288.80078125,18318.75,18068.599609375,18127.349609375,195700,-0.003942502735851727,-0.0039502948868902,-0.01591164286464075,-0.015615114670747388,-0.02590095893287847,-0.019300372078662642,18527.6150390625,18166.7059375,18387.28769171397,18377.207850900555,-0.022080747506546337,-0.0021711021728540447,186.36375823086323,0.0069855805851540605,0.005833347717346875,18882.27917911196,18172.95089901304,0.039130280784791166,-0.06428799036691177,40.48641594487699,10.079840813414194,87.65398585338369,-77.5741450399695,8.901515151515152,13.812734989086891,33530400,0.8864429043801202,161.451171875,29.94921875,58.75,1,HOLD
2022-12-23,17977.650390625,18050.44921875,17779.5,17806.80078125,221500,-0.01768316025411787,-0.01784137526808462,-0.03146535413714713,-0.025299645232360835,-0.03729327782904357,-0.038133136284452585,18492.317578125,18180.3699609375,18297.982013181052,18334.955475370884,-0.038497471011009844,-0.02097901718992984,197.89846188401586,0.008440900853806502,0.006888146532575799,18966.31489269373,18018.32026355627,0.05323778486563777,-0.22312308087494134,32.3843222005046,-36.97346218983148,62.728496244740654,-99.70195843457213,2.978484931781231,5.916807480267319,33308900,0.9997743173098579,170.849609375,72.798828125,27.30078125,1,BUY
2022-12-26,17830.400390625,18084.099609375,17774.25,18014.599609375,176700,0.011669632893506865,0.01160206785899442,-0.010137864177904632,-0.02203255765130252,-0.026087844400863647,-0.029529589668826017,18464.91005859375,18200.3749609375,18254.384720287813,18311.22541122304,-0.024996972399231227,-0.010312488514361501,205.89497241908614,0.009726425656408074,0.007471977693957459,18980.97159759276,17948.848519594736,0.057293700686020056,0.06370469877268466,40.672809854223615,-56.84069093522703,38.814658808747126,-95.65534974397416,26.072540133520626,12.650846738938995,33485600,0.8029628283195456,184.19921875,69.5,56.150390625,1,BUY
2022-12-27,18089.80078125,18149.25,17967.44921875,18132.30078125,214300,0.006533654614990558,0.006512402811413872,0.00027313269626794145,-0.013760993252719511,-0.025564231446152164,-0.02609027151699428,18440.62255859375,18219.3069921875,18235.602575820456,18297.971734928742,-0.017004007437521396,-0.00479840986464716,204.17395876415142,0.009780851475356213,0.00762412263712409,18971.089665488147,17910.155451699353,0.05851073322619215,0.20938652619856163,44.80030829048567,-62.36915910828611,18.577895225340477,-80.9470543336266,38.84047653854873,22.630500534616854,33699900,0.9696393828333516,42.5,16.94921875,122.3515625,1,HOLD
2022-12-28,18084.75,18173.099609375,18068.349609375,18122.5,193900,-0.0005405150382313817,-0.0005406611691443354,0.01772913745867366,-0.004208977972489425,-0.02882058481020766,-0.033896884460305476,18408.830078125,18235.5209765625,18218.202179540385,18284.973828637725,-0.01579970082080287,-0.006236500293143906,197.0722474238549,0.00963333175181795,0.00734049168328424,18935.520310554934,17882.139845695066,0.058125560207469555,0.22817980997652246,44.522543180029395,-66.77164909733983,1.5079863608044146,-68.27963545814424,37.777311663244966,34.230109445104766,33506000,0.9085158720862088,37.75,50.599609375,16.400390625,1,HOLD
2022-12-29,18045.69921875,18229.69921875,17992.80078125,18191.0,281100,0.00377983170092433,0.0037727060871833766,0.009792079449448376,0.003511290508353193,-0.012158653366324379,-0.03303654485049834,18377.755078125,18249.6019921875,18214.017228841865,18278.01280429419,-0.010266344792754619,-0.0032214827215381954,199.91697528643667,0.009100349177630666,0.007372491039286775,18878.194970478682,17877.315185771316,0.05502060275451408,0.3134090817111312,46.99608468284092,-63.99557545232528,-11.592726001821527,-52.40284945050376,45.20802479729315,40.60860433302894,33787100,1.3307768782843283,145.30078125,38.69921875,52.8984375,1,HOLD
2022-12-30,18259.099609375,18265.25,18080.30078125,18105.30078125,192000,-0.00471107793689185,-0.004722210041123311,-0.0014890553783400984,0.016763258244249624,-0.008960491474629184,-0.031600111278223486,18348.21513671875,18261.4630078125,18197.29162152004,18265.21932110573,-0.013416753380883616,-0.008625221334308012,198.84784981954834,0.008890381909668166,0.007331974927111339,18839.669380741114,17856.760892696388,0.05428843739854543,0.25286167692759814,44.332908739465964,-67.92769958569261,-22.859720718595746,-45.06797886709686,35.91158231052974,39.632306257022606,33595100,0.9225890154245308,153.798828125,6.150390625,25.0,1,HOLD
2023-01-02,18131.69921875,18215.150390625,18086.5,18197.44921875,256100,0.005089583355357918,0.005076675205536103,0.004135699751689925,0.010150079010351254,-0.012106110841912043,-0.026929051655478098,18323.03505859375,18274.1330078125,18197.315867247726,18260.199313523826,-0.006901288105497192,-0.004213985605382926,193.83374559136632,0.00857629805073571,0.007473820553349485,18790.62312797095,17855.446989216547,0.0513905068514125,0.3657088920046796,47.76082561521785,-62.883446276100585,-30.864465830096716,-32.018980446003866,45.90762033700081,42.342409148274555,33851200,1.240223734230847,65.75,17.701171875,45.19921875,1,HOLD
2023-01-03,18163.19921875,18251.94921875,18149.80078125,18232.55078125,208700,0.00192892762485819,0.001927069632871597,0.0022841394783135183,0.0055288074695774014,-0.008308267665426472,-0.022003149682852552,18302.52509765625,18287.2580078125,18202.736623248074,18258.151274096137,-0.003837878596680476,-0.003000525116801491,187.28479501341158,0.008625994115434243,0.007495712209167208,18747.665435943924,17857.384759368575,0.04882918946760295,0.4214019598000918,49.04793859266263,-55.41465084805532,-35.77450283368844,-19.64014801436688,52.15962869190809,44.65961044647954,34059900,1.012910114540861,69.3515625,19.3984375,13.3984375,1,HOLD
2023-01-04,18230.650390625,18243.0,18020.599609375,18042.94921875,235200,-0.010399069487028845,-0.010453517612292944,-0.003443829144477495,-0.004389614084701288,-0.008580116268200544,-0.027884527962608763,18276.64755859375,18293.5019921875,18178.15394563299,18242.210381107532,-0.012952335951868399,-0.013886464479827273,189.79305184281074,0.008658959438087453,0.007750786269501759,18718.95633082563,17834.338786361874,0.049028433973780323,0.23581991301602281,42.899402156335235,-64.05643547454383,-41.43088936185951,-22.62554611268432,38.43504060747781,45.500763212128895,33824700,1.131993743231856,187.701171875,12.349609375,22.349609375,0,HOLD
2023-01-05,18101.94921875,18120.30078125,17892.599609375,17992.150390625,269900,-0.0028154392892826285,-0.0028194100932680756,-0.01128173655863085,-0.010931208255456015,-0.007458300394894923,-0.033166082195536184,18245.78759765625,18300.2180078125,18149.538014093298,18223.687418849568,-0.014097103543743739,-0.017122334490268617,192.5007747022528,0.008621161120783245,0.0076977523651745655,18676.922493059817,17814.652702252683,0.047924776754669066,0.2058493643920465,41.40189909388509,-74.14940475627009,-47.97459244074163,-26.174812315528456,31.168718692291144,40.58779599722567,33554800,1.2783593046937847,109.798828125,18.3515625,99.55078125,0,HOLD
2023-01-06,18008.05078125,18047.400390625,17795.55078125,17859.44921875,238200,-0.007375503705446151,-0.0074028372147649955,-0.020463486814126464,-0.013578982501887271,0.0029566477519891166,-0.034446893163112,18213.930078125,18302.6680078125,18104.90896865587,18196.706811434786,-0.01984836458466153,-0.02481704691078488,196.7399771788776,0.0067883393354356125,0.007742881093576532,18660.12266814707,17767.73748810293,0.04996711651707922,0.10277146315051158,37.69969727416043,-91.79784277891667,-56.73924250837665,-35.058600270540026,12.186992755748884,27.263584018505938,33316600,1.1222614840989347,148.6015625,39.349609375,63.8984375,0,HOLD
2023-01-09,17952.55078125,18141.400390625,17936.150390625,18101.19921875,257200,0.013536251708490266,0.01344545509952314,0.0032284079112447905,-0.0052892028351329,0.004807190348540047,-0.021406063286141697,18194.13251953125,18308.9559765625,18104.33823790112,18189.632174939616,-0.005134096346776017,-0.01147751346757724,202.8264910857435,0.0071511894732364445,0.008459602672377046,18623.10682451241,17765.158214550087,0.047397335369560735,0.39167964176115166,46.99808764444993,-85.29393703849564,-62.45018141440045,-22.843755624095195,46.76718658765879,30.0409660118996,33573800,1.1939744214655377,148.6484375,40.201171875,16.400390625,0,HOLD
2023-01-10,18121.30078125,18127.599609375,17856.0,17914.150390625,283300,-0.010333504750958511,-0.010387266093937284,-0.004335223878555561,-0.017463293778533506,-0.01203103749804224,-0.037287704717057224,18159.4400390625,18306.995,18075.07856908941,18169.226116842237,-0.013692508050276764,-0.021929290578055326,207.73885667783324,0.007548768912145161,0.008531910477690401,18560.221053774065,17758.659024350938,0.04474462991237405,0.19398544412810187,41.7997498924426,-94.14754775282563,-68.78965468208548,-25.357893070740147,25.69336834251607,28.215849228641236,33290500,1.2865576748410479,207.150390625,6.298828125,58.150390625,0,BUY
2023-01-11,17924.25,17976.349609375,17824.349609375,17895.69921875,259900,-0.0010299775022909463,-0.0010305082936186098,0.0020297378466711535,-0.008161082659756125,-0.012514872741067773,-0.04097477160005247,18121.2099609375,18302.0009765625,18047.48174596027,18148.9648651317,-0.012601393185644509,-0.02270387721910314,203.75750977227372,0.007545718808182253,0.008464119675746964,18465.47557598836,17776.94434588664,0.038474676048439516,0.1724756520421634,41.314306692455816,-101.48311917142928,-75.32834757995424,-26.15477159147504,24.735075101832994,32.398543344002604,33030600,1.1665432348122662,28.55078125,52.099609375,71.349609375,0,BUY
2023-01-12,17920.849609375,17945.80078125,17761.650390625,17858.19921875,227800,-0.00209547554088918,-0.0020976741216788596,-0.01342452492033186,-0.00744497844708969,-0.018294804092683248,-0.03023101727763977,18093.37490234375,18297.50796875,18018.36135715869,18127.426669103428,-0.013169059249088715,-0.02459983476602463,202.3570012617542,0.007337910203467237,0.008052360916062122,18428.044542678614,17758.705262008883,0.03748078249496543,0.14864502893273476,40.29017480839068,-109.06531194473791,-82.07574045291098,-26.989571491826936,19.17174404579531,23.200062496714782,32802800,1.0123094698484603,62.650390625,24.951171875,96.548828125,0,BUY
2023-01-13,17867.5,17999.349609375,17774.25,17956.599609375,256700,0.005510095918388247,0.0054949708747303715,0.00236959151421523,0.005439719301254087,-0.008213129053840196,-0.017100026855602413,18077.7548828125,18295.5859765625,18008.859549807356,18114.772812827247,-0.0067471167188160605,-0.018878093545646416,203.98147326984318,0.0075978057890789315,0.008048901201825368,18407.300766247907,17748.208999377093,0.03670470919932451,0.31617844505473325,44.19901168715375,-105.91326301989102,-86.843244966307,-19.070018053584022,38.711153686545686,27.53932427805799,33059500,1.1460844718278367,89.099609375,42.75,93.25,0,HOLD
2023-01-16,18033.150390625,18049.650390625,17853.650390625,17894.849609375,206200,-0.003438847072569362,-0.0034447734977776498,-4.747561772322495e-05,-0.011399775610516083,-0.01662868272017004,-0.028533484885916782,18051.47490234375,18291.1399609375,17991.31955897161,18098.482205164117,-0.00875253474534347,-0.022145497738907303,203.41136803628297,0.007337649373825374,0.007771870085462551,18349.872164444103,17753.0776402434,0.03335007207258381,0.23755574721675135,42.326440578838394,-107.16264619250796,-90.9071252115472,-16.255520980960767,26.449428528212906,28.110775420184627,32853300,0.9101743544471379,138.30078125,16.5,41.19921875,0,BUY
2023-01-17,17922.80078125,18072.05078125,17886.94921875,18053.30078125,219100,0.008854568511824201,0.008815596703469526,0.010925041215530618,0.0077676243411366475,-0.009831317743227541,-0.01805790418933939,18034.87490234375,18288.1499609375,18000.855131629825,18095.13543302233,0.00102063767338261,-0.013008656008845263,202.1035247836913,0.008009217217379376,0.008101732747346704,18291.10021200349,17778.649592684007,0.028385425221060388,0.535956398940808,48.370975068385995,-94.28030139250768,-91.5817604477393,-2.698540944768382,57.91314869901451,41.024576971257694,33072400,0.9565388225535311,130.5,18.75,35.8515625,0,HOLD
2023-01-18,18074.30078125,18183.75,18032.44921875,18165.349609375,255800,0.006206556323560042,0.00618737497867869,0.011625252249374274,0.015067887950557246,0.006783835011728634,-0.0018544873496166847,18033.18740234375,18288.316953125,18026.161974359853,18100.336483122526,0.0072755113374225145,-0.0067693353772027695,198.47475738842763,0.007542276086584036,0.007942112931794202,18285.47849937317,17780.896305314327,0.027777180451205405,0.7619240404965165,52.18714193129692,-74.17450876267685,-88.10031011072681,13.925801348049959,80.16273468738729,54.8417706382049,33328200,1.100380702471335,91.048828125,18.400390625,41.8515625,0,HOLD
2023-01-19,18119.80078125,18155.19921875,18063.75,18107.849609375,237800,-0.003165367099256078,-0.0031703874707042848,0.011902866168174375,0.013979594894589553,0.00643053866481047,-0.0010757226191475677,18032.21240234375,18289.9099609375,18038.72930282372,18100.89301099308,0.004177039718293786,-0.010054222643214487,191.5551039588971,0.0075611960548299835,0.007924012900913479,18283.187659939922,17781.237144747578,0.0277200510287245,0.6506865811296472,50.13902600131105,-62.16370816936251,-82.91298972245394,20.749281553091436,70.60984014053929,69.56190784231369,33090400,1.013769876795835,11.951171875,35.3984375,44.099609375,0,HOLD
2023-01-20,18115.599609375,18145.44921875,18016.19921875,18027.650390625,237200,-0.004428975305189153,-0.004438812272184146,-0.0014208144502660947,0.003956806009802971,0.009418049225079717,0.012402542831138286,18043.2548828125,18283.468984375,18037.024854793148,18095.467631706557,-0.000865586576696366,-0.014190345841354505,187.10473939040443,0.007264562207286395,0.006850978724430478,18272.04062762895,17814.46913799605,0.02538164872949022,0.4658971493165253,47.34790438198443,-58.44277691341267,-78.0189471606457,19.576170247233023,54.252628140523356,68.34173432281665,32853200,1.0078392216014065,87.94921875,29.849609375,11.451171875,0,HOLD
2023-01-23,18118.44921875,18162.599609375,18063.44921875,18118.55078125,202500,0.005042276095628795,0.005029606393094338,-0.0025762690579237413,0.012500869063342357,0.0009585863505676695,0.0057703848061603225,18048.45244140625,18279.2569921875,18049.567305017277,18097.1774946357,0.003868871229827642,-0.008869705578428885,183.37934505894697,0.006021064134871866,0.006437133571930894,18279.113508981653,17817.79137383085,0.025461315351347158,0.6519509568301607,50.69793136229359,-47.610189618426375,-71.93719565220184,24.32700603377546,74.14577339917469,66.33608056007911,33055700,0.8557121426609443,0.1015625,44.048828125,55.0,0,HOLD
2023-01-24,18183.94921875,18201.25,18078.650390625,18118.30078125,216900,-1.3798013043020418e-05,-1.379810823647804e-05,0.0005771625068935471,0.003600449623456514,0.011396040904727345,-0.0007721027887689358,18047.75244140625,18273.555,18060.141685976156,18098.742182533057,0.003893761379475388,-0.008568917175205939,179.03793536723649,0.004790427437643462,0.006268091895385977,18277.47448517197,17818.03039764053,0.025358011939337167,0.6535515240214488,50.68837923743018,-38.60049655690091,-65.26985583314166,26.669359276240755,81.13073419971121,69.84304524646974,32838800,0.9160595502058878,65.6484375,17.30078125,39.650390625,0,HOLD
2023-01-25,18093.349609375,18100.599609375,17846.150390625,17891.94921875,257200,-0.01249297962501228,-0.012571672991636754,-0.0075273909208695144,-0.015050653937532799,-0.0002095475540888625,-0.012721797834184034,18036.22490234375,18263.2009765625,18034.265921787515,18083.424185215794,-0.008063720829397165,-0.020749654119487704,185.6888250285053,0.006451848747751919,0.006861994510326865,18272.821965088442,17799.62783959906,0.026447321066253388,0.1951025470894545,42.82154107393849,-49.15826342827495,-62.04753735216832,12.88927392389337,29.64034210818616,61.638949902357346,32581600,1.0719346503292446,201.400390625,7.25,45.798828125,0,HOLD
2023-01-27,17877.19921875,17884.75,17493.55078125,17604.349609375,476300,-0.016074246906178757,-0.016204838949638832,-0.028379817905034743,-0.027805620814263965,-0.014214737234450436,-0.03224948549420048,18006.8923828125,18248.4099609375,17968.12495064713,18047.937179597957,-0.022866097434416494,-0.03658529658031295,200.88236877646924,0.008226148054036663,0.007589861178264295,18298.523606887826,17715.261158737176,0.03313172375536328,-0.19015719203876877,35.32069105742556,-79.81222895082465,-65.60047567189959,-14.211753278925059,15.65620325548791,42.14242652112842,32105300,1.9074889867841334,272.849609375,7.55078125,110.798828125,0,BUY
2023-01-30,17541.94921875,17709.150390625,17405.55078125,17648.94921875,432400,0.0025334426073457816,0.002530238851503625,-0.025904833359743917,-0.021006684935044984,-0.017132998302439084,-0.025205411830142133,17984.0748046875,18235.2359375,17919.02099189372,18018.382515831443,-0.018988415785199757,-0.033219355525548146,208.21931453350717,0.007999039372592278,0.007606941042441507,18310.65407918745,17657.495530187553,0.037008353353183844,-0.013084589416498253,37.15900091674362,-99.36152393771772,-72.35268532506322,-27.0088386126545,30.589251788177656,25.2952657172839,32537700,1.6521473330276568,107.0,60.201171875,136.3984375,0,BUY
2023-01-31,17731.44921875,17735.69921875,17537.55078125,17662.150390625,398300,0.0007479862801675896,0.0007477066778470427,-0.012843699996877955,-0.025189674170701726,-0.013003697925915492,-0.02941614627908662,17957.30986328125,18225.2799609375,17879.50243785238,17991.994951001336,-0.01671141203807891,-0.03188340931642201,207.49996617397096,0.008007349534360995,0.007477409381584106,18297.0302067074,17617.5895198551,0.03846874088519508,0.06558463694053193,37.72321721601946,-112.49251314895446,-80.38065088984146,-32.111862259112996,32.24831737023746,26.164590804634333,32936000,1.481605475579357,69.298828125,4.25,124.599609375,0,HOLD
2023-02-01,17811.599609375,17972.19921875,17353.400390625,17616.30078125,512900,-0.0025959245256645946,-0.0025992997802722563,0.0006788760812064254,-0.027706792489034182,-0.02420609977616195,-0.03379943966116572,17926.49736328125,18212.7219921875,17839.00987529817,17964.165753241978,-0.017608497146086994,-0.03385621183150462,236.8784563133302,0.00717241079376128,0.007437658474357193,18272.50053860379,17580.494187958713,0.039282160269516725,0.05174315706475364,36.497545829895216,-125.15587794380917,-89.33569630063501,-35.820181643174166,31.00790372703001,31.28182429514837,32423100,1.805731587100402,195.298828125,160.599609375,262.900390625,0,BUY
2023-02-02,17517.099609375,17653.900390625,17445.94921875,17610.400390625,490100,-0.0003349392530399564,-0.00033499535771969267,-0.0021841996170540723,-0.01573606233075764,-0.0305498782398107,-0.023973288561689232,17904.869921875,18199.585,17803.83918534845,17937.960911566646,-0.01672134220223427,-0.033456627691932264,234.8122217105923,0.006570882720129218,0.007152506299686594,18272.454558036818,17537.285285713184,0.0417463121801027,0.09945342884180042,36.33393668086774,-134.12172621819627,-98.29290228414726,-35.82882393404901,30.3119795254078,31.189400207558418,31933000,1.6513637818622853,93.30078125,43.5,71.150390625,0,BUY
2023-02-03,17721.75,17870.30078125,17584.19921875,17854.05078125,424100,0.013835596307890219,0.013740758205234283,0.01086506378786467,0.014184061178950103,-0.014015956262062201,-0.0076755477459191646,17897.96494140625,18186.9840234375,17811.564046256382,17931.745346358006,-0.002459618867129543,-0.01864749049202554,238.47574605269284,0.008470575979966397,0.007884735246800886,18263.916701460563,17532.01318135194,0.04099369544065901,0.4400000697493925,46.91616738370332,-120.18130010162349,-102.67058184764252,-17.51071825398097,59.049433424172825,40.12310555887021,32357100,1.3927979112957474,132.30078125,16.25,137.55078125,0,HOLD
2023-02-06,17818.55078125,17823.69921875,17698.349609375,17764.599609375,282500,-0.005010133160870178,-0.005022725956678951,0.008418272937462667,0.006552820181619401,-0.014591517782416963,-0.005310892190080629,17893.2224609375,18172.021015625,17804.338748274633,17919.36418065556,-0.007240402507840478,-0.022934454770091695,232.56327646857193,0.008495789165088098,0.007791081309427297,18263.480879318602,17522.9640425564,0.04168497196927569,0.3263066480362406,44.0231318378106,-115.02543238092767,-105.14155195429956,-9.88388042662811,48.49907509577309,45.9534960151179,32074600,0.9210655016138994,53.951171875,5.1484375,66.25,0,HOLD
2023-02-07,17790.099609375,17811.150390625,17652.55078125,17721.5,354400,-0.0024261514654264627,-0.0024290993398515346,0.006308749767787392,0.0033602708652340496,-0.02191404743368819,-0.020976467589876147,17874.2375,18155.196015625,17791.594325463153,17904.707574681073,-0.008618768162965848,-0.02447287281691724,227.28015739045964,0.00818560006933539,0.007092086817050498,18238.78713417198,17509.68786582802,0.041142074223060224,0.2905120651852939,42.65821587394281,-113.11324921792402,-106.73589140702447,-6.377357810899554,43.41567246181171,50.32139366058587,31720200,1.1374650961260675,68.599609375,21.05078125,68.94921875,0,BUY
2023-02-08,17750.30078125,17898.69921875,17744.150390625,17871.69921875,291000,0.008475536424681795,0.00843982073038998,0.0009884836621241178,0.014497847230891647,-0.013610634102906527,-0.002369700541155262,17872.11494140625,18140.268984375,17803.91815519959,17902.262511278772,-2.3261506987154257e-05,-0.015027656986484684,223.70294748756967,0.008848920001431776,0.007041133855327347,18236.204347406645,17508.025535405854,0.04074480009359303,0.4994290926213488,48.63504590163767,-98.34435607918203,-105.05758434145598,6.713228262273944,61.130986249680376,51.01524460242172,32011200,0.9328268500264432,121.3984375,27.0,6.150390625,0,BUY
2023-02-09,17885.5,17916.900390625,17779.80078125,17893.44921875,260900,0.0012170079483646568,0.0012162679944837883,0.007253167096825663,0.01607282184655401,8.383658938782013e-05,-0.0001257285324532953,17872.00244140625,18122.9709765625,17817.692164976575,17901.60967479516,0.0011985826254938359,-0.012827138859957326,217.51699476524325,0.007943717840664886,0.0070433569233595335,18236.06401804832,17507.94086476418,0.04069216305826397,0.5294548762067056,49.45660793244901,-83.91750981858058,-100.8295694368809,16.91205961830032,63.69629969200574,56.08098613449926,32272100,0.8362045480040358,7.94921875,23.451171875,105.69921875,0,BUY
2023-02-10,17847.55078125,17876.94921875,17801.0,17856.5,232000,-0.0020649578680046465,-0.00206709283308457,0.007617865304855753,0.00013718000357498816,0.01432318695208834,-9.515062124609841e-05,17871.91748046875,18103.8509765625,17823.662601134027,17898.268217402925,-0.0008634099890096043,-0.01385215336502106,208.58358219272586,0.00570719746102238,0.007042878405004845,18235.992695308265,17507.842265629235,0.040777892066140055,0.47882651737770054,48.05055224630681,-74.60561626889466,-95.58477880328365,20.97916253438899,59.338307621072616,61.38853118758624,32040100,0.7430776868504052,8.94921875,20.44921875,46.55078125,0,HOLD
2023-02-13,17859.099609375,17880.69921875,17719.75,17770.900390625,231300,-0.00479375070002519,-0.0048052775756446476,-0.0056401367822510595,0.00035468186103537747,0.006909826209111625,-0.010341558134038253,17862.63251953125,18085.3469921875,17815.54533797879,17888.833563567525,-0.005161929158898576,-0.017694466495821782,205.18112766110258,0.006013052048593879,0.00699676319052157,18227.06714735752,17498.19789170498,0.041014762315422996,0.3741446038569737,44.868064525609356,-73.28822558873071,-91.12546816037307,17.837242571642363,49.24222354808465,57.425610287054326,31808800,0.7438614545980777,88.19921875,21.599609375,51.150390625,0,HOLD
2023-02-14,17840.349609375,17954.55078125,17800.05078125,17929.849609375,244500,0.0089443537049958,0.008904589905162998,0.0020342858540016717,0.011756883411393027,0.015156660589420223,0.00195587002763431,17864.38251953125,18069.92296875,17833.130610501285,17891.871789182893,0.003651290516654411,-0.007812299736287844,203.64321787280954,0.0065538603520458654,0.007265421879060288,18229.754093708398,17499.0109453541,0.04075567638739214,0.5895897416083876,51.316068469354775,-58.74117868160465,-84.64861026461939,25.90743158301474,77.1479953785752,61.909508849244155,32053300,0.7814997123313918,89.5,24.701171875,40.298828125,0,HOLD
2023-02-15,17896.599609375,18034.099609375,17853.80078125,18015.849609375,229300,0.004796470794436125,0.004785004379327248,0.008923899385377965,0.008065846949447675,0.02268063159720013,-0.002074477810390052,17862.5099609375,18057.3849609375,17861.241225712623,17901.055331419346,0.008511374803978525,-0.002305489469721445,201.9757614622517,0.006453582058717942,0.007062565497511052,18224.35633062071,17500.663591254288,0.04016978133464386,0.7118850170737299,54.42206815093775,-39.81410570671869,-75.68170935303925,35.86760364632056,97.31893331190929,74.56971741285638,32282600,0.7317228834923549,119.25,18.25,42.798828125,0,HOLD
2023-02-16,18094.75,18134.75,18000.650390625,18035.849609375,230200,0.0011101336008929596,0.00110951785824931,0.014909161208836341,0.007958241526501375,0.024158974771322672,-0.007128957206150699,17856.0349609375,18046.891953125,17888.104053968375,17911.040092749394,0.009969846296790586,-0.0006122441686506207,197.12746488459086,0.00640491886428262,0.0069141834776866445,18200.174538672836,17511.895383202165,0.038161726249530535,0.7612524976348791,55.13887500929054,-22.936038781019306,-65.13257523863527,42.19653645761596,87.3423638486093,87.26976417969793,32512800,0.7376077413566576,58.900390625,40.0,35.19921875,0,HOLD
2023-02-17,17974.849609375,18034.25,17884.599609375,17944.19921875,208100,-0.005081567689351307,-0.005094522761127012,0.0008003195613808245,0.004911333057990186,0.005049186798251615,-0.009037538645133902,17847.85244140625,18033.5889453125,17896.734079319394,17913.496324304993,0.005369243629611409,-0.004981538906963004,193.8505031071201,0.005363872580743598,0.00696853215876351,18175.01707625837,17520.687806554128,0.036464668148608666,0.6472450978490588,51.16758617280768,-16.762244985598954,-55.45850918802801,38.696264202429056,75.61260939230249,86.75796885094036,32304700,0.6699827755509388,30.650390625,59.400390625,59.599609375,0,HOLD
2023-02-20,17965.55078125,18004.349609375,17818.400390625,17844.599609375,174600,-0.005550518480140765,-0.005565979846782634,-0.009505518957645287,0.004147185405916742,0.0045033381983898835,-0.010153890123429155,17838.69990234375,18020.5489453125,17888.71339163564,17908.392863939807,0.0003306158255381199,-0.00986008875453068,193.28612565304007,0.005428077303527174,0.007006807748957038,18155.304194935223,17522.095609752276,0.0354846059336786,0.5093171620991792,47.18989904097693,-19.679472304167575,-48.30270181125593,28.623229507088354,62.86548465070703,75.27348596387294,32130100,0.5678510448003884,120.951171875,38.798828125,26.19921875,0,HOLD
2023-02-21,17905.80078125,17924.900390625,17800.30078125,17826.69921875,198200,-0.001003126492992057,-0.0010036299610954843,-0.011596370293323166,-0.005752998093808137,0.005936247989730026,-0.016107886663983217,17824.10732421875,18007.139921875,17879.172749653233,17902.341482814634,0.00014539396774728314,-0.010121935693805552,188.37994591889438,0.005362182595799949,0.00688507236762628,18113.506711119328,17534.70793731817,0.03246808434353239,0.504478058088695,46.49039776788902,-23.168733161404816,-43.275908081285706,20.10717491988089,55.27723114788497,64.58510839696483,31931900,0.6450563041072687,79.1015625,19.099609375,26.3984375,0,HOLD
2023-02-22,17755.349609375,17772.5,17529.44921875,17554.30078125,204000,-0.015280363131582653,-0.015398310946496917,-0.021728383236661375,-0.02561904312771468,-0.017759835459126516,-0.03112874693987111,17795.90732421875,17986.0659375,17829.192446821966,17876.56069010614,-0.0137633817478401,-0.02459597574579411,196.15637835325907,0.006605891074244468,0.007603403268074205,18074.870047951106,17516.944600486397,0.0317828351249762,0.0669555062119644,37.404125374166,-47.36824328418152,-44.09437512186487,-3.2738681623166457,4.105655117226069,40.74945697193936,31727900,0.6653294848588599,201.048828125,17.150390625,24.8515625,0,HOLD
2023-02-23,17574.650390625,17620.05078125,17455.400390625,17511.25,240800,-0.002452434977984641,-0.0024554471223785586,-0.018680699857219984,-0.029086492776160378,-0.02135972858433044,-0.021277682721737357,17776.87236328125,17963.084921875,17780.27822423397,17849.500638987167,-0.015168669471411277,-0.02580255103861808,193.90595065838343,0.006522887524381333,0.007161653622759804,18078.089945148324,17475.654781414178,0.034402750445236406,0.05908555929094361,36.19994509523007,-69.2224147531997,-49.11998304813184,-20.102431705067858,8.221040919767585,22.534642394959544,31487100,0.787455648391894,63.400390625,45.400390625,55.849609375,0,HOLD
2023-02-24,17591.349609375,17599.75,17421.80078125,17465.80078125,209400,-0.002595429723749043,-0.002598803690668268,-0.020244826766382507,-0.026660339180815562,-0.021879943927981427,-0.00787014750327486,17769.944921875,17944.1029296875,17731.897079159513,17821.07842730293,-0.01741369573798805,-0.027385068364627667,192.7661840934989,0.006524388190732422,0.006249560103642372,18092.3427499609,17447.547093789104,0.03691761198055115,0.028309259353949803,34.92174736736314,-89.18134814342193,-57.13225606718987,-32.04909207623206,6.171547544037477,6.166081193677044,31277700,0.716019832449989,125.548828125,8.400390625,44.0,0,BUY
2023-02-27,17428.599609375,17451.599609375,17299.0,17392.69921875,246400,-0.004185411445805309,-0.004194194796816341,-0.009205810274859227,-0.025324210154179405,-0.02128204894303043,-0.014519277993488955,17757.132421875,17926.5769140625,17679.712792942664,17789.346634076788,-0.020953228624348796,-0.030695505545048515,190.91151246182042,0.006500210861562694,0.006265472407440981,18116.045490736826,17398.219353013177,0.04127169271977085,-0.007690071415725797,32.908997953162796,-109.63384113412758,-67.63257308057742,-42.00126805355016,11.211393209691893,8.534660557832318,31031300,0.8702101359703307,35.900390625,23.0,93.69921875,0,BUY
2023-02-28,17383.25,17440.44921875,17255.19921875,17303.94921875,420900,-0.0051027157362857345,-0.005115779048087727,-0.011838148690127781,-0.029323992825894263,-0.03490829004487217,-0.02028072255941904,17739.22236328125,17904.2469140625,17621.90301229764,17753.391269978507,-0.02515455512661823,-0.03469136945120231,190.50711871454752,0.005236032224999965,0.006329952081903401,18147.641505917018,17330.80322064548,0.04720530989460124,-0.032875542662059616,30.602875503976207,-131.48825768087045,-80.40371000063602,-51.08454768023442,5.542602091799347,7.641847615176239,30610400,1.4805825242718396,79.30078125,57.19921875,48.75,0,BUY
2023-03-01,17360.099609375,17467.75,17345.25,17450.900390625,272900,0.008492348770636093,0.008456491641293511,-0.0008531180912698666,-0.005890316675868035,-0.03135845552662775,-0.009389053506684286,17730.95234375,17885.55890625,17595.594916655697,17730.984538174544,-0.01604799447915302,-0.02490751227131571,188.59952318136556,0.0059686061985750475,0.006660238734828412,18155.377357264293,17306.527330235705,0.048642190834153644,0.170080763140816,38.31125385948075,-135.38962151885062,-91.40089230427895,-43.98872921457166,22.25012768414274,13.001374328544662,30883300,1.0022770677243977,90.80078125,16.849609375,14.849609375,0,BUY
2023-03-02,17421.5,17445.80078125,17306.0,17321.900390625,310700,-0.007392168719804415,-0.007419626196212839,-0.004070606133904531,-0.01081302644728388,-0.03958500620779681,-0.016382364602770982,17716.52734375,17868.014921875,17553.488066497128,17700.682008726428,-0.022781966425495723,-0.03152740282155014,185.4781565701966,0.005897110107580368,0.006838359178898895,18174.634771093446,17258.419916406554,0.05289343744193149,0.06928557629647973,34.670563165503495,-147.19394222930714,-102.5595022892846,-44.634439940022546,7.583549841227544,11.79209320572321,30572600,1.1799779727317565,99.599609375,24.30078125,15.900390625,0,HOLD
2023-03-03,17451.25,17644.75,17427.69921875,17594.349609375,356200,0.015728598629827895,0.015606186138582535,0.016782318703890464,0.007360030595505274,-0.019496529497367576,-0.01454578431846587,17703.54228515625,17857.354921875,17559.774457709107,17692.805534700397,-0.006206121749625137,-0.014948282735035637,195.29040319911113,0.008552808258337036,0.00706111451590469,18160.040815913508,17247.043754398994,0.05189149254076611,0.38040194170997854,46.28138068550157,-133.0310769912976,-108.6538172296872,-24.37725976161039,38.55950081051673,22.797726111962337,30928800,1.370448031087081,143.099609375,50.400390625,23.55078125,0,HOLD
2023-03-06,17680.349609375,17799.94921875,17671.94921875,17711.44921875,362800,0.006655523618366965,0.006633473404126094,0.014930394552304715,0.018326655109195178,-0.007461663110392647,-0.002991927304511255,17700.884765625,17855.447890625,17583.109036330785,17694.186548333702,0.0005964759289045685,-0.008130259138961832,196.02677506881747,0.008845335915386363,0.007168104928657545,18156.548636800802,17245.220894449198,0.051454160023609995,0.5115923752054642,50.36457625821174,-111.07751200292842,-109.13855618433544,-1.938955818592973,51.87307085914774,32.672040503630676,31291600,1.374606903345579,31.099609375,88.5,8.400390625,0,HOLD
2023-03-08,17665.75,17766.5,17602.25,17754.400390625,267000,0.0024250512391459367,0.0024221155475668,0.02496839204975898,0.02603169751486001,-0.004055648622205754,0.0018565240315435716,17702.52978515625,17850.24390625,17609.461552376048,17698.646832947874,0.0029215633492269137,-0.005398296395050921,193.7570054210448,0.00889913360386854,0.007168233193202659,18158.716727082527,17246.342843229973,0.0513886058542603,0.5568523566776883,51.811426770708294,-89.18528057183721,-105.1479010618358,15.962620489998585,56.75637865565252,49.062983441772325,31558600,1.0286638927415588,88.650390625,12.099609375,63.5,0,HOLD
2023-03-09,17772.05078125,17772.349609375,17573.599609375,17589.599609375,262400,-0.009282249899975281,-0.009325598438082557,-0.0002699730371089615,0.007947969196163251,0.0020108364647997146,-0.015784711119076866,17688.4248046875,17839.3898828125,17606.405868837424,17690.569260831366,-0.005618387996724361,-0.014201021000180346,194.11364789097019,0.007932150770098732,0.007178205958920775,18140.240817635095,17236.608791739905,0.05137308670821401,0.3906355767824975,46.2416912834244,-84.16339199395225,-100.9509992482591,16.78760725430685,42.92408128882805,50.51784360120943,31296200,1.016542052454186,182.451171875,0.298828125,16.0,0,HOLD
2023-03-10,17443.80078125,17451.5,17324.349609375,17412.900390625,235900,-0.010045664635585094,-0.010096462811863625,-0.01685626198272616,0.005253465148041814,-0.005616367156827784,-0.026856131663058447,17664.39736328125,17825.197890625,17576.635795266284,17670.001196371635,-0.014443140833198184,-0.02367770392932237,199.194815898758,0.008556256691170067,0.007450667269636403,18121.129425074916,17207.66530148758,0.05245904490897672,0.22467777752584286,41.135617499525395,-93.36540110536225,-99.43387961967973,6.068478514317476,21.050669378071515,40.24370977418403,31060300,0.9183276237932073,30.900390625,7.69921875,88.55078125,0,HOLD
2023-03-13,17421.900390625,17529.900390625,17113.44921875,17154.30078125,254900,-0.014851035931626178,-0.014962416687813755,-0.0338000493495616,-0.025010803916873603,-0.017834853603414746,-0.0393245719345896,17629.28740234375,17804.46390625,17511.661177725317,17631.801165621884,-0.027689069181585108,-0.037900881725860876,214.71312703991816,0.009687831128150574,0.008041801629766386,18127.616970837626,17130.957833849876,0.058099665483137525,0.023421194402181655,35.0378753228529,-120.13998789657853,-103.5751012750595,-16.564886621519037,5.0343833265537485,23.003044664484438,30805400,0.9878887704679741,267.599609375,108.0,40.8515625,0,HOLD
2023-03-14,17160.55078125,17224.650390625,16987.099609375,17043.30078125,290600,-0.006470680525861194,-0.006491706128142258,-0.03105805932238681,-0.03772409751725303,-0.020088798932562213,-0.04094331707350318,17592.907421875,17783.22390625,17439.60573211373,17588.2085445573,-0.032247664210071504,-0.043414308912157404,216.344388054924,0.00977804578818665,0.008081402050455282,18147.617763629903,17038.197080120095,0.0650942383608183,0.004600329889067933,32.79096842600228,-148.60281244357975,-112.58064350876356,-36.02216893481619,6.914092253573583,10.999714986066282,30514800,1.1134526227058466,117.25,64.099609375,56.201171875,0,HOLD
2023-03-15,17166.44921875,17211.349609375,16938.900390625,16972.150390625,248200,-0.004174683738684903,-0.004183422059139645,-0.025311693635903243,-0.04405949977409873,-0.019174745830013995,-0.053413678285915256,17545.0224609375,17758.7179296875,17367.689525730846,17542.57460722898,-0.0337536527268189,-0.046344601064634734,220.35187596171514,0.009749522800508021,0.007663036031296443,18139.070890057294,16950.974031817706,0.07000272981883679,0.01782376467071291,31.400923831710614,-174.88508149814152,-125.04153110663916,-49.84355039150236,3.8615696246175064,5.27001506824828,30266600,0.9503206662199638,194.298828125,44.900390625,33.25,0,BUY
2023-03-16,16994.650390625,17062.44921875,16850.150390625,16985.599609375,349800,0.0007924286811309411,0.0007921148752918237,-0.009834336824698475,-0.03433847349646757,-0.026663425429897525,-0.057185757115994273,17493.5099609375,17733.77890625,17308.9064616761,17501.317199980538,-0.029902409290406457,-0.04404785901476523,219.7766582590926,0.009122189638674167,0.007507240695438925,18093.955237497816,16893.064684377183,0.07070050988708197,0.07705525266834595,31.987825846432898,-192.41073830444657,-138.51537254620064,-53.89536575824593,14.260832371986666,8.345498083392586,30616400,1.3091317365269413,9.05078125,67.798828125,135.44921875,0,HOLD
2023-03-17,17111.80078125,17145.80078125,16958.150390625,17100.05078125,408100,0.006738129621978839,0.0067155298897271865,0.00332975406163305,-0.017966542181762968,-0.012807463636903882,-0.05188548631712775,17446.72001953125,17714.9209375,17276.77481853362,17471.593761556054,-0.020272994666271364,-0.035957212298117665,217.4819248566574,0.009398203351381902,0.007766973971379747,18015.853485459054,16877.586553603447,0.06656511997635137,0.1954411758968482,36.93274432761257,-194.81894302243745,-149.776086641448,-45.04285638098946,26.31087586392678,14.811092620176984,31024500,1.478114417139023,11.75,34.0,141.900390625,0,HOLD
2023-03-20,17066.599609375,17066.599609375,16828.349609375,16988.400390625,241800,-0.0065292432199922645,-0.006550651968001941,0.0009574508607332888,-0.009671066908558124,-0.034439989667314874,-0.053265058890244577,17398.930078125,17694.8459375,17232.40952193229,17435.801660005607,-0.024165293851123745,-0.04158399440978848,221.35472821511044,0.007341367654585594,0.007797691043978951,17953.269012133445,16844.59114411655,0.06526087462764972,0.12971238143821884,34.3118960383635,-203.39213807331907,-160.49929692782223,-42.892841145496845,16.47291535583837,19.01487453058394,30782700,0.8704730362157072,78.19921875,0.0,160.05078125,0,HOLD
2023-03-21,17060.400390625,17127.69921875,17016.0,17107.5,246700,0.007010642946744028,0.006986182644570191,0.007176690457116219,0.0037668301213475974,-0.034099367662734026,-0.04130659277934989,17362.07509765625,17679.806953125,17213.192672404246,17411.48301852371,-0.014880905898363207,-0.03345357025427446,215.49359249438825,0.007396464332429487,0.00805789180982731,17890.39368268471,16833.756512627788,0.06176455765348073,0.2590704691537649,39.26317253207783,-198.29034611946554,-168.0575067661509,-30.23283935331463,28.731010997891282,23.838267405885478,31029400,0.8767347228885659,47.099609375,20.19921875,44.400390625,0,HOLD
2023-03-22,17177.44921875,17207.25,17107.849609375,17151.900390625,0,0.0025953757489405316,0.002592013577443892,0.0030321318947106324,0.010590879521035212,-0.03393524910692802,-0.03785326828284907,17328.33515625,17660.8209765625,17203.763090592056,17392.2546757164,-0.010286601578063978,-0.029671381849656082,207.22619303050337,0.007411648208500927,0.00812302418073421,17818.464281498425,16838.206031001573,0.05715158251692322,0.32001195548633043,41.047178031927636,-188.49158512434224,-172.14432243778919,-16.34726268655305,33.300834842670454,26.168253732133365,31029400,0.0,25.548828125,29.80078125,44.05078125,0,HOLD
2023-03-23,17097.400390625,17205.400390625,17045.30078125,17076.900390625,219200,-0.004372693304643627,-0.0043822814890137705,0.005209436907835041,0.005375187414614846,-0.02914786181242801,-0.027195636931031664,17304.46513671875,17644.0759765625,17184.245752135586,17368.895099042962,-0.013325881213119967,-0.03321302888484803,203.8600084836817,0.007137854582247015,0.007520971483696414,17794.749996390907,16814.180277046595,0.05742082561321446,0.26792599077382606,38.9651817580898,-184.64934690737573,-174.6453273317065,-10.004019575669219,25.581605720270414,29.204483853610714,30810200,0.80518669531838,20.5,108.0,31.599609375,0,BUY
2023-03-24,17076.19921875,17109.44921875,16917.349609375,16945.05078125,228000,-0.007720933328590696,-0.007750894050448838,-0.00949578949291241,-0.00906430056745533,-0.026867988610724924,-0.03233345527874942,17276.15517578125,17625.0630078125,17147.446525845495,17337.49922365089,-0.01953988800656894,-0.040130433088754455,203.01997997591872,0.006914751426808601,0.007652698903598946,17780.592652499192,16771.717699063305,0.05953803068871442,0.17180829159868544,35.55125753032546,-190.0526978053931,-177.72680142644384,-12.325896378949267,12.011241127409495,23.63122723011679,30582200,0.8394852629834834,131.1484375,33.25,27.701171875,0,BUY
2023-03-27,16984.30078125,17091.0,16918.55078125,16985.69921875,218400,0.0023988383407489433,0.002395965721106003,-0.00968995668642314,-0.00015900095435061878,-0.009828530154040727,-0.027488093361021426,17252.15009765625,17607.6130078125,17122.56232475388,17311.439964028603,-0.015686777180895926,-0.036613964550601896,200.83635417406737,0.0055663576669018056,0.007700331995455157,17763.845352934895,16740.454842377603,0.06025012555430172,0.23963909557712057,37.37300606848302,-188.87763927472042,-179.9569689960992,-8.92067027862123,16.668390823622882,18.0870792237676,30800600,0.8028083589112066,1.3984375,105.30078125,65.75,0,BUY
2023-03-28,17031.75,17061.75,16913.75,16951.69921875,238800,-0.002001683861354908,-0.0020036899079230227,-0.007331609894716817,-0.009107162428759308,-0.005374637441168395,-0.025355466362839474,17230.10009765625,17587.515,17096.275693060972,17284.792501415373,-0.01642318420788845,-0.03750749544604554,197.06232887591972,0.00524614212444018,0.007673664091164631,17753.541172958652,16706.659022353848,0.06175676769010065,0.2340666485280636,36.44503987292121,-188.51680835439765,-181.6689368677589,-6.847871486638752,13.066695908368644,13.91544261980034,30561800,0.8790237976920072,80.05078125,30.0,37.94921875,0,BUY
2023-03-29,16977.30078125,17126.150390625,16940.599609375,17080.69921875,345900,0.007609856589321451,0.0075810476927372725,0.008005195100984741,-0.0041512118338745685,0.006395702702761907,-0.012901679100981944,17218.93759765625,17571.2319921875,17093.879312397745,17269.6744804772,-0.00809325058276906,-0.028718541738562205,196.2400754740683,0.005644060825543513,0.007862389640452069,17745.11773760365,16692.757457708853,0.06161107729943456,0.3686396840059001,42.29903892680301,-175.79516807945038,-180.4941831100972,4.6990150306468195,35.97025562787797,21.901780786623164,30907700,1.2910811264766762,103.3984375,45.451171875,36.701171875,0,BUY
2023-03-31,17210.349609375,17381.599609375,17204.650390625,17359.75,263900,0.016337198944623932,0.016205182818433635,0.022021512122214926,0.016563287417796335,0.022027505606484032,-0.005223248576558759,17214.380078125,17557.3609765625,17134.782495105785,17276.34674118259,0.008373964018779115,-0.011383284699520477,203.71581227056342,0.007516931466068807,0.0085099209663848,17733.982555798404,16694.777600451594,0.05986289867923268,0.6398857089031558,52.49292363456098,-141.56424607680674,-172.70819570343912,31.143949626632377,75.74653251446294,41.594494683569856,31171600,0.9866711532349991,149.400390625,21.849609375,5.69921875,0,BUY
2023-04-03,17427.94921875,17428.05078125,17312.75,17398.05078125,230200,0.002206297973761151,0.002203867672376198,0.026330785884066232,0.026733469604071747,0.01742684883291412,0.004396191463277077,17218.18759765625,17542.015,17175.28530835874,17285.361855261657,0.01033812269289318,-0.008274732644483982,197.40045291195176,0.007348086326318249,0.008353820827632488,17741.984894233552,16694.39030107895,0.060213331155671825,0.6716915921181479,53.701930118501075,-110.07654690291747,-160.1818659433348,50.10531904041733,94.99750852475354,68.90476555569815,31401800,0.8738232614637076,29.8984375,0.1015625,85.30078125,0,BUY
2023-04-05,17422.30078125,17570.55078125,17402.69921875,17557.05078125,248300,0.009138954817361267,0.00909744726853034,0.027888294056316765,0.03363721181812185,0.03347286251499049,-0.002119932191476104,17216.32265625,17530.9990234375,17234.018458034316,17305.486960890423,0.019406911174619432,0.001483834508260459,195.62184913252665,0.007050180672078209,0.007824481808471695,17734.989963396776,16697.65534910322,0.0590836483426575,0.828465010522391,58.43137491681804,-71.46850285610344,-142.43919332588854,70.9706904697851,98.18108613788694,89.64170905903448,31650100,0.9622352690422177,134.75,13.5,19.6015625,0,BUY
2023-04-06,17533.849609375,17638.69921875,17502.849609375,17599.150390625,242700,0.002397874785437182,0.002395004471214228,0.013790543678624312,0.038193880360905874,0.028738880059915317,-0.006340465240197046,17210.70771484375,17522.4290234375,17290.192601509803,17327.23980753743,0.022071672050042408,0.004359379031636032,191.35240343556046,0.006931801476085081,0.007688403110665663,17709.878043987654,16711.537385699845,0.05672663941889042,0.8890883062366259,59.60792143345433,-37.04720602762245,-121.36079586623532,84.31358983861287,95.11953511577516,96.09937659280523,31892800,0.9629423900968063,65.30078125,39.548828125,31.0,0,BUY
2023-04-10,17634.900390625,17694.099609375,17597.94921875,17624.05078125,254800,0.0014148632219350699,0.0014138632460749291,0.01298996093536875,0.031810850102877986,0.027527584691610762,-0.007341819859139287,17204.190234375,17512.5390234375,17341.55539839291,17349.225805590213,0.023823158029122538,0.006327249007426547,184.55225966337755,0.006946824230530526,0.007672930946109768,17677.530767459353,16730.84970129065,0.053715293828809595,0.943507916106599,60.323228549301675,-7.670407197299937,-98.62271813244824,90.9523109351483,91.90888499855616,95.06983541740608,32147600,1.0134033329356043,10.849609375,59.19921875,26.1015625,0,HOLD
2023-04-11,17704.80078125,17748.75,17655.150390625,17722.30078125,304300,0.005574768321964241,0.005559286811614234,0.00941217303856523,0.020884562349688274,0.03779376677627733,0.007544297472483308,17210.82529296875,17504.6190234375,17400.131611140154,17376.86098897242,0.028860557926112168,0.012282928751711851,180.27704245527914,0.006513733780409755,0.0074783903004734895,17708.675465952005,16712.975119985498,0.05618346953122174,1.013684152418121,63.099962276455926,23.27062216773993,-74.2440500724106,97.51467224015053,97.12633555793695,94.7182518907561,32451900,1.2002761068928067,17.5,26.44921875,49.650390625,0,HOLD
2023-04-12,17759.55078125,17825.75,17717.25,17812.400390625,232800,0.005083967961446945,0.005071088231309614,0.012117062202820827,0.02381586389100243,0.051186014168499216,0.022942760312066657,17230.80029296875,17503.028046875,17463.557577214746,17409.12316687261,0.03265141614278764,0.017368369055572635,175.15011085133065,0.005121065955742865,0.007122643351580854,17787.99903923881,16673.60154669869,0.06256301610683802,1.0218964521622789,65.48543957848241,54.434410342142655,-48.50835798949995,102.94276833164261,98.53622704221492,95.85714919956935,32684700,0.9188143821288988,52.849609375,13.349609375,42.30078125,0,HOLD
2023-04-13,17807.30078125,17842.150390625,17729.650390625,17828.0,285800,0.0008757724412713497,0.0008753891763391581,0.011572210116812531,0.015432501855001668,0.04958882000690368,0.0392729046401219,17264.48525390625,17507.5010546875,17519.62564225863,17440.1510804376,0.031608410707524764,0.017977279858228726,170.67510293337847,0.005229065247602599,0.006049375878021044,17877.747676877432,16651.222830935065,0.06879766916885614,0.9594401393147732,65.89651614824515,79.47456182103633,-22.911774027392696,102.38633584842903,98.4758310349833,98.04613121171172,32970500,1.1211580330698425,20.69921875,14.150390625,77.650390625,0,HOLD
2023-04-17,17863.0,17863.0,17574.05078125,17706.849609375,357400,-0.006795512150830185,-0.00681870678285114,-0.000871849093733168,0.006119569204168673,0.04454717965911881,0.0389331172782561,17297.6626953125,17508.6590625,17548.4293295073,17459.906527025556,0.023108961960452413,0.011192874579454712,179.12325406313715,0.006079058762973524,0.0060735482737713856,17930.940327449025,16664.385063175978,0.07152911399905162,0.8230707144046594,59.92700547860638,88.5228024817552,-0.6248587255631151,89.14766120731832,83.55013003687121,93.52072937135648,32613100,1.3839035062244627,156.150390625,0.0,132.798828125,0,HOLD
2023-04-18,17766.599609375,17766.599609375,17610.19921875,17660.150390625,258900,-0.0026373533282438855,-0.0026408372714739102,-0.00854741621910382,0.002048315102076703,0.03392432384963007,0.040536996442126494,17332.0626953125,17508.6190625,17565.617185063868,17474.7394058107,0.018577853985131867,0.008580409836455277,177.5001923889845,0.006333294784187642,0.006001535805181419,17965.62005902509,16698.50533159991,0.07174993980220201,0.7589250114537203,57.755123244787164,90.87777925317641,17.675668870184793,73.20211038299162,78.63053891229919,86.8854999947179,32354200,1.0004250550639477,106.44921875,0.0,49.951171875,0,BUY
2023-04-19,17653.349609375,17666.150390625,17579.849609375,17618.75,281500,-0.002344283016240789,-0.0023470351496987078,-0.011737155037020441,-0.005842964890854119,0.014919569694264112,0.03727571620583481,17363.72021484375,17508.668046875,17573.79146428481,17485.40685723213,0.014474907990422135,0.00624800017736796,170.98594873619987,0.004597283593765938,0.006075445399489528,17988.07326167967,16739.36716800783,0.07087370521017897,0.7042352371370484,55.82355226485184,88.3846070526888,31.8174565066856,56.567150546003205,74.26915986304978,78.8166096040734,32072700,1.1023005384238822,34.599609375,12.80078125,38.900390625,0,BUY
2023-04-20,17638.599609375,17684.44921875,17584.349609375,17624.44921875,215100,0.0003234746363958152,0.00032342232975522987,-0.004653588438531253,-0.01055170374308012,0.01301286220775899,0.030666484223251356,17389.94013671875,17508.9490234375,17581.584964971764,17495.70629141864,0.0133058956407991,0.006553407364902098,165.92263878182845,0.0046033094965956855,0.005972200894674114,18011.839162714154,16768.041110723345,0.07057230762522655,0.6885427313985656,56.04150311223009,85.8786735531321,42.6296999159749,43.2489736371572,74.86955161969976,75.92308346501625,32287800,0.8753688065927323,14.150390625,45.849609375,40.099609375,0,BUY
2023-04-21,17639.75,17663.19921875,17553.94921875,17624.05078125,230200,-2.260708945023282e-05,-2.260734499433094e-05,-0.0020441280836522857,-0.011439826046107271,0.0038161306722170885,0.037416730004537824,17421.72265625,17504.3490234375,17588.11816747611,17505.213290665408,0.011480228212645318,0.006791954885868271,161.874593154555,0.0036920391988148017,0.0056802560232856875,18022.915312210618,16820.530000289382,0.06822411753377597,0.6682722859247514,56.020694370415846,82.9048768107059,50.684735294921104,32.220141515784796,74.09484848677343,74.41118665650767,32057600,0.9390360806869366,15.69921875,23.44921875,70.1015625,0,BUY
2023-04-24,17707.55078125,17754.5,17612.5,17743.400390625,255700,0.006771973756565242,0.006749146939408538,0.007074871408300876,0.0020642170717171116,0.008196418395108429,0.03717085434020162,17453.51767578125,17503.9250390625,17612.007740268247,17522.8567795513,0.01633749498190395,0.013496587254438112,160.45497935780105,0.004183174424763752,0.0056690913650638336,18052.130283342587,16854.905068219916,0.06747439548031862,0.74212880849933,60.725021183246355,89.15096071694643,58.377980379326175,30.772980337620254,81.8334198620485,76.9326066561739,32313300,1.0411449744498014,35.849609375,11.099609375,95.05078125,0,BUY
2023-04-25,17761.55078125,17807.44921875,17716.849609375,17769.25,297400,0.0014568576938982503,0.0014557975062981768,0.008215903910117728,0.006177728216454792,0.008238697252533678,0.03599307338051205,17484.38515625,17504.8800390625,17636.198857150055,17541.108129214168,0.016031337493141323,0.014877947067968533,155.46531007331527,0.004183853952116402,0.005666840871268805,18081.267582947035,16887.50272955296,0.06718149912877998,0.7386272664497906,61.68107018897525,95.09072793588712,65.72052989063837,29.370198045248742,82.96228986824171,79.63018607235456,32610700,1.1418040811625318,7.69921875,38.19921875,44.701171875,0,BUY
2023-04-26,17767.30078125,17827.75,17711.19921875,17813.599609375,233000,0.0024958627615121465,0.002492753268886545,0.010755122671721962,0.011059218694572603,0.005151635177165881,0.04314010165184534,17521.2201171875,17503.718046875,17663.491280569277,17561.292683300155,0.016413274048981488,0.017395785764541004,152.6857008716499,0.003899402272088103,0.0054790553780321785,18103.72251057028,16938.71772380472,0.06539974021603343,0.750968490008091,63.33033951330277,102.19859726912182,73.01614336633507,29.182453902786747,89.26780213345553,84.68783728791526,32843700,0.8921904616032591,46.298828125,14.150390625,56.1015625,1,BUY
2023-04-27,17813.099609375,17931.599609375,17797.900390625,17915.05078125,241400,0.005695152810193838,0.005678996739265909,0.009674041437722103,0.016488547181993107,0.0057628611738946844,0.057243853236091935,17569.7201171875,17504.150078125,17702.192742212465,17587.496986851995,0.019276008105091537,0.022936061311925025,151.32952357724636,0.0039827697565114175,0.005011034200118106,18112.422923475548,17027.01731089945,0.060586242586155,0.8181581706050669,66.84570115918919,114.69575536046978,81.35206576516202,33.34368959530775,96.14021501457727,89.45676900542485,33085100,0.9219898787357933,101.951171875,16.548828125,15.19921875,1,BUY
2023-04-28,17950.400390625,18089.150390625,17885.30078125,18065.0,290300,0.008370013603697934,0.008335179280697748,0.01664392138103743,0.025019742862924632,0.0132936953107472,0.0635417339816422,17623.68515625,17508.320078125,17758.009243410546,17622.86758041851,0.02442927449487952,0.03081538454885128,155.0809582770859,0.0046870219691070225,0.005161558125047189,18137.223650123895,17110.146662376108,0.05685452464698516,0.9296803930120182,71.2350365822212,135.14166299203134,92.10998521053588,43.03167778149546,95.48760505505012,93.6318740676943,33375400,1.0937382262075162,114.599609375,24.150390625,65.099609375,1,BUY
2023-05-02,18124.80078125,18180.25,18101.75,18147.650390625,265200,0.004575166931912511,0.004564732669242972,0.01875257042794387,0.022783118855481233,0.024894365230086812,0.07055051864961004,17683.48271484375,17515.855078125,17817.954035289695,17661.740381174546,0.025577287736435365,0.034814165960921385,152.2358898287226,0.0037897613358080224,0.00502734671184457,18146.098847249836,17220.866582437666,0.050983584370246686,1.0016769231177618,73.33085387580212,156.21365411514125,104.93071899145696,51.2829351236843,94.79489562348363,95.47423856437035,33640600,0.994226587688382,22.849609375,32.599609375,23.05078125,1,BUY
2023-05-03,18113.80078125,18116.349609375,18042.400390625,18089.849609375,226200,-0.00318502836487633,-0.003190111363585117,0.009757093644855663,0.01804238273281089,0.024331571886166303,0.059081327860233346,17733.940234375,17519.055078125,17859.784123610512,17693.452175856062,0.019674534763160802,0.03155330439862746,148.87975484095674,0.0038747499936284523,0.005132936006228906,18139.14026252774,17328.74020622226,0.044798606611162355,0.9391773818743423,69.51625028616402,166.3319477544428,117.21096474405414,49.12098301038867,85.56597830764721,91.94949299539365,33414400,0.8674809687254287,23.951171875,2.548828125,47.44921875,1,BUY
2023-05-04,18081.0,18267.44921875,18066.69921875,18255.80078125,226600,0.009173717607303677,0.009131894646700034,0.010561903196789402,0.024823796513439023,0.03615754700248308,0.05161657173922429,17778.7427734375,17523.8541015625,17920.709763247356,17735.107628107464,0.026131858773484805,0.040093923485364696,152.58477235231697,0.0040127179537106225,0.0043324849214149,18206.08574174962,17351.399805125384,0.04681722521326252,1.0581676114804028,73.73992054312517,185.60213513988492,130.88919882322028,54.71293631666464,98.36742291520673,92.90943228211252,33641000,0.8752752134110979,174.80078125,11.6484375,14.30078125,1,HOLD
2023-05-05,18117.30078125,18216.94921875,18055.44921875,18069.0,239700,-0.010232406865540389,-0.010285117822267788,-0.004333915902723695,0.008593289554675643,0.025223527596939466,0.03856462009371109,17812.290234375,17524.517109375,17943.523645824687,17759.8403963958,0.01420719274032878,0.03013353758509051,155.99668593429436,0.005903342865147825,0.005189254418039319,18219.702626130107,17404.87784261989,0.0450951786767511,0.8150490397681519,63.135680877586935,183.6832494288792,141.44800894435207,42.23524048452714,72.18651454099509,85.37330525461635,33401300,0.9241802093574657,48.30078125,99.6484375,13.55078125,1,BUY
2023-05-08,18120.599609375,18286.94921875,18100.30078125,18264.400390625,228400,0.010814123118324304,0.010756068652657526,0.009649100739872463,0.011037940250484324,0.03633384954021235,0.04028863493009949,17847.65771484375,17530.9211328125,17992.88929887089,17797.21521078315,0.022817210905820996,0.040158956337213884,160.42186684970193,0.006363514177366116,0.005323906847238245,18282.206567387817,17413.108862299683,0.04758424511621176,0.9795118815070503,68.2750441687555,195.67408808773325,152.2932247730283,43.38086331470495,96.92376151091405,89.15923298903863,33629700,0.8840035607849175,143.80078125,22.548828125,20.298828125,1,BUY
2023-05-09,18303.400390625,18344.19921875,18229.650390625,18265.94921875,245400,8.480038171931881e-05,8.479678637020549e-05,0.0005559020730783182,0.006518685646826894,0.029450320492181215,0.03788812603591363,17880.99765625,17539.348125,18034.89851731383,17831.936248410322,0.021074818389664945,0.03977899451314271,157.14522122650894,0.006343726929158413,0.00533968797840095,18336.001916543726,17425.993395956277,0.04981994144894071,0.9230197342004808,68.31275360885398,202.96226890349863,162.42703359912235,40.53523530437627,90.09807023093957,86.40278209428293,33875100,0.9493046556159419,37.451171875,40.798828125,36.298828125,1,HOLD
2023-05-10,18313.599609375,18326.75,18211.94921875,18315.099609375,220500,0.0026908205008338015,0.0026872067245805376,0.013619990557031336,0.012451734252299396,0.030718775940177467,0.039210555887650766,17915.55009765625,17549.1161328125,18078.006377630936,17867.7261270003,0.021815306508856266,0.04182251218390383,154.120618371044,0.006323970302218104,0.005341527339662725,18391.720186893126,17439.380008419375,0.05199754294463535,0.9195449491148845,69.54969503691608,210.28025063062523,171.99767700542296,38.282573625202275,96.31767043657071,94.44650072614144,34095600,0.8586782974414858,1.5,11.650390625,101.650390625,1,HOLD
2023-05-11,18357.80078125,18389.69921875,18270.400390625,18297.0,248900,-0.0009882342854272697,-0.0009887229108728535,0.0017848715905139922,0.002256774120383387,0.027136592335363474,0.0324280253361926,17944.28505859375,17563.9701171875,18111.697704149254,17899.524191666944,0.019277200710840655,0.04006284542889553,151.63334763918374,0.006452453371257361,0.005307866935929659,18439.327388000896,17449.2427291866,0.05411185761678394,0.8562472544800351,68.48942841918696,212.17351248229897,180.03284410079817,32.1406683815008,88.90825979658989,91.77466682136674,33846700,0.9798441067632432,60.80078125,31.8984375,26.599609375,1,HOLD
2023-05-12,18273.75,18342.75,18194.55078125,18314.80078125,241700,0.0009728797753729701,0.0009724068345624825,0.002674460654355393,0.013603452390835047,0.022313640350848596,0.028205091936369442,17969.405078125,17580.0411328125,18142.944331395523,17930.285420524946,0.01885882938342427,0.040118353304160324,151.38805271852775,0.006381288948411206,0.005245502206934678,18485.661325930203,17453.1488303198,0.05637585185569978,0.8345196349609042,68.9901247645293,212.65891087056298,186.55805745475115,26.100853415811827,90.36303232259264,91.86298751858442,34088400,0.9498359302851043,41.05078125,27.94921875,79.19921875,1,HOLD
2023-05-15,18339.30078125,18458.900390625,18287.900390625,18398.849609375,216100,0.004589120522186851,0.004578622613795238,0.0045727297031532554,0.007361271975783623,0.018480465506504284,0.03201983449489565,17997.94755859375,17598.702109375,18182.314374161597,17964.99387895828,0.021789517241174283,0.043488996159427806,152.78890609577576,0.00608189978750259,0.005291310923172276,18542.1416990371,17453.7534181504,0.05915523546277143,0.8683446963006348,71.30832687774925,217.3204952033011,192.71054500446115,24.609950198839954,91.96861212623067,90.41330141513772,34304500,0.8610247828512199,59.548828125,60.05078125,51.400390625,1,HOLD
2023-05-16,18432.349609375,18432.349609375,18264.349609375,18286.5,219500,-0.006106338807060685,-0.0061250587396132535,-0.0005738645679619347,0.001125086958464916,0.007651106693499443,0.0327359413680286,18026.930078125,17616.578125,18198.34293198289,17988.809147183594,0.014194620177453392,0.03663477838842862,153.87541280322034,0.006475270159453586,0.0052357774014308795,18567.75557291957,17486.104583330427,0.0591502468809856,0.7399756708703767,64.38002205151983,209.53378479928506,196.07519296342593,13.458591835859124,76.94260794152912,86.42475079678415,34085000,0.899276891246898,145.849609375,0.0,22.150390625,1,HOLD
2023-05-17,18300.44921875,18309.0,18115.349609375,18181.75,229900,-0.005728269488420423,-0.005744738948538704,-0.0072646589411015094,-0.007280856354542675,0.005080218609300857,0.029535400199756756,18053.01005859375,17634.134140625,18195.79017321629,18003.10106220703,0.007080723330056197,0.030118985211819577,156.7164826476332,0.006694593756993591,0.005410897658735404,18570.36866546538,17535.651451722122,0.05690966016710477,0.6244204113893952,58.65762049448665,192.68911100925106,195.39797657259098,-2.708865563339913,58.07104529122542,75.66075511966174,33855100,0.9475137552290439,118.69921875,8.55078125,66.400390625,1,HOLD
2023-05-18,18287.5,18297.19921875,18104.849609375,18129.94921875,272100,-0.002849053652701161,-0.0028531199312594804,-0.014615065416263007,-0.009129954705689447,-0.00689378483080616,0.029014499822632045,18078.57001953125,17647.7151171875,18185.66079560609,18012.497221950955,0.0028339406028569753,0.02659875633097594,159.26170598530229,0.006014206246869098,0.005430767750809275,18556.60165955813,17600.538379504367,0.0527339193573142,0.553740375025498,56.00648171699372,173.16357365512522,190.95109598909784,-17.787522333972618,42.651430283673214,59.22169450547593,33583000,1.1236140647905308,157.55078125,9.69921875,25.099609375,1,BUY
2023-05-19,18186.150390625,18218.099609375,18060.400390625,18203.400390625,260900,0.0040513721791914925,0.004043187469679982,-0.00454431462417626,-0.00608253357246713,0.007438175362499244,0.03284931998096563,18107.517578125,17665.3451171875,18188.38996407054,18026.63819740829,0.0052673022865212015,0.029557954112496877,159.15009975420926,0.005122231875642128,0.005454169190383232,18539.99160999475,17675.04354625525,0.04751574129990366,0.6108538379574502,58.84674937470606,161.75176666223706,185.11123012372568,-23.359463461488616,38.65546218487395,46.45931258659086,33843900,1.0672720950686176,17.25,14.69921875,125.75,1,BUY
2023-05-22,18201.099609375,18335.25,18178.849609375,18314.400390625,262600,0.006097761825706316,0.0060792457091855085,0.007295798843620638,-0.004589918421147865,0.002737565916790974,0.039170881765130616,18142.03505859375,17679.7461328125,18207.776183540456,18047.953915424343,0.009411464659224331,0.03465329163259833,158.95369195926577,0.004232839337320721,0.005527680561029688,18521.613816291683,17762.456300895814,0.041451398855759214,0.7270481797715498,62.759604685499056,159.82226811610235,180.053437722201,-20.23116960609866,65.3061224489796,48.87100497250892,34106500,1.0671543228690397,113.30078125,20.849609375,22.25,1,BUY
2023-05-23,18362.900390625,18419.75,18324.19921875,18348.0,270400,0.001834600568861644,0.0018329197446846867,0.012027103805921868,0.0033631367402182644,0.004492007519969254,0.03407461907326681,18172.2650390625,17692.4771484375,18229.349078380386,18070.179551318837,0.009577881019048476,0.03572721013530077,155.1248289175325,0.004259886013461637,0.005409394890639549,18514.503286684434,17830.026791440563,0.0373052373688615,0.7567436020927679,63.87915465490702,159.16952706154188,175.8766555900692,-16.707128528527306,72.51206630294287,58.82455031226547,34376900,1.0955795956403667,14.900390625,56.849609375,23.80078125,1,BUY
2023-05-24,18294.80078125,18392.599609375,18262.94921875,18285.400390625,232600,-0.0034117947119577385,-0.003417628155656871,0.004504652880251481,0.0057007928623482584,-0.0016215701461321785,0.029047393144055134,18198.07255859375,17703.0971484375,18237.97235718725,18086.121835711885,0.00477582279664068,0.03184525521716488,153.30522618235162,0.004340590950991801,0.005528702919325826,18488.827787421087,17907.317329766414,0.031801899068768305,0.6501741385405287,60.24524557434696,151.8505214753568,171.07142876712672,-19.22090729176992,56.996035184710045,64.93807464554418,34144300,0.9549616126780763,9.400390625,97.798828125,22.451171875,1,BUY
2023-05-25,18268.900390625,18338.099609375,18202.400390625,18321.150390625,235900,0.001955111686716471,0.0019532029433287895,0.00036856243480709594,0.01054615043693885,0.0013199098554408373,0.028492320046470843,18223.45009765625,17717.7281640625,18250.768977716132,18103.53135829804,0.005332650564275978,0.032935826282571905,152.04765422289796,0.004377358941838605,0.005524625435967997,18458.88218116713,17988.018014145367,0.025700578674508617,0.7074914589190401,61.589118717395465,147.23761941808698,166.30466689731878,-19.067047479231803,65.43287327478042,64.98032492081111,34380200,0.9679338571692306,52.25,16.94921875,66.5,1,BUY
2023-05-26,18368.349609375,18508.55078125,18333.150390625,18499.349609375,198700,0.009726420827874671,0.009679423693686186,0.008248834171299402,0.016257908544516697,0.010076485697509519,0.032614969126212534,18252.6650390625,17739.4571484375,18289.012151817496,18132.851228748186,0.013334769898477216,0.041076712261949186,154.57284968019096,0.00533318055078925,0.005757438941553862,18472.247131187876,18033.082946937124,0.023739439143752122,1.061713771655357,67.48866296704605,156.1609230693066,164.27591813171637,-8.114995062409776,97.94685621892064,73.45858822613704,34578900,0.8225018627369781,131.0,9.201171875,35.19921875,1,HOLD
2023-05-29,18619.150390625,18641.19921875,18581.25,18598.650390625,265300,0.005367798508963517,0.005353443226476252,0.017131153450739012,0.015520573643541535,0.010859417055520293,0.02954056964433982,18279.34755859375,17768.344140625,18336.648803941727,18167.35487036869,0.01716806463506632,0.0446433602740623,153.66404680124873,0.005396457949749841,0.00560947060125052,18528.87913397033,18029.815983217166,0.026833299205663193,1.139804464722016,70.23238311230047,169.29393357303343,165.27952121997978,4.014412353053643,92.67408505930342,85.35127151766817,34844200,1.1038988058086752,20.5,22.048828125,17.400390625,1,HOLD
2023-05-30,18606.650390625,18662.44921875,18575.5,18633.849609375,234400,0.0018925684396833287,0.0018907797884415813,0.017067662896867564,0.015579333408273444,0.01899486557706509,0.026791304013723316,18303.65751953125,17800.1551171875,18382.372004777615,18201.91003622101,0.017720014745510458,0.04474086190800072,148.89870194044528,0.00476671598705149,0.005563236801744844,18589.25797873644,18018.05706032606,0.030653940564326555,1.0780664547276582,71.16144266864212,180.4619685566031,168.31601068730447,12.145957869298627,95.24961962569222,95.29018696797209,35078600,0.9816156455462919,27.19921875,28.599609375,31.150390625,1,HOLD
2023-05-31,18594.19921875,18603.900390625,18483.849609375,18534.400390625,696500,-0.0053370195013254795,-0.005351312266430236,0.0018947034349918734,0.013617421258528273,0.019395844218790925,0.02457459795683503,18325.88505859375,17831.4001171875,18405.760987215675,18226.538951362047,0.011250179538406848,0.03792948563866626,148.97736608755636,0.004698319410393396,0.005674999923474164,18610.66051110004,18041.109606087462,0.03072939469359174,0.8661048208250653,64.98983959014198,179.2220358536215,170.49721572056788,8.724820133053612,78.73115565662825,88.88495344720798,34382100,2.655305846247679,59.798828125,9.701171875,50.55078125,1,BUY
2023-06-01,18579.400390625,18580.30078125,18464.55078125,18487.75,265600,-0.0025169624936233204,-0.0025201353688439534,-0.00596281925278308,0.00909329413398896,0.01973534381883213,0.012705507774177116,18337.48251953125,17861.443125,18418.374681490186,18245.887917927823,0.008127948531798004,0.0338768576489837,146.60398279558805,0.004661796226411179,0.005409582014310493,18628.715664304484,18046.24937475802,0.031505526067069516,0.7579848536556439,62.26202362331129,172.48676356235592,170.8951252889255,1.5916382734304193,70.98254982173502,81.65444170135184,34116500,1.0050897807042403,91.650390625,0.900390625,23.19921875,1,BUY
2023-06-02,18550.849609375,18573.69921875,18478.400390625,18534.099609375,270900,0.002507044360454902,0.002503906967370625,-0.005353161160526643,0.0018784444174400061,0.018166892539501323,0.025740196434500984,18360.7375,17890.1241015625,18436.17851654939,18267.236932109096,0.009353683913909146,0.034745443338761554,142.93932889054605,0.0046103327124631865,0.004774015324763165,18636.361612684388,18085.11338731561,0.029742379559131258,0.8144900997335807,63.88400071090127,168.94158444029017,170.50441711919845,-1.5628326789082791,78.68119604605367,76.13163384147232,34387400,1.0191298459454845,16.75,22.849609375,55.69921875,1,HOLD
2023-06-05,18612.0,18640.150390625,18582.80078125,18593.849609375,256100,0.003223787573137793,0.0032186023111129003,0.003207506986849795,-0.00025812524829327277,0.015258442143322837,0.018037779051268688,18377.2099609375,17922.2330859375,18460.43560775333,18291.43046375842,0.011651145566342029,0.0361203590190851,140.30443263050705,0.004398148054543496,0.004249252909835007,18666.85693053086,18087.56299134414,0.031155137389873213,0.8739718885040821,65.91763274004524,169.00514399490567,170.20456249433988,-1.1994184994342163,88.60564024538604,79.42312870439157,34643500,0.9584580838323318,18.150390625,28.150390625,11.048828125,1,HOLD
2023-06-06,18600.80078125,18622.75,18531.599609375,18599.0,220800,0.00027699431442118616,0.00027695595857881204,0.0060174980730483,-0.001870231331987715,0.013679965118813975,0.018233423144969896,18393.8625,17952.0630859375,18481.75320656051,18314.213392368907,0.011029490832840515,0.03478342459608036,136.7934296301137,0.004413486629077671,0.0042475225598819916,18694.10991880781,18093.615081192187,0.03228640451721192,0.8416140941589031,66.09485784801419,167.53981419160118,169.67161283379215,-2.1317986421909723,89.46111747321159,85.58265125488379,34864300,0.8301688160318802,1.80078125,21.94921875,67.400390625,1,BUY
2023-06-07,18665.599609375,18738.94921875,18636.0,18726.400390625,260100,0.006849851638528914,0.006826497990157328,0.010375512450182978,0.010359115803774133,0.02411760150606823,0.02245692297733748,18414.4275390625,17983.5530859375,18519.391234878123,18344.7457626101,0.016659520519420393,0.03966845144779625,137.01884313867703,0.004371318065709173,0.004436765847888287,18745.0820420207,18083.773036104303,0.03531426179734287,0.971750496016938,70.21997118677244,174.64547226802097,170.66638472063792,3.9790875473830454,98.15063741843376,92.07246504567713,35124400,0.9707034894569847,60.80078125,12.548828125,29.599609375,1,HOLD
2023-06-08,18725.349609375,18777.900390625,18615.599609375,18634.55078125,286500,-0.0049048192636628185,-0.004916887367083021,0.0021889588616699207,0.007940435220619158,0.017105934067620954,0.018448422214024207,18431.305078125,18014.70609375,18537.108088166104,18366.21280102787,0.010906927970032223,0.03326319452378137,138.82469586091437,0.004948150562040526,0.004617488141738925,18770.607300327392,18092.002855922605,0.03641646382415594,0.7995054111419375,64.1592942918283,170.895287138228,170.71216520415595,0.18312193407206223,76.0705412860189,87.8940987258881,34837900,1.0617796390319791,90.798828125,52.55078125,18.951171875,1,HOLD
2023-06-09,18655.900390625,18676.650390625,18555.400390625,18563.400390625,221800,-0.00381819725413457,-0.003825505177262602,-0.0019140603997527261,0.0015809120414556066,0.003462326114294312,0.013573699891374469,18443.73505859375,18047.0730859375,18541.153057775166,18380.819289146173,0.00644630453005177,0.027814263218082547,137.56936044227763,0.0043239797244944665,0.004737567435175351,18783.26880421044,18104.20131297706,0.03658098607711573,0.676220086479517,59.84997090016226,160.33376862898513,168.6364858891218,-8.30271726013666,62.72806255430061,78.98308041958443,34616100,0.8250413822604913,92.5,20.75,8.0,1,BUY
2023-06-12,18595.05078125,18633.599609375,18559.75,18601.5,179500,0.0020524046550352004,0.0020503013499982166,-0.006669749018478166,0.00041144737564957623,0.00015321592240025161,0.011014296813521396,18453.867578125,18079.3891015625,18550.43720273283,18397.166008468677,0.007936586935193477,0.02806821484490491,133.0179496517578,0.004012745235951271,0.004660880000250287,18799.47936502088,18108.255791229116,0.0371595609919504,0.7135812889951623,61.347100854009255,153.27119426414356,165.56342756412616,-12.292233299982598,69.34832482623806,69.3823095555192,34795600,0.6722720548304314,6.44921875,32.099609375,35.30078125,1,BUY
2023-06-13,18631.80078125,18728.900390625,18631.80078125,18716.150390625,233200,0.0061635024393194016,0.00614458574708609,0.0043789415872104165,0.0062987467404160835,0.004416735294922258,0.023495496165203855,18475.35009765625,18114.678125,18575.931539331625,18420.794481220997,0.012865909278511029,0.03213653732587453,132.61669543556079,0.004438583719255454,0.00454352656399176,18829.973258440798,18120.726936871702,0.03789488258890886,0.8395157445937513,65.51436955542235,155.13705811062027,163.47815367342497,-8.341095562804696,89.27019982623806,73.78219573559224,35028800,0.871156935260933,84.349609375,12.75,0.0,1,HOLD
2023-06-14,18744.599609375,18769.69921875,18690.0,18755.900390625,261400,0.0021238341844009856,0.002121582036807868,0.010369867370700891,0.001575316098376689,0.011950750784041508,0.031578389903337056,18504.0576171875,18148.1821484375,18603.61905491522,18445.61714117685,0.013427389151809624,0.032401443254159314,128.83687567230643,0.003958956299947662,0.004245393464393031,18851.854381638375,18156.260852736625,0.037086650835991754,0.8620545088081312,66.84885618169159,158.00191373836424,162.38290568641284,-4.380991948048603,95.05340078695896,84.5573084798117,35290200,0.970790856591087,11.30078125,13.798828125,54.599609375,1,HOLD
2023-06-15,18774.44921875,18794.099609375,18669.05078125,18688.099609375,263000,-0.0036149041015322014,-0.0036214536561356998,0.004655517532188291,0.0028736312859700686,0.010836884389663348,0.03078609784785069,18531.96513671875,18174.749140625,18616.616063293648,18463.57880548782,0.00835475387652169,0.027469377811560548,128.56630084749884,0.004086530897274227,0.004290509877779127,18842.819030048606,18221.111243388896,0.0332675766747212,0.7511380362378474,62.41246684454721,153.03725780581954,160.5137761102942,-7.476518304474666,67.83481203586817,84.05280421635507,35027200,0.9783862207507125,86.349609375,19.650390625,19.048828125,1,HOLD
2023-06-16,18723.30078125,18864.69921875,18710.5,18826.0,272800,0.0073790483520230765,0.007351956368470602,0.0058692416486472165,0.014146094134112497,0.01574936990612419,0.03420237955627492,18563.0951171875,18203.308125,18648.828976633085,18490.424819896132,0.013964988994608598,0.0330761646127696,131.99725145660608,0.004540038543445475,0.004454969067709956,18860.50759498934,18265.682639385657,0.03159592880079053,0.9419869750500627,67.18283804151498,158.40415673694952,160.09185223562525,-1.6876954986757369,90.32878424022336,84.4056656876835,35300000,1.0126018448061431,102.69921875,38.69921875,12.80078125,1,HOLD
2023-06-19,18873.30078125,18881.44921875,18719.150390625,18755.44921875,219800,-0.0037475183921172883,-0.003754557931873424,-2.4054930214179038e-05,0.008276172284493288,0.008691024869509567,0.024082078512970062,18585.14755859375,18227.27609375,18665.23209080492,18510.05625684827,0.009080116299533704,0.0281610490284595,134.1616497900628,0.004786933028529336,0.004486390576451242,18870.69816345726,18299.596953730244,0.030449881688575008,0.7981987382531626,62.79212981467257,155.17583395664406,159.108648579829,-3.932814623184953,69.7768116485205,75.98013597487068,35080200,0.8224047293884317,117.8515625,8.1484375,36.298828125,1,HOLD
2023-06-20,18752.349609375,18839.69921875,18660.650390625,18816.69921875,211600,0.003265717567498605,0.0032603966930515953,0.006881363651897843,0.005372302852159505,0.011704888367654265,0.025544975951057314,18608.58251953125,18251.6270703125,18688.534725873393,18532.77055032247,0.011060212888526752,0.03003035452011848,137.3678768139869,0.004838401118474557,0.004508402234021675,18889.327599125136,18327.837439937364,0.02983999226752116,0.8706506620150429,64.93473572042606,155.76417555091757,158.4397539740467,-2.6755784231291386,84.4686393193786,81.52474506937416,35291800,0.8005296509978217,64.349609375,23.0,91.69921875,1,HOLD
2023-06-21,18849.400390625,18875.900390625,18794.849609375,18856.849609375,217500,0.0021337637466720683,0.0021314905059401927,0.001638670422553945,0.005382264601941467,0.00696605946839135,0.03125166562078596,18637.15498046875,18276.283046875,18714.42932333518,18556.776406548586,0.011650653924557252,0.030788099524926036,133.345227130845,0.004436981555465134,0.0043737200890118285,18895.979688545674,18378.330272391824,0.027451532301370863,0.924408145840603,66.30450581962575,157.65291678659196,158.28238653655575,-0.6294697499637891,93.8966180625215,82.7140230101402,35509300,0.8252077247031119,7.44921875,19.05078125,54.55078125,1,BUY
2023-06-22,18853.599609375,18886.599609375,18759.5,18771.25,252700,-0.004539443817404343,-0.004549778379793411,0.0008424634923809293,0.004449376467540178,0.00733579362093062,0.02456721329056477,18659.6599609375,18297.26203125,18723.170965898997,18572.66333939684,0.005944731387760499,0.025250740827062648,132.89911157685606,0.0043868904620104855,0.004578286040895786,18880.08874222449,18439.231179650513,0.023485786113017295,0.7531203920155535,60.84720503911501,150.5076265021562,156.72743452967583,-6.219808027519633,67.5071522887324,81.95746989021085,35256600,0.9557127188835485,82.349609375,33.0,11.75,1,BUY
2023-06-23,18741.849609375,18756.400390625,18647.099609375,18665.5,210600,-0.005633615236065759,-0.005649543898520234,-0.008035374163781972,-0.00852544353553597,0.005500048871787788,0.008981417948920711,18667.96748046875,18314.3240234375,18714.298509606844,18579.54012907115,-0.00013219471585273752,0.018814174630334,132.27420293743776,0.004627440559495803,0.004360097155151507,18875.764803705246,18460.170157232253,0.022265390505102633,0.49406277128402887,54.841830891918235,134.75838053569169,152.33362373087903,-17.57524319518734,37.7184198943662,66.37406341520669,35046000,0.794701986754964,76.349609375,14.55078125,18.400390625,1,BUY
2023-06-26,18682.349609375,18722.05078125,18646.69921875,18691.19921875,171300,0.0013768299134766515,0.0013758829522746805,-0.008784627021824698,-0.0034256710810087743,0.004822149759428074,0.004976104511951629,18672.594921875,18331.5880078125,18710.744772551945,18587.811172751066,0.000995350627708141,0.019239600773007463,128.20830004904934,0.00460809467863545,0.004212299030278067,18878.121186941567,18467.06865680843,0.021991768710099172,0.5452601444112988,55.97889411465307,122.93359980087553,146.45361894487834,-23.520019144002816,41.00215834974701,48.74257684428187,35217300,0.6580741822093289,8.849609375,30.8515625,35.650390625,1,BUY
2023-06-27,18748.55078125,18829.25,18714.25,18817.400390625,222500,0.00675190341711196,0.006729211402828641,0.0024585677898381064,3.726327698871934e-05,0.005409766318757336,0.00985039511951702,18681.7724609375,18353.7990234375,18727.153329178567,18604.81778148247,0.007207580583504567,0.02463684449306139,128.9113344205458,0.004691578305721656,0.0044453245387872185,18895.776249798997,18467.768672076003,0.02274530853561639,0.816882075799278,61.151934139302185,122.33554769609327,141.63000469512133,-19.294456999028057,79.1064667932584,52.60901501245721,35439800,0.8567248084401801,68.849609375,11.849609375,34.30078125,1,BUY
2023-06-28,18908.150390625,19011.25,18861.349609375,18972.099609375,398800,0.00822107281232487,0.008187463868637099,0.016426005699016866,0.006111837469536807,0.01152699759794329,0.023615504657566122,18703.657421875,18380.0380078125,18764.83737228571,18632.023842807845,0.014149313625116691,0.03120696252669541,133.54978263157824,0.00527840760559205,0.004541162282619479,18941.136012043607,18466.17883170639,0.02503450804688575,1.0651923975722262,66.36908078280072,132.8135294778658,139.86670965167025,-7.053180173804435,91.41155551747038,70.50672688682526,35838600,1.6289186153374793,63.94921875,39.150390625,46.80078125,1,BUY
2023-06-30,19076.849609375,19201.69921875,19024.599609375,19189.05078125,247900,0.01143527476356887,0.011370386219451868,0.02663561372780099,0.022257483185722737,0.02680589157517632,0.03793326831280175,18738.7224609375,18411.4440234375,18830.10097366483,18673.285097507265,0.023467983145498993,0.040523461357052384,140.41048454182265,0.00587751425618426,0.0049929433132008295,19037.513345389463,18439.93157648554,0.031141809759961336,1.2535844360466866,72.04006418344152,156.8158761575687,143.25654295284994,13.559333204718769,98.02968254644364,89.51590161905749,36086500,1.0162335000409897,112.201171875,12.6484375,52.25,1,BUY
2023-07-03,19246.5,19345.099609375,19234.400390625,19322.55078125,226100,0.00695709243369369,0.006933003527425256,0.026844855300877324,0.035201349079853284,0.026375798430362307,0.04254057054253568,18778.14501953125,18445.4060546875,18905.862482524088,18721.37885185858,0.028174632215070917,0.04539487236921396,141.52750908347818,0.005841308619142815,0.00512012071239041,19156.108561914312,18400.181477148188,0.03912149556877618,1.2201829021458637,74.85037934108092,184.48363066551246,151.50196049538246,32.98167017013,96.83879641520335,95.42667815970579,36312600,0.9354571783202279,76.05078125,22.548828125,12.099609375,1,HOLD
2023-07-04,19406.599609375,19434.150390625,19300.0,19389.0,226900,0.003438946519135566,0.0034330468644171055,0.021974393936820213,0.03733311988617638,0.03377955781600983,0.04276416166257935,18817.9025390625,18480.7050390625,18980.191331366535,18770.832270239425,0.029454714577208763,0.0468458899859456,141.00057205072974,0.005395662233761896,0.00512283674997853,19269.975099306335,18365.829978818663,0.04663185932681789,1.1316435802123603,76.13611952610918,209.35906112711382,163.07338062172875,46.28568050538507,94.26626154895517,96.37824683686739,36539500,0.9444721944721906,17.599609375,27.55078125,89.0,1,HOLD
2023-07-05,19405.94921875,19421.599609375,19339.599609375,19398.5,224400,0.0004899685388621844,0.0004898485434720244,0.010915038015046452,0.030880971723623807,0.030919385726815518,0.04298618205279858,18857.8775390625,18513.80703125,19044.5465111563,18817.326176147617,0.027869292003891977,0.045606256604892204,136.78624547567762,0.005470825741622137,0.005119049471003681,19363.656754959356,18352.098323165646,0.052146219130020884,1.0344451135440833,76.32248961998944,227.22033500868565,175.90277149912012,51.31756350956553,95.47268555838036,95.52591450751298,36763900,0.9333666084352344,7.44921875,15.650390625,58.900390625,1,HOLD
2023-07-06,19385.69921875,19512.19921875,19373.0,19497.30078125,268300,0.00509321758125636,0.005080291021865595,0.00904383701605127,0.027682817542001192,0.03396384789305351,0.041166501545643275,18896.42255859375,18548.368046875,19114.201014247636,18867.69466541446,0.03081853377540845,0.04866995411424142,136.95860070955777,0.005494955404281368,0.00504818639822255,19469.29681139994,18323.548305787557,0.05876446788543253,1.0244416376821426,78.2269659017742,246.5063488331798,190.02348696593205,56.48286186724775,98.27863229347199,96.00585980026916,37032200,1.1140638624756005,111.6015625,14.8984375,12.69921875,1,HOLD
2023-07-07,19422.80078125,19523.599609375,19303.599609375,19331.80078125,237100,-0.00848835445771845,-0.008524585713268293,-0.002950086066841995,0.007439138164118342,0.02986219784244515,0.03741705438381526,18931.28505859375,18578.7320703125,19147.677901478768,18902.072896217094,0.020717972794583806,0.0389549178298953,142.89012923030364,0.006219742779969254,0.005361216167560848,19520.792316990188,18341.77780019731,0.06098834403137498,0.8397038093685929,68.31463906338352,245.60500526168107,201.13979062508187,44.4652146365992,78.12763796486648,90.62631860557296,36795100,0.9947138781674736,91.0,100.798828125,28.201171875,1,BUY
2023-07-10,19400.349609375,19435.849609375,19327.099609375,19355.900390625,268200,0.0012466303397029588,0.0012458539412885826,-0.002196025949171343,0.0017259423847579836,0.03698804696498881,0.042691531902755875,18970.91005859375,18607.5490625,19179.712130578187,18935.689747654716,0.01989007611434707,0.03866269783489196,140.45154857099624,0.005502122623551867,0.005196368029949244,19562.71243731151,18379.107679875986,0.06114955819925599,0.8252693347267134,68.93198601494427,244.0223829234783,209.71630908476118,34.30607383871711,80.87591013268059,85.76072679700637,37063300,1.1143426956955247,44.44921875,35.5,28.80078125,1,BUY
2023-07-11,19427.099609375,19515.099609375,19406.44921875,19439.400390625,251300,0.004313930032438185,0.004304651710725516,-0.0029696618662559127,0.0025994321844859947,0.04002959698404185,0.04504477545493635,19012.805078125,18635.0370703125,19219.66417058539,18973.001647133995,0.021944880188060466,0.041377990274865564,141.7906678694965,0.005445260532269941,0.005219710817727093,19612.649361896394,18412.960794353603,0.061714278395200016,0.8555883785513608,71.03754393644522,246.66252345139583,217.1055519580881,29.556971493307714,90.39808629917611,83.13387813224107,37314600,1.0287796290989437,12.30078125,75.69921875,20.650390625,1,BUY
2023-07-12,19497.44921875,19507.69921875,19361.75,19384.30078125,327900,-0.002834429471475497,-0.00283845407345589,0.0027157325173203795,-0.0007319750882800458,0.030126392533340374,0.035699135595730125,19046.21259765625,18659.770078125,19244.99287991841,19003.468249661106,0.017441340155058667,0.037377190505928574,142.0877072181039,0.005732640487755534,0.0052494629302832305,19650.654427854348,18441.77076745815,0.062364058112713734,0.7796697438049305,67.77346883003979,241.52463025730322,221.98936761793115,19.535262639372064,84.11463495577685,85.12954379587785,36986700,1.3168410272886035,113.1484375,10.25,22.55078125,1,BUY
2023-07-13,19495.19921875,19567.0,19385.80078125,19413.75,310400,0.0015192303855748879,0.0015180775225879406,0.0029887325418878063,-0.004285248619149806,0.023278941167205414,0.035074275064065796,19079.105078125,18686.2480859375,19270.955513777117,19033.85949042695,0.01723752092589008,0.03747353880947786,144.9885294703822,0.005436914483609928,0.005249049503678407,19688.352792869777,18469.857363380226,0.06276455756819525,0.7746378146156959,68.60381470150651,237.09602335016825,225.0106987643786,12.085324585789664,83.34783549875422,85.9535189179024,37297100,1.2344157006223728,81.44921875,71.80078125,27.94921875,1,BUY
2023-07-14,19493.44921875,19595.349609375,19433.5,19564.5,291200,0.007765114931427508,0.007735121594226721,0.006435363584327947,0.012037120668846102,0.019565804636717976,0.046896175049567335,19122.92509765625,18712.4220703125,19316.11620396525,19073.166194839767,0.022570211471990047,0.043552246655294065,147.60360660642633,0.004844624422799263,0.0052550237658980726,19739.404288053454,18506.445907259047,0.06302018353622159,0.8581425855253768,72.50870544369303,242.95000912548494,228.59856083659986,14.35144828888508,96.74805284645744,88.07017443366284,37588300,1.1516026338164589,71.05078125,30.849609375,59.94921875,1,BUY
2023-07-17,19612.150390625,19731.849609375,19562.94921875,19711.44921875,268700,0.007511013251041421,0.007482946045497489,0.01687697901471097,0.018369015181397108,0.020126661428023107,0.047033316623287025,19167.19755859375,18745.2710546875,19376.93666777829,19120.44641883312,0.02761094093672951,0.049016089752723487,149.12480546489587,0.004910946207601597,0.005261805632239333,19818.231823821894,18516.163293365607,0.06605645866046866,0.9179900269647159,75.68357814449871,256.4902489451706,234.17689845831404,22.313350486856564,97.99524386241366,92.69704406920845,37857000,1.0634845246576385,99.298828125,20.400390625,49.201171875,1,HOLD
2023-07-18,19787.5,19819.44921875,19690.19921875,19749.25,286400,0.001917706853032497,0.0019158704007220429,0.01728156590045704,0.01593925754646386,0.018580122750012862,0.05298730889668524,19216.88759765625,18774.968046875,19434.215641966246,19167.024461882516,0.026956081995202424,0.04933260519386806,147.7051765031176,0.004885103627001655,0.005067220491208761,19886.080308621935,18547.694886690562,0.06776892398098017,0.8977646450860336,76.43740637287132,267.19118008372243,240.77975478339573,26.411425300326698,92.67307719749586,95.80545796878899,38143400,1.1187937028790145,38.25,31.94921875,59.05078125,1,HOLD
2023-07-19,19802.94921875,19851.69921875,19727.44921875,19833.150390625,259700,0.004248282371482448,0.00423928389630214,0.01373152345447104,0.023155315966266965,0.022406391763538425,0.054018569360037016,19267.71015625,18806.3120703125,19495.590218682977,19216.36712327085,0.028509854624118647,0.051773838250018064,146.0298067528949,0.0049130454452274925,0.005078794256807682,19961.549455251403,18573.870857248596,0.06996763351619387,0.9074720437339695,78.06295074196608,279.2230954121187,248.46842290914034,30.754672502978366,97.75736466143219,96.14189524044724,38403100,1.0050504073221194,30.201171875,18.548828125,75.5,1,HOLD
2023-07-20,19831.69921875,19991.849609375,19758.400390625,19979.150390625,274700,0.007361412439498949,0.007334449485705515,0.01358099898714471,0.029123708228703915,0.02471365727908248,0.05951687606884404,19323.8251953125,18839.5930859375,19569.98409128944,19272.869587519308,0.032800453597866916,0.05703732553223207,152.27405046697385,0.005108430090299948,0.005184455624493665,20056.14039112961,18591.50999949539,0.07330794167911585,0.9474338365874999,80.57439654289637,297.11450377012807,258.1976390813379,38.916864688790156,98.32342308426205,96.25128831439672,38677800,1.0514631298922468,147.451171875,12.69921875,73.298828125,1,HOLD
2023-07-21,19800.44921875,19887.400390625,19700.0,19745.0,312500,-0.011719737128305097,-0.011788954585924888,-0.00021519804549541277,0.009225893838329613,0.02137406770458572,0.05187454218552312,19372.5126953125,18868.5530859375,19596.90961570645,19307.842210666025,0.018864892615219044,0.04438829648328694,161.33664619254714,0.005916016996877099,0.0059232617534105405,20080.47698065848,18664.54840996652,0.0717107404756628,0.763069276513506,67.27259421859355,289.06740504041954,264.37159227315425,24.695812767265295,64.32033695906863,86.80037490158763,38365300,1.18261461900887,55.44921875,86.951171875,45.0,1,HOLD
2023-07-24,19748.44921875,19782.75,19658.30078125,19672.349609375,265600,-0.0036794322929856182,-0.0036862180542648424,-0.008107677201197871,-0.0019835989196475,0.016348979503080674,0.05394174328975909,19422.85517578125,18895.7040625,19608.515768578534,19334.842758718543,0.01268249286678254,0.03947904354571266,158.7018299466509,0.0061964558791505414,0.0057959353467025585,20062.451151930854,18783.259199631644,0.06502486879806173,0.6950406529251659,63.75569316105184,273.67300985998736,266.2318757905209,7.441134069466443,53.5779150018162,72.07389168171564,38099700,0.9947751830558588,76.099609375,34.30078125,14.048828125,1,HOLD
2023-07-25,19729.349609375,19729.349609375,19615.94921875,19680.599609375,369700,0.0004193703428323481,0.00041928243166748923,-0.014943116970083548,-0.0034761011494107708,0.012407749925575029,0.052934024138616476,19472.3251953125,18921.3390625,19619.605590239527,19360.45437728569,0.010582727060982783,0.03857913691376157,155.46601285224727,0.006131795753743764,0.005810907429767815,20025.06042315214,18919.58996747286,0.056170567849603496,0.6884034195503065,63.98594055848088,259.15121295383506,264.81574322318374,-5.664530269348688,54.77660733745005,57.558286432778296,38469400,1.335066717223692,48.75,0.0,64.650390625,1,HOLD
2023-07-26,19733.349609375,19825.599609375,19716.69921875,19778.30078125,244700,0.004964339187534694,0.0049520574860006375,0.0016865424791085992,-0.002765552032567009,0.020325726702564717,0.05106446005707199,19520.37021484375,18951.175078125,19644.020235010372,19391.405962764526,0.013041088274416827,0.041819856633443515,154.71844050565818,0.0060498727020635345,0.005757158493618539,19999.14140065894,19041.599029028563,0.048413783480233855,0.7693672614887097,66.68507363269528,252.6142722458353,262.37544902771407,-9.76117678187876,68.97220078096622,59.10890770674416,38714100,0.8801366783562597,44.951171875,47.298828125,16.650390625,1,HOLD
2023-07-27,19850.900390625,19867.55078125,19603.55078125,19659.900390625,334900,-0.0059863783008722304,-0.006004368496797154,-0.0006328282588098366,-0.015979157960080426,0.012679177934453723,0.036253276938843726,19554.76025390625,18980.7380859375,19646.46333587416,19411.29443890234,0.005347948597383892,0.03454556183872447,162.52426618382546,0.006564107922716246,0.0058902444792252335,19964.961121587563,19144.559386224937,0.04172969949297616,0.6281568921494892,60.74364214001042,235.1688969718125,256.93413861653374,-21.765241644721243,50.06405133508838,57.93761981783489,38379200,1.2185714805516092,191.0,16.650390625,56.349609375,1,HOLD
2023-07-28,19659.75,19695.900390625,19563.099609375,19646.05078125,258700,-0.0007044597937843067,-0.0007047080421790248,-0.001755476398622613,-0.005011355722967847,0.004168303879475532,0.023815664735566067,19577.61025390625,19011.0601171875,19646.39986593198,19428.68379759476,0.0034836786337267556,0.03232154243785882,160.40116011712365,0.00616890478579175,0.00545429442241069,19953.235559556633,19201.984948255864,0.038239268526056934,0.5911021253276021,60.069447694367,217.7160683372167,249.09052456067036,-31.37445622345365,45.1199742104268,54.718742108827136,38120500,0.9394632676035846,13.69921875,36.150390625,82.951171875,1,HOLD
2023-07-31,19666.349609375,19772.75,19597.599609375,19753.80078125,295100,0.005484562836559181,0.005469577389253641,-0.0012387312879388324,0.004140388590704092,0.0021485768007212247,0.02231848190656449,19599.17275390625,19042.068125,19662.923083673213,19452.766537124782,0.007827760796824576,0.03603016270800726,161.45467658197194,0.005939591265936983,0.005381829323929227,19963.085048404177,19235.26045940832,0.03684478734273234,0.7124523266744418,63.46677071741972,210.15654654843092,241.30372895822248,-31.147182409791554,62.22044505612022,52.4681568672118,38415600,1.0583889247543181,87.451171875,18.94921875,68.75,1,HOLD
2023-08-01,19784.0,19795.599609375,19704.599609375,19733.55078125,298000,-0.0010251191770254131,-0.0010256449710540406,0.0037462239971530753,0.0026905263521430633,-0.0007949273390128742,0.017770425563463865,19616.40029296875,19070.4511328125,19673.78888330041,19473.56537002295,0.005936614731929693,0.0336026524464897,156.42219968325963,0.00591958127266864,0.005373070476282869,19971.396038334522,19261.404547602975,0.03597890205376274,0.6650026652571276,62.39239638648354,200.22351327746583,233.08768582207114,-32.86417254460531,57.37986509698772,54.90676145451158,38117600,1.0553342186808286,50.44921875,11.599609375,28.951171875,1,HOLD
2023-08-02,19655.400390625,19678.25,19423.55078125,19526.55078125,290700,-0.010489749274959825,-0.010545154493387934,-0.006082647415023956,-0.01272859598933096,-0.015458946427387987,0.00660106612624678,19622.80283203125,19094.0221484375,19651.136867600348,19477.49021529903,-0.004929290987411646,0.02215079548139284,167.3920425630268,0.0065299384516132,0.005946892853423952,19966.279888933255,19279.325775129248,0.035180515058688314,0.3598857640598209,52.59170956025398,173.64665230132232,221.19947911792138,-47.552826816599065,18.124267533654788,45.90819256225425,37826900,1.0175364906016977,128.849609375,22.849609375,103.0,1,HOLD
2023-08-03,19463.75,19537.650390625,19296.44921875,19381.650390625,315700,-0.007420685416911321,-0.007448355676119346,-0.018839432205787876,-0.014153174455181161,-0.02990617660500572,-0.00593161032506706,19617.0203125,19115.9471484375,19609.67740960414,19470.39096902688,-0.012143956635852349,0.013709010163346202,172.66412322816774,0.005937924130566988,0.0060779888949635905,19972.44046603483,19261.60015896517,0.03667594310820381,0.1688849527322814,47.02340692666681,139.28644057726342,204.8168714097898,-65.53043083252638,12.252102964512913,29.252078531718478,37511200,1.0959522321738489,82.099609375,73.900390625,85.201171875,1,BUY
2023-08-04,19462.80078125,19538.849609375,19436.44921875,19517.0,280800,0.006983389270114548,0.006959118337332752,-0.010973736234826892,-0.0065687899663359195,-0.011547227146112893,0.00958002934365143,19626.2802734375,19139.864140625,19595.419346588118,19473.843489839703,-0.005599235202003382,0.019323454392324694,171.55948719401292,0.0058364029839956194,0.0059617332543903815,19960.51263933538,19292.04790753962,0.03425038334763319,0.3365205099986845,52.122671923274616,121.57585674841903,188.16866847751567,-66.59281172909664,31.715653920150544,20.697341472772752,37792000,0.9674585264173338,54.19921875,21.849609375,26.3515625,1,HOLD
2023-08-07,19576.849609375,19620.44921875,19524.80078125,19597.30078125,216600,0.004114401867602702,0.004105960861445235,0.003623271759185309,-0.007922525985406659,-0.0038149397309020783,0.01247166940071276,19638.35029296875,19161.8231640625,19595.70879807456,19482.988474388614,-0.002094651308205872,0.02222130598741168,166.69446801944056,0.005979060336266935,0.006015042951536889,19949.27703500826,19327.423550929238,0.031731588498860555,0.43398845102560074,54.896510277043056,112.72032368594955,173.07899951920245,-60.3586758332529,43.26307067926807,29.076942521310514,38008600,0.7529591712582319,20.451171875,23.1484375,52.048828125,1,HOLD
2023-08-08,19627.19921875,19634.400390625,19533.099609375,19570.849609375,260300,-0.0013497354646058168,-0.0013506471779916257,0.009761770279455462,-0.008244900964786916,-0.005576557735960441,0.006761999655781281,19644.92275390625,19181.2671484375,19591.884307505396,19489.49670660983,-0.0037848711736952582,0.01990626205368622,162.02349039305196,0.00597941191534105,0.005965952102463992,19944.084425369714,19345.761082442783,0.030572170083015566,0.37619880553336404,53.79098027622814,102.387600895574,158.94071979447676,-56.55311889890277,39.459338005027455,38.146020868148696,37748300,0.9034586883709599,56.349609375,7.201171875,37.75,1,HOLD
2023-08-09,19578.80078125,19645.5,19467.5,19632.55078125,266500,0.003152707884763739,0.0031477485221408875,0.005920519611108288,0.005428506098567265,-0.007369187151717971,0.012806755466781006,19657.33525390625,19201.241171875,19598.140688081487,19500.09330473132,-0.0012624173461922763,0.02196910702948085,163.1646696506911,0.005819314370699743,0.005947728616973346,19931.79340310764,19382.87710470486,0.027959499736886943,0.4548483571560496,56.016096708570984,98.04738335017464,146.76205250561634,-48.7146691554417,56.87467569166499,46.532361458653504,38014800,0.9349400971776354,53.75,12.94921875,111.30078125,1,HOLD
2023-08-10,19605.55078125,19623.599609375,19495.400390625,19543.099609375,312200,-0.004556268458015711,-0.004566679886024027,-0.0027657467974803174,0.00833000366305714,-0.005941066787179539,0.006662783304359099,19663.802734375,19221.41515625,19589.672829818952,19503.27895692715,-0.006176252867385357,0.016460257561737242,161.30650686314175,0.00569179933684339,0.006055351546724631,19920.518849492026,19407.086619257974,0.026271791092327725,0.2649093339051941,52.09926520728827,86.39387289181468,134.688416582856,-48.294543691041326,43.188533672589976,46.50751578976082,37702600,1.0949199501990248,62.451171875,18.048828125,47.69921875,1,HOLD
2023-08-11,19554.25,19557.75,19412.75,19428.30078125,235500,-0.005874136161590715,-0.005891456761763215,-0.007283732232897799,-0.004544715824665646,-0.011083652507292596,-0.006961548659562,19656.9927734375,19240.226171875,19564.846360808344,19497.725017988105,-0.011771075338107237,0.00968044562890991,160.14175637291734,0.005933873774905447,0.005943241239677101,19930.557553449773,19383.42799342523,0.028161472595306464,0.082014921333578,47.50807213309839,67.12134282025363,121.17500183033553,-54.0536590100819,23.087235468735038,41.05014827766334,37467100,0.8340711882415413,125.94921875,3.5,15.55078125,1,HOLD
2023-08-14,19383.94921875,19465.849609375,19257.900390625,19434.55078125,243900,0.00032169565781225984,0.0003216439248586792,-0.010085291626450221,-0.008304715114425987,-0.01616144677853726,-0.014047594087430504,19643.1478515625,19258.2351953125,19544.80088703014,19493.04544489639,-0.010733310620883922,0.00907227483269669,163.55657511413753,0.005506732764111725,0.005654268239633932,19931.89332513172,19354.402377993276,0.029714653744175815,0.13878728948693092,47.77789303792186,51.75544213375906,107.29108989102025,-55.53564775726119,28.975687269535243,31.75048547028676,37711000,0.8676318878730716,50.6015625,31.298828125,126.048828125,1,HOLD
2023-08-16,19369.0,19482.75,19317.19921875,19465.0,0,0.0015667570139761278,0.0015655309306883672,-0.003996275459678622,-0.005408534196915782,-0.013608842332884397,-0.014392951631074569,19628.9353515625,19275.658203125,19532.52382748704,19490.96800453369,-0.008422057619445195,0.009727294984587721,163.69901840955626,0.005597791408659871,0.005646282281047747,19923.319057131215,19334.551645993786,0.03024749093950316,0.22156177726274187,49.14928301780554,41.55582295335262,94.14403650348673,-52.588213550134114,33.970224994473654,28.677715910914646,37711000,0.0,96.0,17.75,51.80078125,1,HOLD
2023-08-17,19450.55078125,19461.55078125,19326.25,19365.25,268700,-0.005124582584125403,-0.005137758290060533,-0.0032453060079680185,-0.013615183489314342,-0.008260587497351812,-0.023591833945159513,19605.54033203125,19290.983203125,19506.789392489034,19481.65555975342,-0.012408325843004905,0.0038350548985940937,161.91694566601652,0.004829386511473414,0.005601933537024555,19905.603150185652,19305.47751387685,0.030989821267931126,0.09959995458733327,44.98187897889759,25.133832735617034,80.34199574991278,-55.20816301429575,19.964620671117537,27.636844311708813,37442300,1.005463254003888,85.30078125,11.0,39.0,1,HOLD
2023-08-18,19301.75,19373.80078125,19253.599609375,19310.150390625,256100,-0.0028452826260957353,-0.0028493381372506382,-0.0064009913079657865,-0.011919768276586584,-0.0036890563269361687,-0.03348490736192267,19572.09033203125,19302.658203125,19476.537238356104,19468.951473151315,-0.013564883551265389,0.000387992187965425,158.93724753808675,0.004324782125202371,0.005236005314622238,19846.12725136707,19298.05341269543,0.028382681003754788,0.022071803242547306,42.82197040952098,7.585765204792551,65.79074964088873,-58.20498443609618,10.433723477859779,21.45618971448366,37186200,0.9616612218842666,8.400390625,63.650390625,48.150390625,1,HOLD
2023-08-21,19320.650390625,19425.94921875,19296.30078125,19393.599609375,262600,0.0043215209131937105,0.0043122099570484,-0.003668142338813296,-0.0017861146101099123,-0.006322713051442386,-0.017796930393770616,19554.5203125,19317.8391796875,19463.77760312824,19463.369853612327,-0.00829761913034497,0.003906465597592135,156.84518967822342,0.0038817306707447873,0.004831503840563586,19827.01553773011,19282.025087269893,0.028101562445208172,0.2047274810240873,46.97475050215024,0.4077495159181126,52.71414961589461,-52.3064000999765,25.830258302583026,18.742867483853452,37448800,0.9953944999336619,72.94921875,32.349609375,24.349609375,1,HOLD
2023-08-22,19417.099609375,19443.5,19381.30078125,19396.44921875,208700,0.00014693555773015454,0.00014692476375842436,0.0016110930016395297,-0.001960506467520662,-0.010248940134253925,-0.014024780776238255,19540.72529296875,19334.50015625,19453.419390146973,19458.41276954845,-0.007438272468925996,0.003193835211865244,150.08476318335033,0.0035300642759959235,0.0047906680450001135,19815.885215583192,19265.565370354307,0.028372195293193486,0.23783232520175465,47.115998336633034,-4.993379401479615,41.17264381241977,-46.166023213899386,33.639344865491374,23.301108881978063,37657500,0.7997087787868307,20.650390625,26.400390625,15.1484375,1,HOLD
2023-08-23,19439.19921875,19472.05078125,19366.599609375,19444.0,225200,0.0024515199000461063,0.0024485198272942723,0.006931567422695073,-0.0010788594913948568,-0.006481558639857665,-0.012021971589843972,19528.8953125,19351.35015625,19451.970253201285,19457.345156989304,-0.004366144440444391,0.004764958020469107,146.89664951846817,0.0036920433978176437,0.004836875548212329,19799.286475158056,19258.504149841945,0.02781229815450069,0.34301389204848987,49.53186702696235,-5.374903788022493,31.863134292331317,-37.23803808035381,48.58387365252451,36.0178256068663,37882700,0.8875051725157111,4.80078125,28.05078125,72.599609375,1,HOLD
2023-08-24,19535.150390625,19584.44921875,19369.0,19386.69921875,268300,-0.002946964680621278,-0.0029513155310064644,-0.00035580762540154964,0.001107613831476506,-0.012522650023388704,-0.0197995554234488,19509.315234375,19364.7611328125,19441.928555593397,19452.112124527135,-0.006324749470833677,0.0011316050086692356,151.79326160643473,0.0034936414126586885,0.004679365977009741,19760.67392480188,19257.956543948123,0.025931045567960758,0.2560935422264089,46.75976684047573,-10.183568933745846,23.453793647115887,-33.63736258086173,33.96261207158627,38.728610196534056,37614400,1.0524664116897087,148.451171875,49.298828125,17.69921875,1,HOLD
2023-08-25,19297.400390625,19339.55078125,19229.69921875,19265.80078125,466500,-0.006236153774081932,-0.0062556798015631025,-0.0067356883740198326,-0.0022966993253730195,-0.014189091478200133,-0.020045859925258314,19489.61025390625,19374.959140625,19414.831974925182,19438.31128428438,-0.011616930705214495,-0.005665913429419245,152.16517149168936,0.0037041246080841543,0.004693716794922409,19752.19876498699,19227.021742825505,0.027259548052246167,0.07383993736972091,41.48438706953529,-23.479309359208855,14.06717304585094,-37.54648240505979,8.682418150218423,30.409634624776405,37147900,1.783904705454956,31.599609375,42.150390625,36.1015625,1,BUY
2023-08-28,19298.349609375,19366.849609375,19249.69921875,19306.05078125,248200,0.002089194238900971,0.0020870149074536447,-0.007094693414420927,-0.004514315541642833,-0.006292367066809135,-0.01730627716408495,19472.61025390625,19387.3181640625,19398.09640666746,19428.514209985537,-0.00862731972185688,-0.004209425518108937,149.66411571549725,0.0034904356993367114,0.004744317397335114,19736.505715088984,19208.714792723513,0.027338109090547978,0.18442149040771486,43.75928595872794,-30.417803318083315,5.170177773064089,-35.587981091147405,18.362534642303537,20.33585495470275,37396100,0.9510307303241592,7.701171875,60.798828125,48.650390625,1,BUY
2023-08-29,19374.849609375,19377.900390625,19309.099609375,19342.650390625,307400,0.0018957584743610756,0.0018939637920959618,-0.0022721159299978755,-0.002773643130155712,-0.004728711852381107,-0.020813735805985112,19452.052734375,19397.651171875,19389.566250353237,19422.15392706994,-0.005656016189127068,-0.0028434976665172276,144.10593669117603,0.0035724281051677485,0.004555772729619609,19687.66822341377,19216.43724533623,0.024362275518660867,0.267837114196966,45.821860606561295,-32.58767671671012,-2.381393124890753,-30.206283591819368,27.16473296068392,18.069895251068633,37703500,1.1750989124409825,32.19921875,3.05078125,33.55078125,1,BUY
2023-08-30,19433.44921875,19452.80078125,19334.75,19347.44921875,233000,0.0002480956863764039,0.00024806491573087567,0.004237998639509577,-0.004965582249022882,-0.006039084574878006,-0.019565741957947913,19432.74765625,19409.491171875,19383.08670702966,19416.620244972168,-0.004408769163086214,-0.0032067252082447527,142.24485415966345,0.0035128100661175844,0.004564896439359039,19633.655753465267,19231.839559034735,0.020768432566352156,0.28771777075541444,46.10097561016112,-33.5335379425087,-8.611822088414343,-24.92171585409436,29.893344307977607,25.140203970321693,37936500,0.9018947531401773,86.0,19.3515625,12.69921875,1,BUY
2023-08-31,19375.55078125,19388.19921875,19223.650390625,19253.80078125,562600,-0.004840350603388277,-0.004852103039648143,-0.0027064053954910516,-0.006855134853047451,-0.005755113863750827,-0.013968160739473934,19419.11015625,19418.233203125,19363.196564602018,19404.55954395571,-0.008585804791383557,-0.008540257777837328,143.8379951571875,0.003473057500340463,0.0040960259784613455,19629.502003677975,19208.718308822026,0.02185457820181261,0.10713930453816681,41.597233001374285,-41.3629793536893,-15.162053541469334,-26.200925812219964,8.356565563609395,21.804880944090314,37373900,2.0688387144222915,121.75,12.6484375,30.150390625,1,BUY
2023-09-01,19258.150390625,19458.55078125,19255.69921875,19435.30078125,333000,0.009426710188917609,0.009382556025202547,0.004789953225329713,0.008797973254502045,0.006481067629890758,0.002768102279409046,19421.79267578125,19429.8022265625,19374.2895210094,19406.836672644178,0.0006950294014375394,0.0002829158524165592,148.1888526459598,0.004574019367004024,0.0043637095620352295,19631.572861402907,19212.012490159592,0.021587541966321473,0.5321958564108162,51.48882164276649,-32.54715163477522,-18.63907316013051,-13.908078474644707,58.66160700269043,32.303838958092484,37706900,1.2206521141474636,177.150390625,23.25,2.451171875,0,BUY
2023-09-04,19525.05078125,19545.150390625,19432.849609375,19528.80078125,296800,0.004810833701642592,0.004799298621963187,0.009373409406561395,0.01153783352814619,0.006971432565290314,0.0006046411461801959,19422.38271484375,19444.9532421875,19398.060484123336,19415.871051059425,0.005449288340758005,0.004293532408964032,145.6254189748198,0.004619979566798705,0.0042088723377540025,19633.29405570834,19211.47137397916,0.02160002994828952,0.752281517838868,55.655518190467355,-17.810566936084797,-18.47337191532137,0.6628049792365722,84.57632531979277,50.531499295364206,38003700,1.0847754975237986,3.75,16.349609375,92.201171875,0,BUY
2023-09-05,19564.650390625,19587.05078125,19525.75,19574.900390625,256800,0.0023605960187407238,0.002357814188949651,0.016677206387618604,0.012007144590307384,0.009200197926046094,-0.0011430344859753028,19421.2626953125,19463.14125,19425.26662358513,19427.651002138355,0.007848708920433723,0.005709308266954155,139.6022305659041,0.004643267422677654,0.0041371446346497144,19628.65516919808,19213.87022142692,0.021189632615949854,0.8704032562830457,57.5896762191296,-2.384378553222632,-15.255573242901622,12.87119468967899,96.65647287717469,79.9648017332193,38260500,0.9317344846978541,10.25,12.150390625,38.900390625,0,BUY
2023-09-06,19581.19921875,19636.44921875,19491.5,19611.05078125,287600,0.0018467726478093027,0.0018450694598145603,0.009042823776082454,0.013624615809537222,0.008591379410100908,0.0020541352407992264,19423.27275390625,19481.53828125,19453.848801687418,19441.23617096144,0.009575113003291115,0.006604057143323845,139.98415829333953,0.004625092654709419,0.0041459864810868986,19637.104770740014,19209.440737072488,0.02180729826452814,0.9390783712450137,59.096335397566456,12.612630725980125,-9.681932449125274,22.2945631751054,93.84726027073191,91.69335282256647,38548100,1.0383421185645136,29.8515625,25.3984375,89.69921875,0,BUY
2023-09-07,19598.650390625,19737.0,19550.05078125,19727.05078125,304900,0.005915032360780392,0.005897607236551244,0.010151673019796581,0.024579562517384357,0.01755593144865153,0.0048134346398966965,19427.99775390625,19499.7312890625,19495.879875466275,19462.40762357541,0.015159540605430595,0.011523237543625164,143.33880546881528,0.004662303080211482,0.004295955497446408,19663.224428322203,19192.771079490296,0.023848133917668986,1.1356698875353675,63.56879703086478,33.47225189087476,-1.0510955811252671,34.523347472000026,98.06190195369719,96.18854503386792,38853000,1.0932233775546751,128.400390625,9.94921875,48.599609375,0,BUY
2023-09-08,19774.80078125,19867.150390625,19727.05078125,19819.94921875,288100,0.004709190366575022,0.004698136818212182,0.012518522354390216,0.019791226378708116,0.02876332231356371,0.014166105423839337,19441.840234375,19516.68828125,19545.736697509925,19488.892186180936,0.01907719238842974,0.015300792860413054,143.10743431925704,0.003780000505109604,0.004249841125481712,19729.313074877966,19154.36739387203,0.029008433606985556,1.15764296848408,66.70826421521946,56.84451132899994,10.528025800899774,46.316485528100166,92.66493055555556,94.85803092666157,39141100,1.0374691658114081,45.1484375,47.201171875,47.75,0,BUY
2023-09-11,19890.0,20008.150390625,19865.349609375,19996.349609375,248800,0.008900143420050854,0.008860770587058942,0.019647026180432015,0.02394150226438385,0.035755568860070364,0.029238214629311088,19470.24267578125,19532.8342578125,19615.061760873785,19526.481624936052,0.02631014879571281,0.023179998380563737,146.3284155732387,0.004216819919210204,0.004328070774776295,19845.573603563524,19094.911747998976,0.037539944551310024,1.20085742294296,71.69602566324248,88.58013593774012,26.138447828267843,62.44168810947228,98.49575764818356,96.40753005247878,39389900,0.8938065814053712,106.349609375,11.80078125,24.650390625,0,BUY
2023-09-12,20110.150390625,20110.349609375,19914.650390625,19993.19921875,328100,-0.0001575482868895195,-0.00015756069892455075,0.013491547238929646,0.02136914210431118,0.03363286907363583,0.02874511707463645,19498.17509765625,19546.2472265625,19673.2367543932,19561.0532985519,0.024759625294460443,0.022355201251050397,149.8549015144359,0.004352886844698247,0.0043359708923032415,19936.5748598396,19059.775335472903,0.043854888593538165,1.06458073634362,71.49002707518565,112.1834558413102,43.347449430876324,68.83600641043388,86.78803497874402,92.64957439416105,39061800,1.161128216017266,116.951171875,0.19921875,78.548828125,0,HOLD
2023-09-13,19989.5,20096.900390625,19944.099609375,20070.0,251400,0.003841345269944396,0.003833986143147051,0.012616116140875322,0.02340258173156129,0.037346048726142334,0.031081428204469574,19528.42509765625,19559.8672265625,19734.277253717326,19598.75305421472,0.026984300066953126,0.02541767680306432,150.06532149554764,0.0042171433116543824,0.00436953258922069,20032.122157256177,19024.728038056324,0.05019402686596178,1.037599825153705,73.48974603691428,135.5241995026081,61.78279944522268,73.74140005738542,95.44945923919029,93.57775062203932,39313200,0.8517991461679174,80.5,26.900390625,45.400390625,0,HOLD
2023-09-14,20127.94921875,20167.650390625,20043.44921875,20103.099609375,275100,0.001649208239910216,0.0016478497893743786,0.005338474375840674,0.019062597460458797,0.04411071028386648,0.03810173425982111,19565.317578125,19573.95921875,19791.01915458774,19636.11205830067,0.02675119965078461,0.026321333570781247,148.2178822369371,0.003115525044619991,0.004078543933160208,20121.187566318178,19009.44758993182,0.05530191850951692,0.9837300471977668,74.32557012328697,154.9070962870719,80.40765881359253,74.49943747347938,93.16199351165254,91.79982924319563,39588300,0.9310905029445579,24.849609375,39.701171875,59.650390625,0,HOLD
2023-09-15,20156.44921875,20222.44921875,20129.69921875,20192.349609375,438200,0.004439613877174287,0.004429787863222843,0.009960906628601718,0.01878916976602052,0.03895225685703596,0.04568577669795393,19609.4275390625,19587.8601953125,19852.762301478087,19677.314839861734,0.02886846164954758,0.02993655645610677,146.15586274679873,0.0025584107970062983,0.003957906984136514,20215.084590607046,19003.770487517955,0.059988764384640826,0.9812311429586688,76.47898219996289,175.44746161635703,99.41561937414545,76.03184224221158,96.9864192340409,95.19929066162793,40026500,1.438773332457763,35.900390625,30.099609375,26.75,1,HOLD
2023-09-18,20155.94921875,20195.349609375,20115.69921875,20133.30078125,264900,-0.002924316846098174,-0.0029286010148227575,0.0031540000622820585,0.006848808635091741,0.030954281666921046,0.038141509919459304,19646.41259765625,19603.8901953125,19895.922067596843,19711.091576260867,0.02418322702689593,0.02629527029321181,141.40547188095596,0.003293228639742313,0.004087204881983359,20284.316337712913,19008.508857599587,0.06336802365270759,0.8816313912422112,72.16629006205332,184.83049133597888,116.49859376651214,68.33189756946673,91.07443511248863,93.7409492860607,39761600,0.8694367861362713,22.6484375,39.400390625,17.6015625,1,HOLD
2023-09-20,19980.75,20050.650390625,19878.849609375,19901.400390625,378100,-0.011518249945432046,-0.011585098803333688,-0.010033239782383574,-0.00459150269652242,0.01667952293419428,0.026033175772546935,19671.66015625,19614.8001953125,19896.76488652425,19725.188525473026,0.011543923033839583,0.014401006446134861,149.48016473767342,0.0056796591288922746,0.005063467056711567,20307.961061068054,19035.359251431946,0.0639453397578793,0.6805279802643155,58.26929245929211,171.57636105122947,127.51414722345561,44.06221382777386,67.85650732813829,85.30578722488927,39383500,1.2074085901325204,79.349609375,69.900390625,22.55078125,1,HOLD
2023-09-21,19840.55078125,19848.75,19709.94921875,19742.349609375,275100,-0.007991939166498319,-0.00802404589005525,-0.022285668023055205,-0.01632538069880418,0.006695144976654355,0.015344044917455335,19686.57763671875,19620.8591796875,19873.00869003975,19726.459716873174,0.0028249916428268345,0.006153797906091553,152.47809381891102,0.006446108981744462,0.005461129597254268,20314.767327008238,19058.387946429262,0.0636387970752155,0.5443910283134417,51.01341396295523,146.5489731665839,131.32111241208128,15.227860754502615,50.3388043056633,69.75658224876342,39108400,0.8715487335455944,98.201171875,8.19921875,32.400390625,1,HOLD
2023-09-22,19744.849609375,19798.650390625,19657.5,19674.25,246400,-0.003449417659114995,-0.0034553806166447805,-0.022800572357092652,-0.02133251178713791,-0.00267656741169775,0.014832374402956372,19700.95517578125,19626.6581640625,19842.430430033633,19722.592330438125,-0.0013573669024868268,0.002418991114654898,151.6689721622031,0.006280172855414911,0.005480279028286213,20314.01342218265,19087.896929379855,0.06232087590646626,0.4782197075575715,48.243401787203176,119.83809959551581,129.0245098487682,-9.186410253252376,30.572506338507203,49.589272657436275,38862000,0.783341281195356,70.599609375,53.80078125,16.75,1,HOLD
2023-09-25,19678.19921875,19734.150390625,19601.55078125,19674.55078125,188400,1.5288066889551644e-05,1.5287950028248088e-05,-0.011398675717406381,-0.02564331730293501,-0.007335964179083332,0.021216351432316705,19721.39267578125,19631.8741796875,19816.602791759226,19719.03369716493,-0.002380836800395572,0.002169127114361919,150.30687482026002,0.006039102458592904,0.00523352583763283,20301.424758385223,19141.36059317728,0.05896267610407111,0.45962128997983953,48.256765947656596,97.56909459430244,122.73342679787505,-25.164332203572613,25.042886229912945,35.31806562469449,39050400,0.6266526967020885,3.6484375,55.951171875,73.0,1,HOLD
2023-09-26,19682.80078125,19699.349609375,19637.44921875,19664.69921875,204900,-0.0005007261720755274,-0.0005008515772894238,-0.003933188914257979,-0.023274949676230228,-0.016585546717462374,0.01857699648486988,19739.32509765625,19633.8781640625,19793.233011296266,19715.00892098605,-0.0037949158579091754,0.0015673290674140686,143.99212594917,0.005021153836521488,0.005238844716530354,20288.22580049435,19190.424394818147,0.0558259952753036,0.43202242361794585,47.82121833840284,78.22409031022835,113.83155950034572,-35.60746919011737,23.6951096337703,26.436834067396827,38845500,0.6864781559903488,18.1015625,16.548828125,27.25,1,HOLD
2023-09-27,19637.05078125,19730.69921875,19554.0,19716.44921875,203600,0.002631619198663282,0.002628162551917123,0.0021448959299592563,-0.009293374749755112,-0.013842206891054198,0.019325109050524647,19758.0150390625,19633.9781640625,19781.420120135303,19715.115609709304,-0.0021081798173359823,0.004182855329197454,146.32834686351498,0.0051885423369995975,0.00524853129216661,20276.213092382437,19239.81698574256,0.052565048358417514,0.45989388608596776,50.355964194849136,66.30451042600544,104.32614968547767,-38.02163925947224,24.7469994306761,24.494998431453126,39049100,0.6941934603975564,79.3984375,14.25,83.05078125,1,HOLD
2023-09-28,19761.80078125,19766.650390625,19492.099609375,19523.55078125,352800,-0.009783629666773708,-0.009831803841213342,-0.0076748893369349425,-0.011082714694764628,-0.027227165857000468,0.009102055806371467,19766.8201171875,19629.4641796875,19741.747914152947,19700.92562241602,-0.012460301850989697,-0.005424904497352871,155.48709217683535,0.005447350558674868,0.005774235430748561,20262.300635409927,19271.339598965074,0.050757213559561636,0.25451170430423553,42.13874101727506,40.82229173693122,91.62537809576838,-50.80308635883716,4.306317340528802,17.582808801658413,38696300,1.1788291900561307,238.25,4.849609375,31.451171875,1,BUY
2023-09-29,19581.19921875,19726.25,19551.05078125,19638.30078125,243500,0.005877516917168757,0.005860311697675281,-0.001342427728303619,-0.0018272218127756146,-0.023120754369054808,0.01997008301729397,19786.0451171875,19625.5671875,19725.832970629417,19696.28674529261,-0.007523274930108041,0.0006484060862412743,158.8593869320614,0.0059656309040551185,0.00575286258728018,20227.27999519555,19344.81023917945,0.04493615643460626,0.33257858421707054,47.61506625758731,29.546225336809584,79.20954754397663,-49.66332220716704,20.017970845512234,16.357095872239057,38939800,0.859437042265946,57.1015625,87.94921875,30.1484375,1,HOLD
2023-10-03,19622.400390625,19623.19921875,19479.650390625,19528.75,221700,-0.005578424654468894,-0.005594042173129665,-0.009519930118629172,-0.007410628220744453,-0.032863912432800846,0.004808220865825552,19790.717578125,19616.5591796875,19695.512513609505,19683.876616011672,-0.013414457050502501,-0.004496405539909183,158.84445862441413,0.005529507839411979,0.005572341319777624,20218.779171395396,19362.655984854606,0.043839118558063876,0.1940071449487447,43.39261499660817,11.635897597836447,65.6948175547486,-54.05891995691215,6.6100816958663,10.311456627302455,38718100,0.7981710829493059,93.650390625,0.798828125,49.099609375,1,BUY
2023-10-04,19446.30078125,19457.80078125,19333.599609375,19436.099609375,277100,-0.004744307271330683,-0.004755597219883326,-0.004479265726549442,-0.011624871900254297,-0.03462925326801347,-0.00474689526066574,19786.08251953125,19610.381171875,19655.602836034966,19665.522763668214,-0.01800684896610819,-0.008966900046958784,161.43773948159884,0.0055448860542758405,0.005570762055114218,20227.19644088892,19344.96859817358,0.04539119784556984,0.10329645788647182,40.149814337220455,-9.919927633247426,50.5718685171494,-60.49179615039682,11.531759582149505,12.719937374509357,38441000,1.0011742390027965,10.201171875,11.5,102.5,1,BUY
2023-10-05,19521.849609375,19576.94921875,19487.30078125,19545.75,234900,0.005641584105285702,0.005625729970019748,-0.004712769311404186,-0.008657705901104595,-0.01787062134544748,-0.001489171849832771,19784.625,19607.8491796875,19638.702399721893,19656.650707100198,-0.012221326886919152,-0.003177119306626693,159.96715875969895,0.00544351969413942,0.005697715491207448,20228.703101056308,19340.546898943692,0.04543986299387926,0.23104393187591296,45.35463065052795,-17.94830737830489,36.867833338058546,-54.816140716363435,23.86797365801565,14.003271645343828,38675900,0.85207486941381,23.900390625,31.19921875,34.548828125,1,BUY
2023-10-06,19621.19921875,19675.75,19589.400390625,19653.5,159100,0.0055127073660514725,0.005497568008546022,0.006388017666261181,0.006656023804583855,-0.0045004577030085535,0.002164556056862832,19786.7474609375,19607.3071875,19640.978953610833,19656.417321389075,-0.006779833665123186,0.0023503606227899005,157.82664741972047,0.0054085083103765415,0.005819910158275778,20227.88291827245,19345.612003602546,0.04489128728572037,0.3489721708805271,49.95984967282794,-15.438367778238899,26.40659311479906,-41.84496089303796,35.99038434071427,23.796705860293155,38835000,0.5908896770719185,32.30078125,22.25,31.798828125,1,HOLD
2023-10-09,19539.44921875,19588.94921875,19480.5,19512.349609375,165100,-0.00718194675884698,-0.007207861089913015,0.003923112225830527,-0.0064135473469911775,-0.00822905018615705,-0.010883591990297314,19776.01240234375,19601.9881640625,19621.189823728397,19645.74563901766,-0.013512611153813508,-0.004593939555307619,158.91045831831187,0.005757008419318974,0.005870650155640164,20232.61466171327,19319.41014297423,0.046801361036513854,0.21127738906392146,44.65124936124086,-24.555815289262682,16.214111433986712,-40.7699267232494,20.74267478967218,26.86701092946738,38669900,0.6295159476102392,27.099609375,49.5,31.849609375,1,BUY
2023-10-10,19565.599609375,19717.80078125,19565.44921875,19689.849609375,216600,0.00909680297624016,0.0090556762901256,0.007372426710410274,0.008249355917557377,0.0007775947870474198,-0.006564073799539494,19769.507421875,19602.5871484375,19631.75286767403,19649.01259978487,-0.0040456282846403095,0.004431850048054862,162.23479500093245,0.006561870576512708,0.0061520009007521945,20227.126347170935,19311.888496579068,0.046482724284297845,0.41296490584507495,51.61398235434384,-17.25973211084056,9.519342725021259,-26.77907483586182,49.68267371230899,35.471910947565156,38886500,0.8372956047779163,124.25,27.951171875,0.150390625,1,BUY
2023-10-11,19767.0,19839.19921875,19756.94921875,19811.349609375,213700,0.006170692128707245,0.00615173136873013,0.008031628431322657,0.019306857216300655,0.00745754557411038,-0.009251688613869047,19760.257421875,19605.893125,19659.383135628024,19661.037563458212,0.002578935231945078,0.010370645535313581,161.31442459908016,0.006828074322585394,0.0059643175130877895,20206.498958393066,19314.015885356937,0.045049079978569107,0.5572472341975421,55.720184499398016,-1.6544278301880695,7.284588613979394,-8.939016444167464,92.73990832470797,54.38841894222973,39100200,0.8317278689162597,44.349609375,27.849609375,10.05078125,1,HOLD
2023-10-12,19822.69921875,19843.30078125,19772.650390625,19794.0,217900,-0.0008757409120068171,-0.0008761245971014768,0.014434468234910902,0.012700970799278677,0.003933303628335327,-0.009963348865307475,19750.2974609375,19606.697109375,19680.093422454484,19670.88663283168,0.00220786799345754,0.009462609408153994,154.83842217236014,0.006811557300910678,0.005964640617849486,20184.014006386173,19316.58091548883,0.04382303177211996,0.5503814524953605,55.00239001982593,9.206789622799988,7.669028815743514,1.5377608070564746,90.32751267401626,77.58336490367775,38882300,0.8666600377846242,28.69921875,20.6015625,21.349609375,1,HOLD
2023-10-13,19654.55078125,19805.400390625,19635.30078125,19751.05078125,255000,-0.0021698099802970328,-0.002172167428733089,0.00310825999635167,0.004963532258885239,0.011652593452338822,-0.015891839499252658,19734.35,19607.047109375,19691.009939192256,19676.824717899704,0.0008455641897217835,0.007290937250371847,155.92850697254872,0.005911104809607443,0.005886170574175342,20142.579012389135,19326.120987610862,0.0413374475019501,0.5204551621058737,53.176162789786844,14.185221292551432,8.972267311105098,5.212953981446335,81.90115991677109,88.32286030516512,38627300,1.0134933725482362,96.5,54.349609375,19.25,1,HOLD
2023-10-16,19737.25,19781.30078125,19691.849609375,19731.75,181000,-0.0009772027556287366,-0.0009776805295215437,-0.0040178791927094615,0.011244180993947861,0.004758518559773828,-0.018472256348062044,19715.78251953125,19611.15109375,19697.277640854987,19680.89325731454,0.000809227791186756,0.006111921459069833,151.18012589415235,0.005698818241908081,0.0058582559232606395,20087.371026282377,19344.194012780124,0.03766401933443574,0.5214854337232262,52.33521016803732,16.384383540447743,10.454690556973627,5.929692983474116,78.11447424386992,83.44771561155244,38446300,0.7330903199675953,5.5,44.05078125,39.900390625,1,HOLD
2023-10-17,19843.19921875,19849.75,19775.650390625,19811.5,185800,0.004041709427698992,0.004033563661320618,0.0008841062948368172,0.006178330106039853,0.014478653267618213,-0.01886108435831446,19696.7400390625,19619.7480859375,19714.850311492683,19690.567830846798,0.005792593238144475,0.009678818568129665,148.81011690171292,0.0053627707481114645,0.00583975871685783,20001.75919106602,19391.720887058982,0.03079213103536014,0.6881192708441588,55.46891641357315,24.282480645888427,13.220248574756587,11.06223207113184,92.58936916550938,84.20166777538348,38632100,0.7930681236127677,31.69921875,6.55078125,35.849609375,1,HOLD
2023-10-18,19820.44921875,19840.94921875,19659.94921875,19671.099609375,198900,-0.007086812741337156,-0.007112043473065063,-0.0040479452339264865,-0.007079275403510721,0.012090903253379581,-0.02295704896563433,19673.62998046875,19622.830078125,19708.119434243807,19689.125740367403,-0.00012863394238243358,0.0024538298421810313,151.1093942658763,0.00570379576041757,0.005986698906684096,19903.66218225617,19443.597778681335,0.02338783355840325,0.49449996332125623,49.32116579909469,18.993693876403995,14.37493763508607,4.618756241317925,65.38791912785835,78.69725417907922,38433200,0.8611135163217558,149.349609375,20.5,11.150390625,1,HOLD
2023-10-19,19545.19921875,19681.80078125,19512.349609375,19624.69921875,230300,-0.0023588102112444,-0.002361596586600212,-0.0054253059789425295,-0.008553136367080882,0.004039201296957229,-0.01390360308540628,19659.794921875,19623.378046875,19695.28555493707,19684.353405432783,-0.0017883434917294711,6.732189167702993e-05,152.41952123795656,0.005573863517992549,0.005480192808675438,19865.348200647,19454.241643103,0.02094842590765507,0.4146311279122364,47.44946724662902,10.932149504289555,13.686380008926768,-2.7542305046372135,56.398215454707135,71.4585012493583,38202900,1.0300102866854466,79.5,57.1015625,32.849609375,1,HOLD
2023-10-20,19542.150390625,19593.80078125,19518.69921875,19542.650390625,198300,-0.004180896084593599,-0.004189660467809165,-0.013570381312621449,-0.01055135713705102,-0.00564019687969064,-0.010115271115205493,19649.8099609375,19622.8140625,19671.803221965984,19673.856885817393,-0.005483369357306066,-0.004101985670963933,149.1038411495311,0.005430290461306503,0.0052751932481281865,19857.73991450104,19441.88000737396,0.02127960633868661,0.2423181016582235,44.251555037647606,-2.0536638514095102,10.538371236859513,-12.592035088269023,40.50191282367587,54.096015802080466,38004600,0.9023890784982894,0.5,51.150390625,23.451171875,1,HOLD
2023-10-23,19521.599609375,19556.849609375,19257.849609375,19281.75,176000,-0.013350307425555652,-0.01344022395196905,-0.019792976351430847,-0.02280588391805083,-0.011818136410604585,-0.019949934559131854,19630.1849609375,19615.798046875,19611.795033971215,19644.8119313124,-0.018070712509886216,-0.01732457099977955,159.8107096388503,0.006510040248295984,0.005983990791545467,19892.231649441892,19368.138272433105,0.02718079930549804,-0.16483374189155603,35.953700412657795,-33.0168973411819,1.8273175212512305,-34.844214862433134,4.037907560723702,33.646011946368915,37828600,0.8139481108079323,239.849609375,35.25,23.900390625,1,HOLD
2023-10-25,19286.44921875,19347.30078125,19074.150390625,19122.150390625,225300,-0.008277236732921023,-0.008311683270009834,-0.025607976077658856,-0.03479542737172858,-0.028832074902171878,-0.02807689978626815,19602.56494140625,19607.3790625,19536.46508884103,19606.09626163185,-0.02512345844831251,-0.025375214709789793,167.906401137861,0.005738552898995642,0.006194263521605989,19944.388236055118,19260.741646757382,0.035751553843698804,-0.20272353918205732,32.000605359237966,-69.63117279082508,-12.464380541164031,-57.16679224966104,6.188760208205848,16.909526864201823,37603300,1.0331308036226021,164.298828125,60.8515625,48.0,0,HOLD
2023-10-26,19027.25,19041.69921875,18837.849609375,18857.25,300400,-0.013853064912347501,-0.013949914095014037,-0.035072028456989646,-0.0413728579253968,-0.04815924347342326,-0.041060847652330645,19562.19248046875,19595.958046875,19431.97045978856,19550.626168177638,-0.03738310095420867,-0.03917368899892609,176.2202854315852,0.00571273458390688,0.006783263173087811,20031.926619156235,19092.45834178127,0.04982000436834461,-0.2503632612675649,26.744504644798695,-118.65570838908025,-33.70264611074728,-84.95306227833296,1.9172233556523637,4.047963708193985,37302900,1.347991922818033,170.0,14.44921875,19.400390625,0,BUY
2023-10-27,18928.75,19076.150390625,18926.650390625,19047.25,205200,0.010075700327460302,0.010025278863763394,-0.012161759176423259,-0.029424614987132558,-0.03772607860967969,-0.033941163103222594,19528.73251953125,19588.21203125,19372.782696744165,19513.339044608925,-0.02527832204288028,-0.028401056911102705,179.26886437397198,0.007378607842331615,0.007243568966695362,20042.97566093611,19014.489378126393,0.05399657603117077,0.031853241429799964,34.99209935107994,-140.55634786476367,-55.07338646155056,-85.4829614032131,20.693775055829743,9.599919539896,37508100,0.9204683084376221,118.5,28.900390625,2.099609375,0,BUY
2023-10-30,19053.400390625,19158.5,18940.0,19140.900390625,180100,0.004916740769664862,0.004904693073893485,0.0009805382562617648,-0.020557600528571474,-0.0308920470805647,-0.019599426093766192,19509.6,19581.7300390625,19337.108495802753,19485.750996165672,-0.01926239632674665,-0.023030768638940942,182.07108834725972,0.00787746859770324,0.007125010997007952,20050.949404015137,18968.25059598486,0.05656467490738158,0.15946244085562178,38.65803997099934,-148.6425003629156,-73.78720924182358,-74.85529112109202,29.948677167998795,17.51989185982698,37688200,0.8404302480225818,87.5,17.599609375,113.400390625,0,BUY
2023-10-31,19232.94921875,19233.69921875,19056.44921875,19079.599609375,206000,-0.0032026069828995363,-0.003207746304394414,0.011791200168370208,-0.010484027156508091,-0.03305081356823392,-0.02844956791824016,19481.66494140625,19576.01703125,19297.491744044637,19455.665708255252,-0.02107304871501018,-0.026018230572882693,181.726724893884,0.00784203266533294,0.006953277389090828,20050.527838949805,18912.80204386269,0.05963048587917315,0.14660612094093395,37.18005370913438,-158.1739642106113,-90.66456023558112,-67.50940397503018,23.8906914395678,24.844381221132128,37482200,0.9697768571697535,153.349609375,0.75,23.150390625,0,BUY
2023-11-01,19064.05078125,19096.05078125,18973.69921875,18989.150390625,194100,-0.004740624572936891,-0.004751896973195711,-0.0030502885915290046,-0.006955284697750641,-0.041508699965928875,-0.02763103677270695,19454.6849609375,19569.59703125,19250.054612749307,19421.10901806042,-0.024515818808951786,-0.030567278086942092,177.48564186574944,0.007404615636854224,0.0069293830762011495,20061.944406985862,18847.425514889135,0.06395856934685916,0.11669219528654383,35.050686375531896,-171.05440531110798,-106.74252925068649,-64.3118760604215,14.952141796936072,22.93050346816757,37288100,0.9197308567096242,74.900390625,32.0,15.451171875,0,BUY
2023-11-02,19120.0,19175.25,19064.150390625,19133.25,245600,0.007588523257266999,0.007559875254064636,-0.0003996881269361374,0.01463628047567922,-0.02734212220239418,-0.015581809903305932,19439.54248046875,19564.3900390625,19232.08467232634,19399.786127833722,-0.01600838751747612,-0.022533549661583815,178.10092525926734,0.008183479520538843,0.007158917113608037,20062.793521157826,18816.291439779674,0.06514847615424207,0.254278404308509,40.86170223898416,-167.7014555073838,-118.93431450202596,-48.76714100535784,29.192635299067927,22.67848951185728,37533700,1.1725109206788669,13.25,42.0,55.849609375,0,BUY
2023-11-03,19241.0,19276.25,19210.900390625,19230.599609375,189500,0.005087980838331285,0.005075080802081226,0.00791421220001931,0.009626040996731922,-0.020081816540579944,-0.016123729743038773,19423.7849609375,19561.073046875,19231.856201103055,19387.253793133077,-0.010045726887700477,-0.017184770325044545,175.59371631217684,0.008552352512152873,0.007133886815189445,20051.41867519135,18796.15124668365,0.06527448202373018,0.3461002435214054,44.47592502953858,-155.39759203002177,-126.22697000762513,-29.170622022396643,38.81310884339298,27.652628646465672,37723200,0.9145973599748985,10.400390625,35.25,19.69921875,0,BUY
2023-11-06,19345.849609375,19423.0,19309.69921875,19411.75,180700,0.00941990339899168,0.009375812778954773,0.02225479290445964,0.01415030661293537,-0.006698190266341553,-0.012300608034192417,19411.6974609375,19560.428046875,19259.532170164126,19389.06832697507,2.7065598156131e-06,-0.00765917791414995,176.79419304880707,0.00922116921571749,0.007365264108537292,20030.41776678315,18792.97715509185,0.06374698889545258,0.5000424578452528,50.53409935873308,-129.53615681094743,-126.8888073682896,-2.647349442657827,56.7151071332753,41.57361709191208,37903900,0.8676029288200655,65.900390625,11.25,36.150390625,0,HOLD
2023-11-07,19404.05078125,19423.5,19329.099609375,19406.69921875,198700,-0.000260191958478706,-0.0002602258142791332,0.01429183326146899,0.01714394515984896,0.0064801804167153865,-0.005414539650019368,19406.41494140625,19560.828046875,19282.173254561952,19390.3743189584,1.464841292932481e-05,-0.00794204240441303,170.90892144710656,0.008072977490041312,0.007200124735721384,20023.40928684494,18789.420595967556,0.0635857070266309,0.5002303727297931,50.36908245193535,-108.20106439644951,-123.1512587739216,14.950194377472087,56.70918461721188,50.74580019796007,37705200,0.9463932747493465,2.6484375,16.80078125,74.951171875,0,BUY
2023-11-08,19449.599609375,19464.400390625,19401.5,19443.5,195000,0.0018962926582819506,0.0018944969651071763,0.011070917961456095,0.023926800305890117,0.01680509790010576,-0.012511502843460254,19394.0974609375,19564.38203125,19306.992753860115,19394.30955459111,0.0025408254204489556,-0.006217092151618755,163.19402638838466,0.0074352404767393954,0.006881295122150623,19997.65620631014,18790.53871556486,0.06208334357215936,0.5409260402907897,51.6089968403276,-87.31680073099778,-115.98436716533685,28.667566434339065,71.76367671596819,61.7293228221518,37900200,0.9335727109515216,6.099609375,14.80078125,42.0,0,BUY
2023-11-09,19457.400390625,19463.900390625,19378.349609375,19395.30078125,208400,-0.002478937369815082,-0.0024820150223140987,-0.0008473846381701344,0.013696093515215724,0.028532833857004558,-0.021000529309124882,19373.29501953125,19566.16703125,19320.57860422779,19394.382978788064,0.0011345924441667928,-0.008809672607149278,157.64808030707147,0.005378311615881124,0.006702403843391225,19945.77437406097,18800.815665001533,0.05903278953870624,0.5192196989674035,49.85231789919655,-73.80437456027721,-107.54836864432492,33.74399408404771,73.7416902856759,67.40485053961868,37691800,0.9989933368486602,62.099609375,6.5,16.951171875,0,BUY
2023-11-10,19351.849609375,19451.30078125,19329.44921875,19425.349609375,152200,0.001549283945833313,0.0015480850435944918,0.000961028478608128,0.010127089324092564,0.019850614097835617,-0.018624350339749407,19354.8625,19567.821015625,19336.697220404283,19396.676803275986,0.0036286147118290454,-0.007334303326064193,155.09118617799496,0.004740029847466567,0.006727406471641012,19894.7856243466,18814.939375653397,0.055589539977805705,0.5652751347330573,50.97272778531299,-59.979582871703315,-98.03461148980061,38.055028618097296,81.71070931849792,75.73869210671403,37844000,0.7412638499939085,73.5,25.951171875,22.400390625,0,BUY
2023-11-13,19486.75,19494.400390625,19414.75,19443.55078125,189300,0.0009369804014345284,0.0009365417093074231,2.6117339984033094e-06,0.0016382233054721418,0.015811711280480534,-0.015568791929385095,19339.4875,19569.743046875,19353.13622976516,19400.14894979258,0.005352071873124742,-0.006490186234228882,149.70255792420963,0.004631675095758606,0.006732847171456808,19850.125834940143,18828.849165059855,0.052525214214737756,0.6018952888266771,51.67699344098081,-47.012720027418254,-87.83023319732415,40.817513169905894,92.25503786954789,82.56914582457392,38033300,0.9369431795683977,43.19921875,7.650390625,28.80078125,0,BUY
2023-11-15,19651.400390625,19693.19921875,19579.650390625,19675.44921875,291500,0.011926753508604282,0.011856190289938534,0.014444139880049,0.013848310677188502,0.031229670515843688,-0.0028533090704068176,19336.6724609375,19578.176015625,19402.722843455136,19420.541562307943,0.0172182476773977,0.004943887280210289,156.84154932248038,0.0053163712403223,0.007305165648923496,19839.186035721894,18834.15888615311,0.05108026446537393,0.8370821951994196,59.633203177904065,-17.81871885280634,-73.82793032842059,56.00921147561425,97.92482514688119,90.630190778309,38324800,1.4043793510466533,24.048828125,17.75,71.75,0,BUY
2023-11-16,19674.69921875,19875.25,19627.0,19765.19921875,282700,0.004561522280999375,0.004551150068331243,0.017495160509800156,0.01654533488055132,0.04086801211012259,-0.0023370659086894285,19334.357421875,19584.773984375,19458.488439654346,19446.071759081427,0.021797999205911748,0.009128429841670569,163.37072437087463,0.004552406288108711,0.0073216483420545,19828.45584656483,18840.25899718517,0.0499968069354049,0.935987826863165,62.225430689027576,12.416680572918267,-56.57900814815282,68.99568872107109,88.39860567489494,92.85948956377469,38607500,1.3309166235111278,90.5,110.05078125,47.69921875,0,HOLD
2023-11-17,19674.75,19806.0,19667.44921875,19731.80078125,236800,-0.0016897597201204206,-0.0016911889743673853,0.014824967067124772,0.017349563370798737,0.03128327812838916,0.0030858047125170707,19337.39248046875,19588.833984375,19500.536492207524,19467.23687183465,0.019988459500160528,0.007245501739043157,161.59787129081215,0.004688403373361542,0.007147644718187252,19840.393068512243,18834.391892425254,0.05098374888534931,0.8920555066490845,60.66423295256923,33.29962037286896,-38.603282443948466,71.90290281681743,84.66193865276664,90.32845649151427,38370700,1.104967219616896,57.05078125,74.19921875,7.30078125,0,HOLD
2023-11-20,19731.150390625,19756.44921875,19670.5,19694.0,173800,-0.0019157289123818977,-0.0019175662679732529,0.0009428390195189706,0.013829887030467836,0.024097032855860068,0.003531304122296408,19340.85751953125,19591.2159765625,19530.30010879098,19484.03414058764,0.01793147560011925,0.005219052677846037,156.1943961093256,0.004876931313807797,0.007140049509481676,19852.60581490132,18829.109224161184,0.05196997007921878,0.8450353266077134,58.864119153825065,46.26596820333725,-21.62943231449132,67.89540051782858,79.89575254444382,84.31876562403515,38196900,0.8218271231322073,37.150390625,25.298828125,23.5,0,BUY
2023-11-21,19770.900390625,19829.099609375,19754.05078125,19783.400390625,195000,0.0045394734754240496,0.004529201141300913,0.0009208696392866145,0.01747878323247054,0.0191456406879853,0.012319209277544596,19352.89501953125,19594.66296875,19569.23861368852,19506.209418368184,0.021760939100123496,0.009540191177874574,154.68762562830236,0.004306635468361124,0.0071246546175159015,19893.57188992197,18812.21814914053,0.05465964998079252,0.8981170590687083,61.754598056702285,63.02919532033047,-4.697706787526961,67.72690210785743,89.81204261753835,84.78991127158295,38391900,0.9227929867732962,12.5,45.69921875,16.849609375,0,BUY
2023-11-22,19784.0,19825.55078125,19703.849609375,19811.849609375,184500,0.0014380348265852216,0.0014370018446946907,0.004056843519374409,0.006932517225325396,0.020876831554825115,0.027492297606545035,19379.4,19596.3589453125,19606.56338225567,19528.849432516836,0.021827826169766737,0.01087685745204379,152.33145036020935,0.004244738650367434,0.006318432759017116,19954.41040213532,18804.389597864683,0.05804711962513811,0.8760363358368893,62.653908771704565,77.7139497388307,11.784624517744573,65.92932522108613,92.18340264349852,87.29706593516026,38576400,0.8713516576933935,27.849609375,13.701171875,80.150390625,0,BUY
2023-11-23,19828.44921875,19875.150390625,19786.75,19802.0,170000,-0.0004971574875239915,-0.0004972811112830416,0.005483903727023565,0.0018618978155853227,0.018438038419008818,0.03555298935983209,19413.39248046875,19595.9999609375,19636.630554216335,19549.08280788596,0.019624660111668087,0.010402991569664637,147.76494609340867,0.0043227834959158416,0.005919758458825309,20003.72940743964,18823.055553497856,0.059623970000090176,0.8291404465619537,62.10937969373457,87.54774633037232,26.937248880270126,60.610497450102194,88.97417881092586,90.3232080239876,38406400,0.8134944371336246,26.44921875,46.701171875,15.25,0,BUY
2023-11-24,19809.599609375,19832.849609375,19768.849609375,19794.69921875,145900,-0.00036868908443588033,-0.0003687570669664962,0.0005711266972261431,0.003187668383504594,0.020592536408927886,0.04971293368598295,19460.26494140625,19591.966953125,19660.94881029844,19567.276616098112,0.016895143171812652,0.010241745195752565,141.7817356581652,0.0041361596830865755,0.004686855704852454,20014.27726165143,18906.25262116107,0.05597582606563743,0.8018292780880241,61.68145971734371,93.67219420032052,40.28423794428021,53.38795625604031,85.75710901292297,88.97156348911581,38260500,0.7249689440993753,14.900390625,23.25,25.849609375,0,BUY
2023-11-28,19844.650390625,19916.849609375,19800.0,19889.69921875,229600,0.004799264638990497,0.004787784883390938,0.003929446816422599,0.009936996991469549,0.023904311567751524,0.044229440929792974,19502.38740234375,19589.896953125,19696.141180829447,19591.159771850107,0.019472985093768148,0.015073242804113209,140.37949672722482,0.004219457451652945,0.004372324285751552,20052.47733632575,18952.29746836175,0.05531405255876667,0.8520440863203226,65.05530792641562,104.9814089793399,53.22367215129215,51.757736828047754,95.38062260740111,90.03730347708331,38490100,1.1339951597767515,45.048828125,27.150390625,44.650390625,0,BUY
2023-11-29,19976.55078125,20104.650390625,19956.30078125,20096.599609375,236200,0.010402389113554511,0.010348656573869122,0.014877265396172179,0.015831414851130488,0.033586911952047105,0.04992968978711643,19550.17236328125,19590.4289453125,19757.750169836458,19628.599759814915,0.02719003496685297,0.025186881059538778,145.7060449520659,0.004872628973902395,0.00471219847061918,20131.505643740795,18968.839082821705,0.05785389486372158,0.9699776053254929,71.03652584568044,129.15041002154248,68.40901972534222,60.741390296200265,98.96145909705898,93.36639690579436,38726300,1.15065156497381,120.048828125,8.05078125,20.25,0,BUY
2023-11-30,20108.5,20158.69921875,20015.849609375,20133.150390625,486600,0.0018187545137213768,0.0018171025823992028,0.01709807096004834,0.01621760651251658,0.02326255257434373,0.05521870494244152,19602.84990234375,19591.0299609375,19815.50404995777,19665.97388061566,0.02633966756281638,0.026926756079860142,145.50201383941834,0.003824411455623735,0.004525256248360103,20194.90870281249,19010.791101875013,0.05881432254580784,0.9478444437110454,71.9499288016151,149.53016934210973,84.63324964869572,64.896919693414,96.9190439403075,97.0870418815892,39212900,2.2188276601080585,24.650390625,25.548828125,92.650390625,1,BUY
2023-12-01,20194.099609375,20291.55078125,20183.69921875,20267.900390625,265800,0.0066929416105065975,0.00667064331563437,0.01901492665703408,0.0235279461986162,0.025433650645834138,0.06734108549855522,19666.78740234375,19592.5409765625,19885.103486983495,19710.561029505243,0.029658374902972018,0.033321626860515326,146.42332646695988,0.00401838424971043,0.004249515270074664,20256.1214500988,19077.453354588702,0.058154425115257334,1.009993432901137,75.07118990910325,174.54245747825917,102.61509121460841,71.92736626365075,97.54179895898464,97.80743399878372,39478700,1.1925164879536938,73.80078125,23.650390625,10.400390625,1,BUY
2023-12-04,20601.94921875,20702.650390625,20507.75,20686.80078125,381100,0.020668169003769332,0.020457480483773903,0.02936821070962048,0.04506769982415193,0.04839902908950311,0.08119638750604308,19744.46494140625,19603.6109765625,20008.441532255263,19782.87508519004,0.045552516786349015,0.052361397788935816,167.018088862177,0.006723802435768313,0.005705674470017052,20433.18291433403,19055.746968478474,0.06658525696752632,1.1841231657108084,81.83734719171679,225.56644706523002,127.20536238473274,98.36108468049729,98.76934509140817,97.74339599690012,39859800,1.659373435220858,84.8515625,15.849609375,94.19921875,1,BUY
2023-12-05,20808.900390625,20864.05078125,20711.150390625,20855.099609375,421000,0.008135565760247543,0.008102650447744338,0.03585873073725088,0.04853770688070114,0.05895702291941718,0.08447474509365005,19825.68994140625,19622.6849609375,20138.696621042916,19862.299124018555,0.049360093562247916,0.05909416265187694,167.74893965773578,0.006356599684255277,0.005778559915218701,20626.83462308357,19024.54525972893,0.07682961929533835,1.142461774702404,83.7461135470121,276.3974970243653,157.04378931265927,119.35370771170602,99.30308555335736,98.53807653458341,40280800,1.7451500580334864,46.19921875,8.951171875,97.75,1,HOLD
2023-12-06,20950.75,20961.94921875,20852.150390625,20937.69921875,359200,0.003960643244200535,0.003952820545223537,0.03304727254505435,0.04185283210711077,0.05834683650602357,0.07860956476103387,19901.98740234375,19646.591953125,20261.62009761324,19941.95839029496,0.04946636235364171,0.06166423789624389,163.6096459768261,0.0063715954661673095,0.005640264639031621,20813.903660757464,18990.07114393004,0.08710758989192838,1.067876604265622,84.60144612143958,319.66170731828606,189.56737291378465,130.0943344045014,98.18345150067155,98.7519607151457,40640000,1.4358523374572725,13.05078125,11.19921875,85.548828125,1,HOLD
2023-12-07,20932.400390625,20941.25,20850.80078125,20901.150390625,275000,-0.0017455990623970186,-0.0017471243957791426,0.010361660637699055,0.03814604198047511,0.05498228599184096,0.07700697346981711,19976.7099609375,19671.1299609375,20360.009373461202,20013.009649578667,0.04422916501773742,0.0588494129126603,158.38390117490994,0.006680534640844841,0.005706019348219648,20956.434757896728,18996.985163978272,0.09374840892955574,0.9717857670621964,82.5318782864475,346.99972388254173,221.05384310753607,125.94588077500566,95.30329639822325,97.59661115075073,40365000,1.0827624222379673,31.25,8.849609375,50.349609375,1,BUY
2023-12-08,20934.099609375,21006.099609375,20862.69921875,20969.400390625,292400,0.003265370504707432,0.0032600507599202964,0.00548071135553907,0.03461137989036511,0.05895366077290176,0.07847868905418265,20053.00498046875,19697.026953125,20453.76183764025,20083.85340817469,0.043701555270314295,0.060677626150381074,157.31365042134493,0.0064129298738567694,0.005691036462055958,21090.695321131974,19015.31463980553,0.09897186579804669,0.9415553341132615,83.35091996609452,369.9084294655622,250.8247603791413,119.08366908642091,97.25222899943992,96.91299229944492,40657400,1.1296117442534244,35.30078125,36.69921875,71.400390625,1,BUY
2023-12-11,20965.30078125,21026.099609375,20923.69921875,20997.099609375,212900,0.001320935183362959,0.001320063516009915,0.0028370065881835327,0.014999846105070436,0.06074355449089408,0.0825869547572835,20133.094921875,19723.6749609375,20537.352264060977,20151.50127493027,0.04114876357086152,0.060647645252343715,153.39127472160604,0.00625371244357149,0.0055315794639525205,21202.156014226544,19064.033829523454,0.10182940617895814,0.9040950950701054,83.68526084198322,385.8509891307149,277.830006129456,108.02098300125886,97.80676876536207,96.7874313876751,40870300,0.821769757792142,31.798828125,29.0,41.6015625,1,BUY
2023-12-12,21018.55078125,21037.900390625,20867.150390625,20906.400390625,244900,-0.004319607014175553,-0.004328963470418101,0.000251182346515888,0.0024598674765829998,0.05111697068382792,0.07624319824520542,20207.1474609375,19747.473984375,20594.12889891698,20207.419727944693,0.033446835257257584,0.05543404816688074,154.63118367006274,0.007051196855026198,0.005816215244303186,21275.03139149366,19139.26353038134,0.10215856489910409,0.8274011855026688,78.15106117539767,386.7091709722881,299.60583909802244,87.10333187426568,90.1428040185408,95.06726726111428,40625400,0.9286716468848322,112.150390625,19.349609375,39.25,1,BUY
2023-12-13,20929.75,20950.0,20769.5,20926.349609375,260300,0.0009542158562574343,0.0009537608817135473,-0.002053028720327532,-0.0005420657378073512,0.04128807938298795,0.07626173042194062,20281.28740234375,19775.5299609375,20645.23977744898,20260.673793235826,0.030825357459490284,0.05499380780305483,156.47895626505826,0.006880788537653789,0.0058157861133468335,21332.583523192043,19229.99128149546,0.10047582502180043,0.8067937730569866,78.48803255149446,384.5659842131572,316.59786812104943,67.96811609210778,91.20990405599657,93.05315894663316,40885700,0.9739579435755408,3.400390625,20.25,156.849609375,1,BUY
2023-12-14,21110.400390625,21210.900390625,21074.44921875,21182.69921875,334400,0.012250087289956912,0.012175662163725103,0.008839297466214369,0.01347049434423897,0.05213038236746703,0.07660562070235444,20356.64990234375,19806.4179296875,20727.925845341444,20328.971972903546,0.038996414379290585,0.06497195068720397,165.62694376398264,0.0072798389571469705,0.005840263981501555,21439.05748717352,19274.24231751398,0.10219732373593532,0.8815796045697896,82.2717592140087,398.953872437909,333.0690689844214,65.88480345348762,98.04437040347813,93.13235949267185,41220100,1.241253874278498,72.298828125,28.201171875,35.951171875,1,HOLD
2023-12-15,21287.44921875,21492.30078125,21235.30078125,21456.650390625,508800,0.012932779200891975,0.012849864921501506,0.02631969108592913,0.023236239039903017,0.05865185722690147,0.085577238719174,20441.2224609375,19844.9759375,20840.037313846606,20412.50370754958,0.04732462482266885,0.0751130499767655,175.9108451022696,0.007685902501097117,0.006193529572270689,21587.97157981563,19294.473342059373,0.10688985447413302,0.942741970745945,85.25626443063625,427.53360629703457,351.96197644694405,75.57162985009052,97.89337740548301,95.71588395498593,41728900,1.8125467564390232,169.201171875,35.650390625,52.1484375,1,HOLD
2023-12-18,21434.80078125,21482.80078125,21365.349609375,21418.650390625,249700,-0.0017710126840955187,-0.0017725827811074615,0.02352540172746842,0.02007661958520135,0.03537761189435962,0.08548888305105518,20525.56494140625,19884.626953125,20929.054710274053,20487.03309148109,0.04169662574116509,0.07162091959685032,171.73515415746462,0.005915821676747283,0.006197574746460449,21699.019743785026,19352.110139027474,0.10957317860628603,0.880536790768356,83.1648428300714,442.0216187929691,369.9739049161491,72.04771387682001,95.20505269368489,97.0476001675487,41479200,0.8874908922890978,16.150390625,48.0,53.30078125,1,HOLD
2023-12-19,21477.650390625,21505.05078125,21337.75,21453.099609375,249800,0.0016083748565725031,0.001607082806947435,0.01276515272357992,0.026149849258371383,0.028674041898662628,0.0893216009634914,20613.519921875,19922.7739453125,21009.67700244343,20558.59357428805,0.039135588925952,0.07133354582448069,171.41841323550287,0.005703606753885782,0.006065386332369798,21788.175582300806,19438.86426144919,0.10950917879600795,0.8573726819631551,83.55860537814253,451.0834281553907,386.1958095639974,64.88761859139333,96.51147387900654,96.5366346593915,41729000,0.8760147989689787,24.55078125,27.400390625,115.349609375,1,BUY
2023-12-20,21543.5,21593.0,21087.349609375,21150.150390625,363900,-0.01412146609423337,-0.014222122733049722,-0.014284615465138928,0.010694688057287127,0.010146825095507461,0.06908569674643394,20681.857421875,19952.706953125,21031.288292932903,20602.412597720417,0.022141354085008075,0.05661630841314377,195.2921259061812,0.00779403326092572,0.007330647068595634,21813.63064549846,19550.08419825154,0.10702271168011436,0.7068846297891804,68.40602120758297,428.8756952124968,394.7317866936973,34.14390851879949,68.57664344851862,86.76439000707005,41365100,1.2394414168937289,393.349609375,49.5,62.80078125,1,BUY
2023-12-21,21033.94921875,21288.349609375,20976.80078125,21255.05078125,277500,0.004959794076523361,0.004947534816775346,-0.007638184777814416,0.0034155969337448244,0.01693210105716192,0.0728453526717705,20754.01748046875,19987.5609765625,21065.713291135537,20650.756166870757,0.023572434897367295,0.05963240538599918,203.59617606466827,0.00781640971428197,0.007324061673812342,21837.71934914396,19670.315611793536,0.10197123308039263,0.731167498766527,70.40714666086036,414.9571242647871,398.7768542079153,16.180270056871848,68.85978173231975,77.98263301994832,41642600,0.9304274937133247,221.1015625,33.298828125,57.1484375,1,BUY
2023-12-22,21295.849609375,21390.5,21232.44921875,21349.400390625,284700,0.004438926556610712,0.004429103580375731,-0.004833763914687816,-0.0049984502728748215,0.018121643581658686,0.07814364158292086,20831.3875,20020.7519921875,21109.357460287763,20702.50759085255,0.024263580294857853,0.06223352291528244,200.34293357790625,0.007851123805634753,0.007263517147210712,21851.237472201166,19811.537527798835,0.09553898034991228,0.7539652423121639,72.11773582189667,406.8498694352129,400.3914572533748,6.458412181838071,72.37628652490437,69.93757056858094,41927300,0.936559369705739,53.55078125,41.099609375,63.400390625,1,BUY
2023-12-26,21365.19921875,21477.150390625,21329.44921875,21441.349609375,219500,0.004306875934107168,0.004297627887901326,0.013768186673465799,0.0010597875373108412,0.021157684073739746,0.0831864315000681,20913.72001953125,20053.3519921875,21160.433175531954,20757.23662926162,0.024608040046744488,0.06473461990380548,196.5828077419844,0.007886511268364649,0.007197426814989009,21847.767998592128,19979.672040470374,0.08712585691457356,0.7824424449659766,73.71251491582858,403.1965462703338,400.9524750567666,2.2440712135671674,81.5846520188221,74.27357342534876,42146800,0.7134383176506892,76.150390625,35.80078125,35.75,1,BUY
2023-12-27,21497.650390625,21675.75,21495.80078125,21654.75,256500,0.0099527499207277,0.009903547502138933,0.018804905378188685,0.009399592333821927,0.03579523951481289,0.08874195440754007,21001.97255859375,20090.5669921875,21236.48191775781,20823.719101168168,0.030144769226439994,0.07223278993350182,199.2840636621998,0.007882298892461516,0.007317740997995414,21863.01434090631,20140.930776281188,0.07952451839088984,0.8790625814070032,77.00045298349558,412.76281658963853,403.31454336334104,9.448273226297488,97.68275862068965,83.88123238813871,42403300,0.8300702242645842,157.099609375,21.0,1.849609375,1,HOLD
2023-12-28,21715.0,21801.44921875,21678.0,21778.69921875,393100,0.005723881307796219,0.0057075621422148105,0.020108238183284666,0.0297184093973919,0.04073092657274291,0.08370070768540883,21086.0775390625,20131.1199609375,21319.8999640643,20894.45836913719,0.03180271111376572,0.07565094872121861,195.52800331132838,0.0078519467722545,0.007185496850931025,21904.502358709058,20267.65271941594,0.07515828300176447,0.9231431299857756,78.66928730337013,425.4415949271024,407.7399536760933,17.701641251009107,97.79543415638639,92.35428159863272,42796400,1.2406305723438127,63.69921875,22.75,37.0,1,HOLD
2023-12-29,21737.650390625,21770.30078125,21676.900390625,21731.400390625,270900,-0.0021717930740454694,-0.0021741548367498844,0.013527636391096332,0.02241112544389723,0.025903269748990043,0.07938399947303942,21165.9900390625,20171.11296875,21383.207721996718,20956.454074432586,0.026018127750589842,0.07179875175223929,188.8330622265906,0.007490112898181254,0.007305170790945883,21904.87395504148,20427.106123083522,0.0680015003816998,0.8826110836453115,76.3914130091147,426.75364756412455,411.54269245369954,15.210955110425004,93.21198884089954,96.23006053932521,42525500,0.8850916457019607,6.25,32.650390625,54.5,1,HOLD
2024-01-01,21727.75,21834.349609375,21680.849609375,21741.900390625,154000,0.00048317180721269004,0.0004830551173010514,0.0040245392177236106,0.01838459126806935,0.013294246529953924,0.07272583600626947,21239.6900390625,20209.7209765625,21438.39120947799,21014.635283039435,0.023098732978238147,0.07047127374031972,186.30927206754842,0.006555580143580979,0.007310036415002978,21894.857364692907,20584.522713432096,0.06026771476820036,0.8832687711329207,76.55371438096844,423.75592643855634,413.98533925067096,9.770587187885383,91.31809619536209,94.10850639754936,42679500,0.5125133120340771,14.150390625,92.44921875,46.900390625,1,HOLD
2024-01-02,21751.349609375,21755.599609375,21555.650390625,21665.80078125,263700,-0.003500136051024061,-0.0035062758581720864,-0.005183892590003847,0.010468145707435372,0.011539027255105694,0.0473248623773348,21288.6400390625,20249.615,21473.377297442916,21062.869764388364,0.01740811456707862,0.0653650329174813,187.28355397343782,0.006668612180425346,0.0062507157439676275,21917.000271106455,20660.27980701854,0.05800480105842677,0.8001150637428605,72.65522070364781,410.5075330545478,413.28977801144634,-2.7822449568985235,84.17158379539364,89.5672229438851,42415800,0.8950816333457762,85.548828125,4.25,110.150390625,1,HOLD
2024-01-03,21661.099609375,21677.0,21500.349609375,21517.349609375,311900,-0.00685186637566948,-0.006875448193459907,-0.00984983836303266,-0.006345046265830767,0.0029949052197530968,0.03175482315616929,21321.7525390625,20287.4680078125,21480.14226850939,21096.53493809108,0.00909020273701729,0.05715767154829554,186.52404230569226,0.00712741885574895,0.00641471981304549,21924.513671904628,20718.991406220375,0.05602559272258199,0.6622508981207541,65.6335224026871,383.60733041830827,407.35328849281876,-23.745958074510497,63.03417489437783,79.50795162837785,42103900,1.07866023413048,143.75,15.900390625,17.0,1,HOLD
2024-01-04,21605.80078125,21685.650390625,21564.55078125,21658.599609375,339200,0.006564470186349425,0.006543017882762483,-0.0038313477549515307,-0.0055145446552474775,0.02403998124643958,0.034430735826953995,21357.79755859375,20329.7869921875,21507.59724402718,21138.169358186187,0.013888342561679173,0.06135265627295312,185.22238080171425,0.00521498109269364,0.006491462354727197,21950.518242153983,20765.076875033516,0.05473305700740435,0.7537468820673682,68.73016081255125,369.4278858409889,399.76820796245283,-30.34032212146394,79.50554018197761,75.57043295724971,42443100,1.177144245284652,52.798828125,27.05078125,41.25,1,HOLD
2024-01-05,21705.75,21749.599609375,21629.19921875,21710.80078125,309300,0.002410182228605562,0.0024072823978970102,0.0020770060822743464,-0.0009479190942469629,0.021441962415918336,0.038737120947570425,21398.280078125,20378.3680078125,21538.85932667684,21180.586500635356,0.014394711013833267,0.061371885213382965,180.59223864623465,0.005137161573163751,0.006441211235256933,21970.97493492755,20825.58522132245,0.05275667743192087,0.7728509776297631,69.81273031755941,358.2728260414806,391.4691315782584,-33.1963055367778,85.59279377768668,76.04416961801405,42752400,1.0670300479525268,5.05078125,38.798828125,76.55078125,1,BUY
2024-01-08,21747.599609375,21763.94921875,21492.900390625,21513.0,231500,-0.00911070868564301,-0.009152465005292239,-0.00020214429072173967,-0.010528076502627215,0.007662960382102346,0.025923469400585875,21425.46005859375,20426.185,21534.880968726557,21205.209722810516,0.004069164756484384,0.050518988518570104,187.0534236090036,0.006149345030580828,0.006884564958167613,21964.7827527945,20886.137364393002,0.050139236201436295,0.581157294461155,61.17087017969547,329.67124591603715,379.1095544458142,-49.43830852977703,62.52696070057964,75.87509822008133,42520900,0.807112350736509,234.599609375,16.349609375,20.099609375,1,BUY
2024-01-09,21653.599609375,21724.44921875,21517.849609375,21544.849609375,228600,0.0014804820050666745,0.001479387172036867,-0.005251955438095979,-0.0055825848809463174,0.004827121514531241,0.026086936300260932,21452.84755859375,20479.9369921875,21536.414605749396,21230.368232926405,0.004270257274908886,0.04942771179633181,188.79598040478908,0.006033119968024835,0.00688467927761134,21956.852425565423,20948.842691622074,0.04678657554911521,0.5912709943987811,61.98682763699149,306.04637282298427,364.4969181212482,-58.45054529826393,66.24098937514947,71.45358128447195,42749500,0.7948263273182408,108.75,70.849609375,27.0,1,BUY
2024-01-10,21529.30078125,21641.849609375,21448.650390625,21618.69921875,217000,0.0034277152411805734,0.003421854015216792,-0.004242200157791531,0.0047101344363917885,-0.0016647978503561145,0.03407084982665953,21488.4625,20531.3659765625,21549.073776980258,21259.13349113556,0.006024262488329715,0.05029596051017025,189.11049742944698,0.005191025609760848,0.006768166696444022,21929.74207451571,21047.182925484292,0.04082387844435943,0.6475671278149253,63.88205644262719,289.94028584469197,349.58559166593693,-59.64530582124496,74.85269834762506,67.87354947445141,42966500,0.7581713047883558,89.3984375,23.150390625,80.650390625,1,HOLD
2024-01-11,21688.0,21726.5,21593.75,21647.19921875,212500,0.0013183031833516878,0.001317434984659037,0.006238052282340867,-0.0005263678552913653,-0.0060380098314957165,0.03444698300615512,21524.50498046875,20581.491953125,21564.16999879099,21287.87910058848,0.005667903595351742,0.04923072286884681,185.0847476130579,0.004809642440977263,0.006766549343074587,21886.964233497227,21162.045727440276,0.033487865969702595,0.669252457007823,64.61526052944083,276.2908982025001,334.9266529732496,-58.635754770749486,68.90675042914208,70.00014605063889,43179000,0.7487007839337594,40.80078125,38.5,53.44921875,1,HOLD
2024-01-12,21773.55078125,21928.25,21715.150390625,21894.55078125,294700,0.011426492637705898,0.011361703346499745,0.01623131180840698,0.008463529367313427,0.007507587531974336,0.03360532834596919,21560.09755859375,20637.7909765625,21614.99781147699,21332.817743600444,0.015275637577486616,0.057400575021788525,191.9394643014109,0.00607118058602612,0.006701261693592305,21921.10992240138,21199.085194786116,0.032977371165504414,0.9632157457542135,70.25839877590579,282.1800678765394,324.37733595390756,-42.197268077368165,94.37221530011155,79.37722135895957,43473700,1.0456287255180208,121.0,33.69921875,58.400390625,1,HOLD
2024-01-15,22053.150390625,22115.55078125,21963.55078125,22097.44921875,345500,0.009267074694848665,0.009224398809286917,0.022145180667705322,0.02716725787895702,0.016353162407013455,0.029864811909550593,21592.1375,20699.956953125,21689.22110490361,21389.45711213004,0.022867423011034012,0.06324224356353339,194.01521685131016,0.0066351470083109805,0.006421444495764939,22018.556066039408,21165.718933960594,0.03859437003955956,1.092506704670792,73.93102974353947,299.76399277356177,319.45466731783847,-19.690674544276703,97.28571721437504,86.8548943145429,43819200,1.2624463323284874,44.298828125,18.1015625,89.599609375,1,HOLD
2024-01-16,22080.5,22124.150390625,21969.80078125,22032.30078125,292400,-0.0029482333845447517,-0.002952587985615914,0.017789902453821282,0.022624951239524682,0.016916060647856446,0.028650282787826553,21622.82001953125,20757.93796875,21742.002593572288,21437.07516169448,0.01858547438074322,0.057840659727399504,191.18195917443086,0.006589751947212603,0.006458219345154941,22081.9456154767,21163.6944235858,0.04167749891433733,0.9459354535381383,70.90348538660356,304.92743187779706,316.5492202298302,-11.62178835203315,86.4027225203553,92.68688501161398,43526800,1.0601501033320002,48.19921875,43.650390625,62.5,1,HOLD
2024-01-17,21647.25,21851.5,21550.44921875,21571.94921875,456000,-0.020894393512082443,-0.021115770473744744,-0.014734331191497585,-0.0021624797832171527,0.002537469082679822,0.005539973781833574,21628.7625,20804.7649609375,21715.840535907322,21447.06583258748,-0.0026336647038191392,0.035563974772649436,211.94407369768578,0.009477641733023108,0.008161643334450111,22081.986092397266,21175.538907602735,0.042019716234389326,0.437323120195562,54.05768934014116,268.77470331983204,306.9943168478306,-38.21961352799855,18.25297233530718,67.31380402334587,43070800,1.5937368936110667,75.30078125,204.25,21.5,1,HOLD
2024-01-18,21414.19921875,21539.400390625,21285.55078125,21462.25,387300,-0.0050852715087356115,-0.0050982455047793645,-0.028745363886209296,-0.00854379436716246,-0.009065665043736737,0.014756377785064778,21644.36748046875,20845.7749609375,21676.826607306197,21448.19058572915,-0.008485479410068875,0.028723691088422758,217.26224254070823,0.009336193483552135,0.007547846977000539,22049.545139436937,21239.189821500564,0.03775723970862204,0.27526218877319036,50.95115213307862,228.63602157704008,291.32265779367253,-62.68663621663245,21.070748993276087,41.908814616312874,42683500,1.3481151449754556,48.05078125,77.150390625,128.6484375,1,BUY
2024-01-19,21615.19921875,21670.599609375,21575.0,21622.400390625,343100,0.00746195718645537,0.007434254509367264,-0.018604520458155416,-0.012430051355886373,-0.004071724093260731,0.017282932567681986,21662.7349609375,20890.088984375,21668.453343201396,21461.095015721436,-0.0018654066886112073,0.033868182672609895,216.6256258860148,0.009664361188180185,0.007641284597863124,22026.88120919634,21298.588712678662,0.03368231479209175,0.44461762203262384,55.015502214745304,207.35832747995664,274.5297917309294,-67.17146425097275,40.168109501750266,26.49727694344453,43026600,1.180782599717792,7.201171875,48.19921875,40.19921875,1,HOLD
2024-01-23,21716.69921875,21750.25,21192.599609375,21238.80078125,449700,-0.01774084294273448,-0.017900098054810153,-0.015443594555212159,-0.038857355389753545,-0.012745745305164369,-0.005180455064375811,21657.20498046875,20925.995,21602.352949055028,21444.62877613096,-0.019699991705187207,0.014728034057655066,240.98453765308517,0.010845235049206408,0.00864227562903191,22042.93609735709,21271.473863580406,0.03632324827199029,-0.04235214751915069,45.327046526603205,157.7241729240668,251.1686679695569,-93.4444950454901,4.959597780918076,22.066152091981497,42576900,1.5049193494411301,477.8984375,33.55078125,46.201171875,1,BUY
2024-01-24,21185.25,21482.349609375,21137.19921875,21453.94921875,407500,0.010129971071150878,0.010079006802925212,-0.0003867619308320913,-0.02625016643709721,-0.00421912393324142,0.0005876313573791592,21657.8349609375,20967.16796875,21579.52160593118,21445.319179287926,-0.009503413106306367,0.022689587126204728,248.42495572250763,0.011415243191591103,0.00889727937943585,22042.192580509083,21273.477341365917,0.035830943352440504,0.23477078142096927,50.583427326260356,134.20242664324905,227.77541970429533,-93.57299306104628,32.09378630132649,25.74049786133163,42984400,1.3221075854908788,268.69921875,28.400390625,48.05078125,1,BUY
2024-01-25,21454.599609375,21459.0,21247.05078125,21352.599609375,418100,-0.004724053755400193,-0.004735247364061254,-0.01247783670526148,-0.010168279516639345,-0.012308770600971686,-0.01395307683649083,21642.72744140625,21005.71296875,21544.61052953792,21438.45106299808,-0.013587471190340027,0.016245639733379297,245.81954593875707,0.01140546820627154,0.008640572740315024,22049.48246806121,21235.972414751286,0.03809887639876635,0.14336294204238773,48.23103666009108,106.15946653983337,203.45222907140297,-97.2927625315696,21.82482748521231,19.626070522485644,42566300,1.3218463484034104,102.0,4.400390625,105.548828125,1,BUY
2024-01-29,21433.099609375,21763.25,21429.599609375,21737.599609375,376700,0.018030591452244726,0.01786996821930258,0.02348526328121814,0.012829484763946075,0.004176077917123822,-0.0018871471138925955,21640.6724609375,21051.5939453125,21574.301157205166,21460.610214581553,0.004458962819229395,0.031558482831132835,257.59317770206013,0.012934024092241845,0.00951371966592112,22045.067367847056,21236.277554027947,0.03720695147362515,0.6198421972937423,56.505804717356106,113.69094262360159,185.4999717818427,-71.80902915824112,60.83384950892407,38.25082109848764,42943000,1.1940535057689832,304.5,25.650390625,3.5,1,HOLD
2024-01-30,21775.75,21813.05078125,21501.80078125,21522.099609375,375100,-0.009913698102483215,-0.009963166019046519,0.003176589537437602,-0.0046387440542211555,-0.017011135583286707,-0.009631260640722172,21630.207421875,21088.526953125,21566.270149846678,21465.164984566254,-0.005023107153212269,0.020145462762431173,261.4258078661987,0.012687657663004124,0.009758880542373772,22035.500853038793,21224.913990711204,0.03766300114950209,0.36663019409180275,51.539871021843354,101.10516528041262,168.62101048155668,-67.51584520114406,38.998929389158135,40.55253546109819,42567900,1.1696654089619223,253.650390625,37.30078125,20.298828125,1,BUY
2024-01-31,21487.25,21741.349609375,21448.849609375,21725.69921875,410600,0.009460025419002926,0.009415559590485083,0.017473263967877184,0.022924949601196065,-0.01682320870250331,-0.0007451589596089159,21629.39736328125,21127.736953125,21590.797698908726,21484.46381672801,0.004432623985958516,0.027523269083507246,263.64539301861305,0.012706223880859778,0.010006787925241801,22033.858502780786,21224.93622378171,0.03723342898446038,0.6190495774047565,55.517391703027194,106.33388218070468,156.16358482138628,-49.8297026406816,59.62807652195939,53.153618473347215,42978500,1.2311105780762737,238.44921875,15.650390625,38.400390625,1,BUY
2024-02-01,21780.650390625,21832.94921875,21658.75,21697.44921875,332500,-0.0013003033741542103,-0.00130114950214822,-0.001847048034120724,0.011349891692070901,-0.015198211290986308,0.001460755492932897,21630.97978515625,21167.049921875,21607.205625038154,21500.24051317408,0.0030634676419156797,0.024445237388395442,257.25638057085496,0.01269780145196895,0.00997821941292619,22036.245088837542,21225.71448147496,0.03735603200131736,0.5820073085326841,54.84474181810526,106.96511186405405,146.32389022991984,-39.35877836586579,56.765726204635094,51.79757737191756,42646000,0.9867640075973381,83.201171875,52.298828125,38.69921875,1,HOLD
2024-02-02,21812.75,22126.80078125,21805.55078125,21853.80078125,442800,0.007205988175093214,0.007180149098767169,0.015412119537375979,0.023472606663543782,0.013065651121365374,0.015636273889810814,21647.80234375,21210.2459375,21645.14334137844,21526.43016266119,0.009426206432555198,0.029448188449770884,269.5488935657939,0.010900628064977876,0.009956337409244034,22060.664849128923,21234.93983837108,0.03778404585193687,0.7494758361626777,57.88601095645737,118.71317871723659,140.8017479273832,-22.088569210146602,72.41313975795183,62.93564749484879,43088800,1.2890642057611934,41.05078125,273.0,7.19921875,1,HOLD
2024-02-05,21921.05078125,21964.30078125,21726.94921875,21771.69921875,440800,-0.0037568550808078083,-0.0037639297855089193,0.0021173081490653,0.0015686924953890458,0.014418302775804026,0.005221926228602625,21653.45732421875,21250.0119140625,21664.61347635868,21544.598240889987,0.0054309906334466624,0.02396171743169309,267.24908420395144,0.010821262697407626,0.009910479502299386,22069.839725467064,21237.074922970438,0.03824987632473999,0.6419871423193182,55.76217904609525,120.01523546867611,136.64444543564179,-16.629209966965675,64.11671363948558,64.43185986735752,42648000,1.2645409297588788,149.3515625,43.25,44.75,1,HOLD
2024-02-06,21825.19921875,21951.400390625,21737.55078125,21929.400390625,371000,0.007243402101531293,0.007217294659854949,0.010690250708113469,0.018924769824621546,0.01419823860689906,0.01006870320342057,21664.3873046875,21292.3629296875,21705.349924707345,21573.10210383332,0.012084830465806709,0.029049470099047407,263.43483600188347,0.010808063140992768,0.010022749479760526,22097.362716164647,21231.411893210356,0.039488121313362164,0.8060371084729381,58.882781386206126,132.24782087400672,135.76512052331478,-3.5172996493080575,80.05253850586963,72.1941306344357,43019000,1.0549663036369294,104.201171875,22.0,87.6484375,1,HOLD
2024-02-07,22045.05078125,22053.30078125,21860.150390625,21930.5,346300,5.014315737827957e-05,5.014190025218764e-05,0.0035096512280741177,0.009426660066859993,0.032567715374996364,0.01940687026449117,21685.2623046875,21334.9329296875,21739.988397829293,21599.576022067886,0.011182494485419782,0.02715702196997331,258.41451847496324,0.008517104936740797,0.009764057668324406,22127.19466892551,21243.329940449494,0.04030299028640548,0.7774606649759255,58.90454979289313,140.4123757613852,136.69457157092887,3.71780419045632,80.16365488004169,74.77763567513232,43365300,0.9689152513919561,114.55078125,8.25,70.349609375,1,HOLD
2024-02-08,22009.650390625,22011.05078125,21665.30078125,21717.94921875,491100,-0.009692017110872975,-0.009739290405751649,-0.002468801330569037,0.0009448115210834995,0.012305426721588075,0.008034384667956918,21693.91728515625,21373.3979296875,21736.597754894017,21608.344407007302,0.0011065470939126017,0.015864816958179193,264.65276715532303,0.009027389673516727,0.01005092685991888,22131.267398546588,21256.567171765913,0.040275452252439656,0.527474479664503,53.05723491121083,128.25334788669352,135.0063268340818,-6.7529789473882715,58.685234745675736,72.96714271052903,42874200,1.3253808682040797,291.701171875,1.400390625,52.6484375,1,BUY
2024-02-09,21727.0,21804.44921875,21629.900390625,21782.5,349200,0.0029722318898448563,0.0029678235415700974,-0.006698787381701599,-0.0032626261199916184,0.02013339820394755,0.007576810223065333,21702.10732421875,21411.2539453125,21743.659638756475,21621.24482130306,0.003690700139159943,0.0170433170980145,258.21677151029996,0.008785331685625104,0.010044334427331847,22139.651199383516,21264.56344905398,0.04017388960539581,0.5918681306536241,54.53336270027387,122.41481745340207,132.48802495794584,-10.073207504543774,65.20814090266758,68.01901017612836,43223400,0.925903830091872,55.5,21.94921875,97.099609375,1,BUY
2024-02-12,21800.80078125,21831.69921875,21574.75,21616.05078125,287400,-0.0076414194307357075,-0.007670764664605448,-0.014338442750963298,-0.007149117573972075,-0.005591639845669905,-0.0014389130522262095,21700.54990234375,21441.64296875,21724.0275068324,21620.860077595426,-0.003909091533364037,0.008068440172766651,258.1262320274214,0.0071975934614195766,0.010201003941045832,22139.085084684833,21262.01472000267,0.040574958560096665,0.40365753479223276,50.15386189914159,103.16742923696438,126.62390581374956,-23.456476576785178,48.38831916254174,57.42723160362837,42936000,0.7545485573262602,184.75,30.8984375,41.30078125,1,BUY
2024-02-13,21664.30078125,21766.80078125,21543.349609375,21743.25,365800,0.005884480011507653,0.005867234081485647,0.0011649710106218514,-0.008488622001018409,0.010275502606105658,-0.00691043094519983,21692.98486328125,21473.8449609375,21726.984813473573,21629.925997773542,0.002311758210881538,0.012390283838087756,255.64944201653415,0.006621604088281966,0.009945712828116368,22123.00995365569,21262.95977290681,0.03955481267744627,0.5584444231782191,53.244061129265496,97.05881570001657,120.71088779100297,-23.652072090986408,61.241898175559925,58.279452746923106,43301800,0.9515015151712184,78.94921875,23.55078125,120.951171875,1,BUY
2024-02-14,21578.150390625,21870.849609375,21530.19921875,21840.05078125,359100,0.004451992284961959,0.004442111482625561,0.002642065017789408,-0.004124357344793772,0.005263423807382539,-0.011648332572322118,21680.11494140625,21505.28796875,21744.37957774687,21645.490796549577,0.007323052562728378,0.01532793196558864,261.7209383457103,0.006081605298270254,0.009758462878401129,22074.91417224633,21285.31571056617,0.036153691655242834,0.7025533832762624,55.50478428204203,98.88878119728179,116.34646647225875,-17.457685274976967,67.4055129298096,59.011910089303775,43660900,0.9324245374878263,261.900390625,30.798828125,47.951171875,1,BUY
2024-02-15,21906.55078125,21953.849609375,21794.80078125,21910.75,345400,0.0032371361888359207,0.003231907943473083,0.013633351518845593,0.008877485590745637,0.009830684662493594,-0.005516935451128302,21674.03740234375,21529.766953125,21769.975027324275,21665.139626434793,0.0108034913298837,0.017387950977260046,254.38721618708814,0.006098144416324702,0.009776132286839923,22050.269006067985,21297.805798619516,0.03434219309920787,0.8145836172616394,57.134959454262784,104.8354008894712,114.04425335570126,-9.208852466230056,69.01170136175053,65.88637082237337,44006300,0.890722712913414,4.19921875,43.099609375,111.75,1,BUY
2024-02-16,22020.30078125,22068.650390625,21968.94921875,22040.69921875,343900,0.005930843022260657,0.005913324803860001,0.013680071688914941,0.011853516297486433,0.008552216585608896,0.021729607985196298,21697.47490234375,21553.4789453125,21811.62490292823,21692.95885549518,0.015572297094561715,0.022105481709174677,247.49530007551041,0.005965746267181389,0.008556000695313693,22102.63750191593,21292.31230277157,0.03676494974601434,0.9235636714343121,60.033384487123605,118.66604743304924,114.96861217117086,3.6974352618783826,87.2997398526696,74.57231804807661,44350200,0.8998613182615043,20.3984375,27.951171875,51.3515625,1,BUY
2024-02-19,22103.44921875,22186.650390625,22021.05078125,22122.25,0,0.0037000088082788096,0.0036931806134258504,0.012921179606059985,0.023417747481842666,0.01610121367780537,0.030751668627473805,21730.47490234375,21577.1699609375,21859.41337940081,21724.758199532578,0.017709550233644827,0.024639448476646855,241.64560788261682,0.005786783390634195,0.008445994786905144,22160.38344828503,21300.566356402473,0.03886662034298303,0.955649348395143,61.77996669058466,134.6551798682376,118.90592571058421,15.749254157653397,91.27130354675265,82.52758158705761,44350200,0.0,18.80078125,64.400390625,82.3984375,1,HOLD
2024-02-20,22099.19921875,22215.599609375,22045.849609375,22196.94921875,295700,0.0033766555730090353,0.003370967472487328,0.013062045742386674,0.02086620991572108,0.01220046254613405,0.026571926231377718,21759.20234375,21603.0859375,21911.341970069916,21759.7353120672,0.019721037818576946,0.0267542748959554,236.51020731957277,0.005490404739825097,0.008344265041978733,22231.11751819456,21287.28716930544,0.04252072388812127,0.9637982615353089,63.35948911455442,151.60665800271818,125.44607216901102,26.16058583370716,97.27890574909169,91.94998304950468,44645900,0.8203975751522443,97.75,18.650390625,53.349609375,1,HOLD
2024-02-21,22248.849609375,22249.400390625,21997.94921875,22055.05078125,364500,-0.006392700010330099,-0.006413220819374543,0.0006511391656662813,0.009844299454861094,0.00567934070130649,0.0384320192277805,21800.01484375,21624.7989453125,21933.451017943775,21781.610532006667,0.011563606904810137,0.019508086388233373,237.57741907353187,0.005998377385833246,0.007298403393038765,22223.551139231033,21376.478548268966,0.03840719295383358,0.8010791993748037,58.420414306214475,151.84048593711123,130.72495492263107,21.115531014480155,72.97701714412963,87.17574214665801,44281400,1.0233733417561564,193.798828125,0.55078125,57.1015625,1,HOLD
2024-02-22,22081.55078125,22252.5,21875.25,22217.44921875,343500,0.0073633218581414805,0.007336344949249518,0.004303324424504762,0.013997659539267238,0.022999409150876948,0.03558785341641091,21838.18984375,21649.2059375,21977.14304883704,21813.89487917284,0.017070338330285578,0.0255764410961472,247.55403199685102,0.005111453622306637,0.007159350641519303,22267.668224131136,21408.71146336886,0.038661358120146996,0.9415348854842116,62.06511313363646,163.24816966420258,137.22959787094538,26.018571793257195,95.14734274697284,88.46775521339809,44624900,0.9731567391458291,135.8984375,35.05078125,206.30078125,1,HOLD
2024-02-23,22290.0,22297.5,22186.099609375,22212.69921875,226000,-0.0002137959201901074,-0.000213818777795819,0.0007095569686079717,0.00780374516674498,0.01974976328474698,0.04028079133733997,21881.19482421875,21675.3319140625,22013.38245959288,21843.43594136374,0.014924093252540117,0.024191895788779373,237.82877189886167,0.005163116849587229,0.007013433108853056,22278.61883592772,21483.77081250978,0.03578349553965942,0.9170663884962893,61.89421865917849,169.94651822914238,143.77298194258478,26.173536286557606,88.94816956763003,85.69084315291086,44398900,0.6581821358883984,77.30078125,7.5,26.599609375,1,HOLD
2024-02-26,22169.19921875,22202.150390625,22075.150390625,22122.05078125,207800,-0.004080928508836235,-0.004089278221713085,0.003037852901112359,-9.005356597979741e-06,0.0234085312400778,0.017685999318397316,21900.4173828125,21699.2459375,22030.100662924742,21864.07407765161,0.010018664211066336,0.019112371087600843,230.66591877215728,0.004507883213638763,0.006026781119960738,22305.320111019628,21495.51465460537,0.03660625610264966,0.7736872129981679,58.57927711882275,166.02658527313542,148.2237026086949,17.802882664440517,77.13423170713082,87.0765813405779,44191100,0.6204374113607506,47.1484375,32.951171875,46.900390625,1,BUY
2024-02-27,22090.19921875,22218.25,22085.650390625,22198.349609375,252200,0.003448994348646428,0.003443060208267885,-0.0008596670656000338,6.308932868193118e-05,0.020930615679578768,0.0314211908816473,21934.2298828125,21719.5589453125,22055.98511622478,21888.83522814964,0.01189816951305948,0.02156875049216693,223.66118238664603,0.004357532712624865,0.005481582921665204,22319.588071345894,21548.871694279103,0.03471953503882535,0.8426938033506587,60.497051573061114,167.14988807514965,152.00893970198587,15.14094837316378,87.07802819339304,84.38680982271798,44443300,0.7670782894336615,108.150390625,19.900390625,4.548828125,1,BUY
2024-02-28,22214.099609375,22229.150390625,21915.849609375,21951.150390625,203000,-0.011135927809948543,-0.011198396451173726,-0.011774743157023648,-0.004710956762490448,0.005086966623281786,0.010377165291896695,21945.50244140625,21729.4489453125,22039.856696901734,21893.45116611078,0.0002572962746026355,0.010099764311540886,230.0640108768856,0.005922612144287993,0.005842543660111913,22318.80246056885,21572.20242224365,0.03401188662276509,0.5075648927515622,52.08325707723414,146.4055307909657,150.88825791978184,-4.482727128816123,54.86129848443967,73.02451946165452,44240300,0.6375628140703498,262.94921875,15.05078125,35.30078125,1,BUY
2024-02-29,21935.19921875,22060.55078125,21860.650390625,21982.80078125,360200,0.0014418556686905948,0.0014408171929075416,-0.00629462437171624,-0.010561448129786766,0.0032883758543180708,0.013151387502887246,21959.77001953125,21740.731953125,22031.078863724546,21900.069656121093,0.001047671857099931,0.0110117373365577,227.9094665731795,0.005858069117716972,0.00582942832297578,22315.453589775338,21604.086449287162,0.032360168641246495,0.5323753522019766,52.98485343670356,131.0092076034598,146.91244785651745,-15.903240253057646,58.986198575566746,66.9751750844665,44600500,1.1263817877636502,47.6015625,77.75,74.548828125,1,BUY
2024-03-01,22048.30078125,22353.30078125,22047.75,22338.75,351500,0.016192168700068565,0.0160624736924449,0.006324812118721823,0.005674716971974192,0.013522746183861845,0.022190612223667472,21984.01748046875,21758.4449609375,22078.412884690002,21932.56449640842,0.01587969423227582,0.02597750720440935,238.09450467509524,0.007588575866934341,0.006648503540313493,22372.138999996794,21595.895960940703,0.03474872314055581,0.9569864097739903,61.71050965680675,145.84838828158536,146.69963594153103,-0.8512476599456704,98.23220099281491,70.6932326842738,44952000,1.1150942199099008,290.44921875,14.55078125,0.55078125,1,HOLD
2024-03-04,22403.5,22440.900390625,22358.30078125,22405.599609375,298800,0.0029925402887358565,0.0029880715530739466,0.02070275182225023,0.012817474786981586,0.012808354004452571,0.029115797726944503,22015.7125,21783.5539453125,22128.74930387231,21967.604134405945,0.017401324498000095,0.027762955462357897,228.38421081437417,0.007567708803605888,0.006558675001124535,22431.826073798296,21599.598926201706,0.03714371238020194,0.9684864108314599,63.095771733713875,161.1451694663665,149.58874264649813,11.556426819868364,96.12377996864538,84.44739317900903,45250800,0.9697520446579224,2.099609375,35.30078125,45.19921875,1,HOLD
2024-03-05,22371.25,22416.900390625,22269.150390625,22356.30078125,296200,-0.00220029050703785,-0.0022027147028049303,0.01699055564924068,0.00711544662799124,0.007178984865424454,0.0194670343475285,22037.05751953125,21805.5789453125,22163.757223468878,21996.396478616614,0.014279789167378598,0.0246338533966847,222.62462432763317,0.00760301499888847,0.006459313527085254,22476.418631014785,21597.696408047712,0.03930534982352933,0.8633039581495261,61.33350142835504,167.3607448522671,153.14314308765194,14.217601764615154,86.90610423726508,93.75402839957515,44954600,0.9731256981404791,14.94921875,45.650390625,87.150390625,1,HOLD
2024-03-06,22327.5,22497.19921875,22224.349609375,22474.05078125,312300,0.005266971542034149,0.0052531495595052715,0.0060567749426445605,0.023821092804699795,0.01899791590397104,0.024785152242311037,22064.23505859375,21828.071953125,22211.494693896744,22031.77827881168,0.018235062590414637,0.028743319769657973,226.21212325958794,0.007274309949918108,0.006524609785801191,22539.635345646533,21588.834771540965,0.04230659543133258,0.931021745060303,63.92520396783477,179.71641508506582,158.4577974871347,21.258617597931107,96.36344668669246,93.13111029753433,45266900,1.0317827408484175,146.55078125,23.1484375,103.150390625,1,HOLD
2024-03-07,22505.30078125,22525.650390625,22430.0,22493.55078125,379900,0.0008676673462120199,0.0008672911404987264,0.003925410317436873,0.023234073086612295,0.012427239499077647,0.035712467815809834,22103.01513671875,21849.1159765625,22254.887938104937,22065.983649362664,0.017362116294097493,0.02864975881107581,216.88628521426023,0.007018515646412885,0.005999063850429587,22585.5806519196,21620.4496215179,0.04290701098228604,0.9046452059134379,64.3513435281924,188.9042887422729,164.54709573816237,24.357193004110542,95.17299107142857,92.81418066512872,45646800,1.27860796984383,11.75,20.349609375,63.55078125,1,HOLD
2024-03-11,22517.5,22526.599609375,22307.25,22332.650390625,277900,-0.007153178801771132,-0.007178885448103384,-0.0010578847930349244,-0.0002730506127245347,0.005400116874303418,0.02525653118902782,22130.52265625,21862.673984375,22266.851392338795,22085.736741308025,0.009050772337342089,0.02104436320945098,217.06223694002736,0.0075063030201684994,0.006311646362608939,22599.397161136083,21661.648151363916,0.041990045667209486,0.7155456654903783,58.23821922699758,181.11465103077353,167.8606067966846,13.254044234088923,70.87627505381768,87.47090427064626,45368900,0.9466709815877742,184.849609375,9.099609375,25.400390625,1,HOLD
2024-03-12,22334.44921875,22452.55078125,22256.0,22335.69921875,299200,0.0001365188668460693,0.00013650954899359894,-0.006156058106597584,-0.0031197732639902664,0.009657713907839094,0.03329231804563637,22166.505078125,21873.813984375,22277.443365632826,22104.2524803778,0.007575054578231805,0.02067923774632785,215.59713296216825,0.007332803511521737,0.005963912329359901,22578.99457486749,21754.015581382508,0.03693544515465375,0.7050890288849221,58.31901787219582,173.19088525502593,168.9266624883529,4.2642227666730435,71.33409196224844,79.12778602916491,45668100,1.0171854017576332,1.25,116.8515625,78.44921875,1,HOLD
2024-03-13,22432.19921875,22446.75,21905.650390625,21997.69921875,493300,-0.015132725270416536,-0.015248393356596964,-0.022044165784324665,-0.016040290654917078,-0.009038977858978336,0.011702446448897952,22179.2275390625,21879.1399609375,22234.40580457393,22096.35964618315,-0.00825215030478152,0.005389620825047209,238.84730984879909,0.008838922996851453,0.006949744227490182,22552.55079345981,21805.90428466519,0.033942027362489205,0.25687515018878915,47.37569720387036,138.04615839077815,162.75056166883795,-24.7044032780598,20.57947126692984,54.26327942766534,45174800,1.6414880873153148,434.5,14.55078125,92.048828125,1,HOLD
2024-03-14,21982.55078125,22204.599609375,21917.5,22146.650390625,426700,0.006771215952804832,0.006748394232673185,-0.00832861289397524,-0.01456792964524889,0.008906139155399062,0.014038411011306762,22194.55751953125,21887.2349609375,22220.90497165871,22100.084886512177,-0.002163177187577239,0.011713528913488104,242.29390267209916,0.008327723125804074,0.007036126878273579,22534.607954880383,21854.507084182114,0.03070897217875282,0.4295587890403798,51.6788620602434,120.82008514653353,154.36446636437708,-33.54438121784355,42.94621751142343,44.95326024686725,45601500,1.4040802895689326,164.099609375,57.94921875,65.05078125,1,HOLD
2024-03-15,22064.849609375,22120.900390625,21931.69921875,22023.349609375,661500,-0.005567468627318717,-0.005583024746448362,-0.013984321973354419,-0.020903821564132397,0.0018445706044694088,0.005139012100224827,22200.1875,21894.3859375,22190.511838999675,22094.400791909426,-0.00802956379304458,0.005855770087766435,240.34085047230636,0.008570209477561269,0.00714499890629895,22524.62640015277,21875.74859984723,0.029463174849175714,0.22747119636091934,48.167600146749756,96.11104709025676,142.71378250955303,-46.602735419296266,24.4311749558607,29.31895457807134,44940000,2.069094946904171,41.5,56.05078125,91.650390625,1,HOLD
2024-03-18,21990.099609375,22123.69921875,21916.55078125,22055.69921875,356300,0.0014688778023679294,0.001467800056624233,0.0026366393786565467,-0.012401177962793941,-0.012670842426277251,0.0006805591715184356,22200.9375,21905.1529296875,22169.771435884337,22091.53400871243,-0.006585068095530155,0.006825731869543998,237.96996383142732,0.006546671225251043,0.007027990527324597,22523.964465197707,21877.910534802293,0.02929192695220427,0.2751917070431212,49.14389560596052,78.23742717191635,129.81851144202568,-51.58108427010933,29.28884404896676,32.22207883875031,45296300,1.11230781237805,65.599609375,68.0,73.548828125,1,HOLD
2024-03-19,21946.44921875,21978.30078125,21793.099609375,21817.44921875,344200,-0.010802196640288697,-0.010860963960358783,-0.014864603272662702,-0.023202765891696342,-0.02625015178700707,-0.013778019019313081,22185.6974609375,21908.329921875,22115.56801786367,22071.231431678178,-0.01687861117472089,-0.0041655054270458266,239.7292242273968,0.006990536304759121,0.007372100648943657,22548.453154100676,21822.941767774322,0.03325372178260173,-0.007570589694155334,42.756412528143564,44.3365861855018,112.72212639072092,-68.38554020521912,3.319646813224267,19.013221939350597,44952100,1.0197461004043995,129.0,31.8515625,24.349609375,1,BUY
2024-03-20,21843.900390625,21930.900390625,21710.19921875,21839.099609375,312400,0.0009923428906801757,0.0009918508439663014,-0.008366120652308351,-0.007209827164097904,-0.02313447009573122,-0.016121567240993673,22167.80498046875,21910.8958984375,22073.03441655772,22054.036481877945,-0.015051232741877574,-0.0032875114059957916,238.37007763079706,0.007084837417051867,0.007322368578421443,22560.630416538985,21774.979544398517,0.03597450839059349,0.08161394233765644,43.47538997598659,18.997934679780883,93.97728804853291,-74.97935336875203,15.788869298105011,16.132453386765366,45264500,0.9232496970771613,4.80078125,87.0,128.900390625,1,BUY
2024-03-21,21989.900390625,22080.94921875,21941.30078125,22011.94921875,353200,0.0079146856998078,0.007883528864675105,-0.0019836142833689063,-0.0060822367942386935,-0.02056156084178329,-0.0019542717415388378,22165.64990234375,21920.8748828125,22063.63669381807,22050.918906831434,-0.006982602134245622,0.004137495277334321,238.61861561252584,0.007440239503879065,0.0074437549902565976,22561.38813347737,21769.91167121013,0.03595667309613134,0.3058051111794659,48.98445965121393,12.71778698664275,77.7253878361549,-65.00760084951214,36.961030820795365,18.689848977374897,45617700,1.0455736297568092,22.048828125,69.0,48.599609375,1,BUY
2024-03-22,21932.19921875,22180.69921875,21883.30078125,22096.75,388700,0.0038524885010076115,0.0038450866714008036,0.012801715656565849,0.003332844091697762,-0.017640646650628478,-0.005432631692396939,22159.61494140625,21931.912890625,22068.731048615293,22054.3138026217,-0.002844985864719892,0.007459789759806273,242.817174318774,0.007627819627582574,0.0072991900008648304,22555.69052767642,21763.53935513608,0.0358492164024275,0.42064022173309534,51.48280520721193,14.417245993598044,65.06375946764352,-50.64651347404548,47.34818670947399,33.36602894279147,46006400,1.1430167762045458,164.55078125,83.94921875,48.8984375,1,BUY
2024-03-26,21947.900390625,22073.19921875,21947.55078125,22004.69921875,328400,-0.00416580634029895,-0.004174507484794188,0.007582712306688277,-0.0023123275074700134,-0.014684829885335482,-0.009364012808692146,22149.21494140625,21939.632890625,22058.879997866785,22050.638648260832,-0.0065674936621315395,0.00295692876681356,236.13017749243298,0.007449188209364469,0.0073515493071859405,22550.06331444057,21748.366568371934,0.036432979069557885,0.3197376709270081,48.69509550276993,8.241349605956202,53.69927749530606,-45.45792788934986,36.0729861697572,40.127401233342205,45678000,0.9513739009516609,56.798828125,68.5,0.349609375,1,BUY
2024-03-27,22053.94921875,22193.599609375,22052.849609375,22123.650390625,409100,0.005405716783151604,0.005391158338500764,0.005074569760494141,0.014034691627096807,-0.009493717928785173,7.230836737592838e-05,22149.294921875,21949.1619140625,22068.84467367574,22056.046925472994,-0.0011591455658179713,0.007886965915735117,232.75662128761633,0.007754244746389755,0.007410390825302489,22550.122220731613,21748.467623018387,0.03623518648861543,0.46801049813271106,52.29025659048708,12.7977482027527,45.5189716367954,-32.7212234340427,50.6431864343524,44.68811977119455,46087100,1.1515833919774774,69.701171875,69.94921875,1.099609375,1,BUY
2024-03-28,22163.599609375,22516.0,22163.599609375,22326.900390625,410500,0.009187001078543977,0.009145057280234776,0.01041557652709102,0.022336121450748703,0.014965254711474696,0.005791006246505415,22155.7224609375,21957.80890625,22108.545553206393,22076.110145113882,0.007666891807309553,0.016531246071666093,244.15612043671516,0.006518909239764731,0.0076567206330306,22563.55176163563,21747.89316023937,0.036532549844614855,0.7098646779348173,57.73954898182682,32.435408092522266,42.90225892794078,-10.466850835418512,75.53905889276717,54.08507716562561,46497600,1.1303402034887693,163.30078125,189.099609375,0.0,1,BUY
2024-04-01,22455.0,22529.94921875,22427.75,22462.0,0,0.006050979178091831,0.006032745520934439,0.020781960103337216,0.020445748660306906,0.014239155981280671,0.023272111041304555,22181.26494140625,21965.099921875,22162.923160405408,22104.69457880915,0.012498221823245894,0.022121809194417225,241.21988527159263,0.006457963292269448,0.007257788858832317,22598.525417692217,21764.004465120284,0.03715256667135308,0.8364026484029045,60.93361901342306,58.2285815962714,45.9675234616069,12.261058134664495,91.71098276913693,72.63107603208552,46497600,0.0,7.0,67.94921875,27.25,1,BUY
2024-04-02,22458.80078125,22497.599609375,22388.150390625,22453.30078125,289500,-0.0003872860275131451,-0.00038736104211539534,0.01490036159515018,0.01613589243893343,0.019522514944410485,0.021403096206071615,22204.78994140625,21973.519921875,22207.596640535343,22130.517260471435,0.011067897867883841,0.021367943361612577,231.80769480576458,0.006027383817052568,0.0072657823245078435,22627.655993045522,21781.923889766975,0.037666270608408284,0.793841086177982,60.6159258340227,77.07938006392214,52.189894782069956,24.88948528185219,90.64977889600488,85.96660685263635,46208100,0.8283735836099324,5.5,38.798828125,65.150390625,1,BUY
2024-04-03,22385.69921875,22521.099609375,22346.5,22434.650390625,309600,-0.0008306302403686683,-0.0008309754048160305,0.004826016962266921,0.01953906152503282,0.01718155330812854,0.004293006127245258,22209.5849609375,21990.7739453125,22242.527986702986,22153.045640482807,0.010032045330269574,0.019785306995378348,227.7214029892814,0.0060913744210411595,0.006341085444470694,22640.51631805031,21778.65360382469,0.038416587698900724,0.761138376184377,59.89492903455381,89.48234622018572,59.64838506969312,29.8339611504926,88.37464737724916,90.24513634746368,45898500,0.8912301912863224,48.951171875,86.44921875,39.19921875,1,BUY
2024-04-04,22592.099609375,22619.0,22303.80078125,22514.650390625,401000,0.003565912488363576,0.0035595696965144527,0.002343976076262022,0.017673394448761037,0.03195612671695014,0.004867121753098225,22215.0375,22011.821953125,22284.392971921756,22179.83117753038,0.013307463603776807,0.022333388650324137,233.96981840076128,0.0042144145541285856,0.00635549620114258,22658.333731217732,21771.741268782265,0.03937846899921838,0.8379375567903294,61.983756333266186,104.56179439138577,68.63106693403165,35.93072745735412,88.51787855733646,89.1807682768635,46299500,1.1376047887204042,77.44921875,26.900390625,210.849609375,1,HOLD
2024-04-05,22486.400390625,22537.599609375,22427.599609375,22513.69921875,242200,-4.224679746289706e-05,-4.22476898839797e-05,0.00268995806400274,0.008366536548146897,0.03088953397535721,0.007040450879602034,22222.907421875,22029.6479296875,22319.67085604918,22204.56214354665,0.012916215769322425,0.021500300077713082,225.11483137213548,0.004285598619674552,0.006329758328811418,22681.28773062965,21764.527113120348,0.040720123716754646,0.8171949048860979,61.9424472742824,115.10871250254058,77.92659604773344,37.182116454807144,88.413216249092,88.43524739455923,46057300,0.6924055518232087,27.298828125,23.900390625,58.80078125,1,HOLD
2024-04-08,22578.349609375,22697.30078125,22550.349609375,22666.30078125,227600,0.006778164752814453,0.006755296273493474,0.010325562760799878,0.009095395835188258,0.029727106672707393,0.008554310118423114,22232.519921875,22058.1979296875,22372.998536849303,22238.76500559875,0.019137699775599613,0.026828500046444926,222.14959788126865,0.004155500070844511,0.006399922716980462,22718.77895126669,21746.260892483308,0.04290590106295014,0.9460388734752282,65.87216058795826,134.23353125056383,89.18798308829952,45.04554816226431,96.85949235846742,91.2635290549653,46284900,0.6586410464174075,87.951171875,31.0,28.0,1,HOLD
2024-04-09,22765.099609375,22768.400390625,22612.25,22642.75,232400,-0.0010390218270411866,-0.0010395619844089984,0.005689611304306119,0.008437477437981178,0.024709516105309692,0.006632977612159419,22239.9798828125,22081.9739453125,22414.498761949413,22268.689819998843,0.017788038872818074,0.02476625209780171,217.43536879153518,0.0043209425784369515,0.006407499790355109,22746.196793915507,21733.76297170949,0.04471337722697189,0.8978236486696953,64.76077925521358,145.80894195057772,100.51217486075517,45.29676708982255,88.12603936146061,91.13291598967335,46052500,0.6871978355042339,122.349609375,3.30078125,30.5,1,HOLD
2024-04-10,22720.25,22775.69921875,22673.69921875,22753.80078125,276800,0.0049044741142307835,0.004892486360835239,0.010664687316246813,0.014225779544947414,0.034042799451750705,0.01885805684764552,22261.03740234375,22109.99796875,22466.699072611045,22304.623965276707,0.02165631068161171,0.028294297673139353,211.4006437885684,0.003682120826983465,0.006229121670602077,22813.81828397952,21708.256520707982,0.04858800399547146,0.9457131164224934,67.54169605220517,162.07510733434174,112.82476135547248,49.25034597886926,97.94477358047865,94.31010176680225,46329300,0.8186200573743803,33.55078125,21.8984375,46.55078125,1,HOLD
2024-04-12,22677.400390625,22726.44921875,22503.75,22519.400390625,357200,-0.010301592814249916,-0.01035502147176367,-0.006481004202790741,0.00021097374010214942,0.01788809681099024,0.008224554336798695,22270.2224609375,22125.633984375,22474.806967690114,22320.533330117323,0.011065033942521577,0.01748565234507437,214.16136789295638,0.005575567105240974,0.006719138917831642,22833.66247662102,21706.782445253983,0.05004041012726809,0.7211219675128118,57.268633834740704,154.27363757279454,121.1145365989369,33.15910097385765,71.27977623504076,85.78352972566002,45972100,1.0474151834149459,158.0,49.048828125,15.650390625,1,HOLD
2024-04-15,22339.05078125,22427.44921875,22259.55078125,22272.5,355500,-0.010963897188301042,-0.011024443666037696,-0.016351812390279497,-0.010713442353761371,-0.002436540212623628,0.01249225105395424,22283.9625,22140.6419921875,22443.68281881471,22316.97530566419,-0.0005146481086542353,0.005920215863172138,217.42481371310234,0.006209898201192313,0.006259870970763067,22833.37741653399,21734.547583466014,0.04933572042060727,0.4895684484935331,48.84174512244169,126.70751315052621,122.23313190925477,4.474381241271445,43.61271853414692,70.94575611655546,45616600,1.0639253007721283,66.55078125,88.3984375,12.94921875,1,HOLD
2024-04-16,22125.30078125,22213.75,22079.44921875,22147.900390625,317300,-0.005594325260972033,-0.005610032105390299,-0.026628535445571977,-0.022870974652106968,-0.013983599384516099,5.644194394882618e-05,22284.025,22149.086015625,22398.17782986245,22304.45123788351,-0.006146163156514002,-5.353216237599289e-05,215.68381139430932,0.005989905178706676,0.006232990036550033,22833.377702123475,21734.67229787653,0.0496076551216574,0.3761045419006767,45.225071761201704,93.72659197894973,116.53182392319377,-22.805231944244042,24.192475684650436,46.361656817946056,45299300,0.9654060303648007,22.599609375,65.849609375,45.8515625,1,BUY
2024-04-18,22212.349609375,22326.5,21961.69921875,21995.849609375,456900,-0.0068652458503182245,-0.006888920065700564,-0.02324887750865512,-0.028569868528557696,-0.020373448711692443,-0.001248674724225185,22282.65,22155.0540234375,22336.281180556685,22281.59185799399,-0.013038841223153404,-0.007237929740829138,226.33502352685863,0.006215336091129972,0.006300622864246584,22834.736504206758,21730.563495793245,0.050199152477515364,0.24025774182134774,41.21434416427064,54.689322562710004,104.16332365109703,-49.47400108838703,4.195379683660934,24.00019130081945,44842400,1.434807185027002,216.5,114.150390625,34.150390625,1,BUY
2024-04-19,21861.5,22179.55078125,21777.650390625,22147.0,362500,0.0068717686886063944,0.006848265696137249,-0.005634751375014013,-0.02666810644444184,-0.01282170150265427,0.004139555057605326,22287.2150390625,22160.9180078125,22307.160998932577,22271.622090735174,-0.0063311075568925484,-0.0006284376128820665,238.87540689101158,0.006828698584873209,0.0064820971327712385,22833.19581059083,21741.234267534168,0.049305167429298,0.37159342748429103,46.31152746070829,35.538908197417186,90.43844056036106,-54.89953236294387,37.007168283428015,21.798341217246485,45204900,1.1372549019607807,285.5,32.55078125,83.849609375,1,BUY
2024-04-22,22336.900390625,22375.650390625,22198.150390625,22336.400390625,279300,0.008551965982977361,0.008515605079627573,0.00851096477207336,-0.008126326492963964,-0.007917067194355476,0.02378606072010525,22313.16259765625,22172.21203125,22311.65936688526,22276.420483319605,0.0010403553196737703,0.007350708104422764,238.14504858629647,0.007380643311433615,0.006186928699273793,22814.909300949515,21811.415894362985,0.04492637081343311,0.5231568965134232,51.93545827377399,35.23888356566749,79.39852916142235,-44.15964559575485,55.98423486451103,32.39559427720001,45484200,0.8852474604205928,0.5,38.75,138.25,1,BUY
2024-04-23,22447.05078125,22447.55078125,22349.44921875,22368.0,231500,0.0014147135985376202,0.0014137138340638612,0.016919118708030423,0.004287798855090452,-0.006471580584529568,0.02421804928248772,22339.6076171875,22180.9840234375,22320.32715659522,22283.204151221857,0.0012693304190138021,0.00836087162743649,229.074001589061,0.007410923798141294,0.006186924016021903,22791.94231937291,21887.27291500209,0.04044480527408885,0.5313842633284539,52.82337315231891,37.123005373374326,70.94342440381274,-33.820419030438416,59.15037348263506,50.71392554352472,45715700,0.743273614589351,79.05078125,0.5,18.55078125,1,BUY
2024-04-24,22421.55078125,22476.44921875,22384.0,22402.400390625,235900,0.0015379287654238016,0.001536747364098986,0.011532053579491608,0.011490931217467804,-0.01164285223124295,0.01773814613121183,22359.13017578125,22190.42203125,22332.953807984417,22292.03350228876,0.001931499039801872,0.00946230563148532,220.45794567198521,0.0070034029012222025,0.005984510161380989,22786.211834121725,21932.048517440777,0.03812820509352202,0.5506580111767562,53.82345220886676,40.92030569567214,64.93880066218463,-24.018494966512492,62.59713777468146,59.243915373942535,45951600,0.7719367136242388,19.150390625,54.8984375,18.400390625,1,BUY
2024-04-25,22316.900390625,22625.94921875,22305.25,22570.349609375,475000,0.0074969296067168845,0.007468967297299811,0.01047389976265789,0.026118563738276368,-0.0031975087224387355,0.0214329984895969,22382.81015625,22207.4700390625,22369.47623896758,22312.649510221072,0.00830910714148179,0.016077711537165165,227.61803660612912,0.00751939028282491,0.006132897461103467,22801.510329987468,21964.109982512535,0.037101788938488756,0.7239543531236573,58.45403444127809,56.826728746527806,63.31638627905327,-6.489657532525463,79.42489349335911,67.05746825022523,46426600,1.532703042818878,253.44921875,55.599609375,11.650390625,1,HOLD
2024-04-26,22620.400390625,22620.400390625,22385.55078125,22419.94921875,329900,-0.006663626980883297,-0.006685928069119567,0.002322479379023523,0.012324433049623051,-0.014672342687253703,0.01887096914490738,22403.57265625,22220.2190234375,22377.24131278026,22320.59763677877,0.0007304460121749782,0.008908592671809564,228.13457751819132,0.0075204916100508196,0.006269237317723792,22784.712782245722,22022.432530254275,0.03400008824970691,0.5214836504772312,53.299462248591304,56.64367600150581,61.98184422354378,-5.338168222037972,64.35545135919499,68.79249420907853,46096700,1.0642450441150344,200.451171875,0.0,34.3984375,1,HOLD
2024-04-29,22475.55078125,22655.80078125,22441.900390625,22643.400390625,292000,0.00996662256880243,0.009917283345523465,0.010757775764995925,0.013744381128163008,0.00550636330670784,0.02349295847760491,22429.56015625,22240.766015625,22418.18886321791,22344.50895187849,0.009443821629525853,0.017781533164369753,228.68579073117763,0.007601103848767364,0.006517724585753122,22801.579737045962,22057.54057545404,0.03285898534479718,0.7874045418747659,59.07375025231201,73.6799113394336,64.32145764672175,9.358453692711848,86.74425294666743,76.84153259974052,46388700,0.9601157399796109,167.849609375,12.400390625,33.650390625,1,HOLD
2024-04-30,22679.650390625,22783.349609375,22568.400390625,22604.849609375,361900,-0.00170251731563964,-0.0017039682453004383,0.0015285540807781217,0.010588770090083965,0.014921971461443473,0.012449073265302424,22443.4576171875,22257.9980078125,22446.90590108823,22363.793445026382,0.00713970652211567,0.015344123387516277,227.70460701823637,0.006527287928743217,0.006263695400329915,22819.83971531825,22067.075519056754,0.033301004398157884,0.7143991345341828,57.74714322152285,83.11245606186276,68.07965732974995,15.03279873211281,82.25115455276374,77.78361961954208,46026800,1.1995359628770261,74.80078125,103.69921875,36.44921875,1,HOLD
2024-05-02,22567.849609375,22710.5,22567.849609375,22648.19921875,445900,0.0019177127972140884,0.0019158763335262374,0.010180665342859552,0.010971986208578866,0.022588995764888375,0.008289520913097759,22452.767578125,22274.1609765625,22477.874103805425,22384.860539376277,0.008629014551550128,0.016515142708469342,221.6293058472909,0.006033517454925206,0.006142699261448652,22839.590332099837,22065.944824150163,0.03415925038795966,0.7526113557386033,58.86577652130274,93.01356442915494,73.06643874963095,19.947125679523992,86.56154960595667,85.18565236846263,46472700,1.3762558064167616,80.349609375,62.30078125,0.0,1,HOLD
2024-05-03,22766.349609375,22794.69921875,22348.05078125,22475.849609375,438100,-0.007609859296553445,-0.0076389620148829334,-0.007399541515830443,-0.0041869090038706425,0.02182229868472163,0.0010042544900048522,22453.89501953125,22285.46296875,22477.562643123823,22391.60047048729,0.000976808006162865,0.008470720525981306,237.70210096534154,0.006161778052599244,0.006400233740872528,22840.848838052774,22066.941201009726,0.03443285350691439,0.5283684884246729,52.872413306118816,85.96217263653307,75.64558552701138,10.316587109521691,68.64952787342361,79.15407734404802,46034600,1.3218676925397863,290.5,28.349609375,127.798828125,1,HOLD
2024-05-06,22561.599609375,22588.80078125,22409.44921875,22442.69921875,320300,-0.0014749338156797576,-0.0014760226012829026,-0.007173256775738546,0.001014721299233523,0.013351660213573036,0.00035876770909526456,22454.2974609375,22293.50296875,22472.199039374005,22395.385562951193,-0.0005167935494056605,0.0066478745959110495,233.5342053606743,0.006019007215003585,0.006406622149330035,22841.187119463968,22067.407802411035,0.03447799703194661,0.48501091728303064,51.78037975396022,76.81347642281253,75.87916370617161,0.9343127166409175,65.39005893660618,73.53371213866217,45714300,0.9648752861790548,118.900390625,27.201171875,33.25,1,HOLD
2024-05-07,22489.75,22499.05078125,22232.05078125,22302.5,297800,-0.006246985595782073,-0.0062665796554610105,-0.015263872213902241,-0.015055176552287719,-0.0015177195086111261,-0.009422770815634696,22443.68994140625,22297.10796875,22446.091494854925,22388.505150880734,-0.006330677789765721,0.00024176801928040847,235.92461926348327,0.005867125303730981,0.0064972897276835365,22834.98717957353,22052.39270323897,0.03508998885033344,0.3195873524844425,47.32823961520972,57.58634397419519,72.22059975977633,-14.634255785581146,51.605153544358004,61.881580118129285,45416500,0.911260709914318,187.25,9.30078125,70.44921875,1,HOLD
2024-05-08,22231.19921875,22368.650390625,22185.19921875,22302.5,277400,0.0,0.0,-0.0077127055211605455,-0.01337543113976769,-0.0029282904148784095,-0.009380920332013098,22433.12998046875,22299.218984375,22424.000495646476,22382.134398963644,-0.005857190022138839,0.00014711425288651948,232.1765158785916,0.0058425730598946814,0.006497437230213225,22827.685600914534,22038.57436002297,0.03538218768710078,0.3344593592134163,47.32823961520972,41.86609668283927,66.14969914438892,-24.28360246154965,51.605153544358004,56.20012200844075,45693900,0.8442902361821255,71.30078125,66.150390625,46.0,1,HOLD
2024-05-09,22224.80078125,22307.75,21932.400390625,21957.5,331300,-0.01546911781190452,-0.015590012996666094,-0.02161946805153614,-0.030496871388263957,-0.019859496431961943,-0.031271127480860694,22397.68994140625,22297.26796875,22352.231188623944,22350.67999904041,-0.020047361557839007,-0.015473891324148857,242.40316541404937,0.007496471478804474,0.007073483632745517,22827.830852442497,21967.549030370003,0.03917940667528156,-0.011681091140321787,38.00292508925258,1.5511895835370524,53.229997232218544,-51.67880764868149,17.68347835438395,40.29792848103334,45362600,0.9926740475512712,267.30078125,82.94921875,25.099609375,1,BUY
2024-05-10,21990.94921875,22131.30078125,21950.30078125,22055.19921875,265800,0.0044494691449390444,0.004439599522660019,-0.011088478029368853,-0.018715661384811066,-0.02282420961751619,-0.02594873773062023,22368.31240234375,22294.02296875,22306.53396248949,22328.792533833715,-0.014196796886221667,-0.010828455804514612,238.01722502733156,0.007121014350279555,0.00720023114621484,22807.65069648522,21928.974108202277,0.03983988444484076,0.14365366305507304,41.51714078284537,-22.2585713442204,38.13228351693076,-60.39085486115116,14.240866868857546,27.84316625586652,45628400,0.7924511426143709,64.25,76.1015625,40.6484375,1,BUY
2024-05-13,22027.94921875,22131.650390625,21821.05078125,22104.05078125,278200,0.0022149680905385605,0.002212518664983643,-0.008898070563838179,-0.015089470040977604,-0.014090060348388778,-0.028555668841726778,22335.82490234375,22291.85,22275.382703837262,22312.144996605293,-0.010485594852612001,-0.008496144919704096,243.20168105216501,0.007067486071320698,0.0071029278703853204,22751.80923966476,21919.84056502274,0.03763874245836178,0.22141484630572325,43.249349074322886,-36.76229276802769,23.15336825993907,-59.91566102796676,29.065932743306025,20.33009265551586,45906600,0.8292472092641971,76.1015625,27.599609375,206.8984375,1,BUY
2024-05-14,22112.900390625,22270.05078125,22081.25,22217.849609375,230200,0.005148324587705533,0.005135117275633606,0.01185697868040525,-0.0037955561315995423,-0.01879358991621194,-0.013390710943420037,22320.74736328125,22293.7659765625,22266.531458535374,22305.160153106754,-0.004631310217476321,-0.0034169088603185926,239.31590249486752,0.006332866574605058,0.0069244550853946344,22730.841598951964,21910.653127610538,0.0369157450321088,0.37454376950905555,47.174523439659,-38.62869457137276,10.796955693676706,-49.42565026504947,40.75380936715158,28.020202993105073,46136800,0.6994090570738429,104.94921875,52.201171875,31.650390625,1,BUY
2024-05-15,22255.599609375,22297.55078125,22151.75,22200.55078125,231900,-0.0007786004689536163,-0.0007789037357247285,0.006590353642166535,-0.004571201378769207,-0.01788549072926915,-0.0032304060500617515,22317.14990234375,22293.81,22256.380585106857,22297.411310746993,-0.005252082357894767,-0.004200761488708901,232.63625097737696,0.006342432145413174,0.006486776077037595,22730.12616955924,21904.17363512826,0.03720414608490516,0.3588307242444181,46.64635866727365,-41.030725640132005,0.4314194269149638,-41.46214506704697,38.977107689345004,36.26561659993422,45904900,0.7180566952052122,55.048828125,41.951171875,48.80078125,1,BUY
2024-05-16,22319.19921875,22432.25,22054.55078125,22403.849609375,368900,0.009157377676264788,0.00911570311987133,0.013563071813936789,0.02032788839234878,-0.010788919993811596,0.011556364903029026,22329.94736328125,22302.863984375,22279.068127301955,22305.29562916388,0.0032986405185840826,0.004507512180305979,242.99789153256432,0.007171090623103611,0.006670237480130869,22736.97142356996,21922.92330299254,0.03633518947729309,0.5907836333320658,53.268180282182456,-26.227501861925703,-4.90036483085317,-21.32713703107253,59.857213926356245,46.52937699428429,46273800,1.1332114826362722,84.650390625,28.400390625,264.6484375,1,BUY
2024-05-17,22415.25,22502.150390625,22345.650390625,22466.099609375,242700,0.0027785403439750667,0.0027746873362616406,0.011173448572414868,0.018630545412424926,-0.00043379895173945027,0.021379033242688195,22353.45986328125,22312.5299609375,22307.84220146704,22317.207035105443,0.005013765097291183,0.0068356168230206005,236.81947070880975,0.00686279954901287,0.006447339107981585,22734.038974661715,21972.880751900782,0.03388030125368555,0.6479846669520666,55.105544623330054,-9.364833638406708,-5.793258592363878,-3.57157504604283,66.25069206512232,55.028337893607876,46516500,0.770904470737709,50.849609375,36.05078125,69.599609375,1,BUY
2024-05-21,22404.55078125,22591.099609375,22404.55078125,22529.05078125,347600,0.002802051667603722,0.002798133238882937,0.014796930185959178,0.019227245006173677,0.0038476460277048208,0.017250678703661926,22372.56240234375,22316.3359765625,22341.874290664422,22332.899164449485,0.006946070672293494,0.009441800577969074,233.2287105242519,0.006895392736028526,0.006317778571818428,22748.09153715223,21997.033267535266,0.03333732419130773,0.7083571744511261,56.948928167090585,8.97512621493297,-2.839581630904508,11.814707845837479,72.71618509632744,66.27469702926868,46864100,1.1067244014263846,124.5,62.048828125,0.0,1,BUY
2024-05-22,22576.599609375,22629.5,22483.150390625,22597.80078125,290300,0.0030516154749500313,0.0030469687473969323,0.008657046679774183,0.01710116768972436,0.01324070311624248,0.011702887934204265,22385.632421875,22320.18,22381.247596908357,22352.521506434707,0.009388894141904301,0.012285300854601262,227.0230604421625,0.006515076720462858,0.00608127575187995,22773.21951750123,21998.04532624877,0.034303081027939775,0.7737041064685365,58.932181528738425,28.726090473643126,3.473552790005019,25.252537683638106,79.77725532990443,72.91471083045143,47154400,0.9226710739598865,21.201171875,31.69921875,93.44921875,1,HOLD
2024-05-23,22614.099609375,22993.599609375,22577.44921875,22967.650390625,369800,0.01636661960848307,0.01623413013834582,0.022324782226136985,0.034553179195124795,0.029824028275978076,0.026808404444966127,22415.61494140625,22332.4069921875,22471.463411326306,22398.08660896732,0.02403534710037567,0.027658179554004087,240.5321554552223,0.008023449037551793,0.007031564087817253,22878.556356183057,21952.67352662944,0.04031247488561322,1.0962260359486318,67.58373898718483,73.37680235897642,17.4542027037993,55.92259965517712,97.7869391766401,83.42679320095733,47524200,1.1500723071420762,353.55078125,25.94921875,36.650390625,1,HOLD
2024-05-24,22930.75,23026.400390625,22908.0,22957.099609375,261900,-0.0004593757337192361,-0.00045948127907615604,0.018999860770043897,0.02469441679203599,0.045524290532847456,0.024760704615480966,22443.34990234375,22342.06796875,22546.17667256457,22439.49497936789,0.022378685277013352,0.02679047663206714,231.80845796734928,0.005039269571174963,0.007042885765701771,22962.81505569026,21923.884748997243,0.045255294630892604,0.9944987201938064,67.14915138848768,106.6816931966714,35.29970080237372,71.38199239429768,94.25056591788884,90.6049201414778,47262300,0.8112252009478208,26.349609375,69.30078125,22.75,1,HOLD
2024-05-27,23038.94921875,23110.80078125,22871.19921875,22932.44921875,260000,-0.0010737589261899938,-0.0010743358183047916,0.014808894048560006,0.020757924939511785,0.03977520181519001,0.016043154653864855,22461.4548828125,22350.8459375,22605.603218131557,22476.01010821101,0.020538335502010202,0.025361585921423162,232.36510829111006,0.005336088979582857,0.006901939065069355,23021.05360280284,21901.85616282216,0.048804095424120765,0.9208322134338598,66.08002467507272,129.59310992054088,54.15838262600715,75.43472729453373,86.17161756154293,92.73637421869064,47002300,0.8330796712539424,106.5,71.8515625,61.25,1,BUY
2024-05-28,22977.150390625,22998.55078125,22858.5,22888.150390625,217900,-0.0019317094176221072,-0.00193357757447097,-0.0034613902009084097,0.01593940254570625,0.03547311834987821,0.02088323962319416,22484.86494140625,22361.9559375,22649.07201389978,22506.53901801945,0.01761983569384168,0.02298981980389864,225.7712277881736,0.00563606367571734,0.006710393462928867,23073.955657076593,21895.774225735906,0.05147560686350919,0.8422948609527806,64.1047302202709,142.5329958803195,71.83330527686962,70.69969060344988,82.736934241132,87.7197059068546,46784400,0.7109414509208937,89.0,21.400390625,29.650390625,1,HOLD
2024-05-29,22762.75,22825.5,22685.44921875,22704.69921875,269900,-0.008015115627261094,-0.0080474093408375,-0.010994437229428056,0.004730479684053934,0.021912544100108233,0.0027071388160577747,22487.9298828125,22369.3359375,22657.630045415197,22521.2175514069,0.009547333521092771,0.01477065509738399,224.12336665151835,0.006654998448948745,0.006658009225336294,23080.913036024253,21894.946729600746,0.052234398482764816,0.6827786630722459,56.56398017225062,136.4124940082911,84.74914302315392,51.663350985137185,68.51315661949991,79.1405694740583,46514500,0.8837879432856319,58.05078125,62.75,19.25,1,HOLD
2024-05-30,22617.44921875,22705.75,22417.0,22488.650390625,373400,-0.009515599658179275,-0.00956116224385675,-0.019352439152558576,-0.020855420204215602,0.01297713791940347,-0.00514045528981566,22482.119921875,22379.1549609375,22631.633175447478,22518.805169126757,0.0002903895359021489,0.004868919556557579,228.73955474783847,0.007595114529893108,0.006993567973327862,23072.67902708208,21891.560816667923,0.05252063551606175,0.5055290560181981,49.22072554075455,112.82800632070939,90.36491568266501,22.463090638044378,51.761939087032374,67.67067664922145,46141100,1.2204010262611698,128.798828125,88.30078125,71.650390625,1,BUY
2024-05-31,22568.099609375,22653.75,22465.099609375,22530.69921875,572100,0.0018697799732139142,0.0018680341105537352,-0.015617302655500431,-0.018573791893592317,0.00566195594001484,-0.0051880504434420605,22476.244921875,22386.8359375,22616.104874417095,22519.686209839587,0.002416893339452267,0.006385211566371508,225.87604302477857,0.007092103461391365,0.006992799808738124,23062.399779647123,21890.09006410288,0.05203166151934828,0.5464504355397007,50.565849677089325,96.41866457749711,91.57566546163144,4.842999115865666,55.02216999418492,58.43242190023909,46713200,1.832039068129047,37.400390625,85.650390625,65.599609375,1,BUY
2024-06-03,23337.900390625,23338.69921875,23062.30078125,23263.900390625,569400,0.03254231769535276,0.03202403067452011,0.024629314244039913,0.014453369926313853,0.03551131683387898,0.035062113110122084,22515.6474609375,22411.646953125,22715.76572306446,22574.813186194064,0.032163692120562665,0.036634159499902466,267.4563256658658,0.012384643165491548,0.009916986133910755,23194.946712510424,21836.348209364576,0.05839942917282015,1.050753536054885,66.98728347795905,140.9525368703944,101.45103974338403,39.50149712701037,94.1752194730214,66.98644285141292,47282600,1.7858487015430882,74.0,0.798828125,201.599609375,1,HOLD
2024-06-04,23179.5,23179.5,21281.44921875,21884.5,1006100,-0.05929359941641077,-0.06112419596275757,-0.026864679744270314,-0.0438502182787166,-0.028609762013871998,-0.024872196223333365,22487.7375,22408.22296875,22587.878688746852,22523.678876105616,-0.027564600516347154,-0.023931228437935537,389.9559575379468,0.023440907495164757,0.016889363020191565,23220.497176695793,21754.977823304205,0.06696608802538728,0.08837971084855265,40.03944533485666,64.19981264123635,94.0007943229545,-29.800981681718156,29.31344179122615,59.5036104194775,46276500,2.8490924022314648,1295.0,0.0,603.05078125,1,BUY
2024-06-05,22128.349609375,22670.400390625,21791.94921875,22620.349609375,638500,0.033624236760035675,0.03307130264902321,0.003979032774552804,-0.0037150727504613457,0.00099783285742161,0.01425174798228901,22503.62998046875,22424.2809765625,22592.874214997337,22530.83967116261,0.005159939210571445,0.008667798517633898,424.84847284773633,0.02610848490176735,0.018526172847302038,23233.411501253468,21773.848459684035,0.06452433612982342,0.5799688849206286,51.295454988576076,62.03454383472854,87.60754422530931,-25.573000390580773,65.08204596548791,62.85690240991184,46915000,1.724906460632416,492.0,50.05078125,336.400390625,1,BUY
2024-06-06,22798.599609375,22910.150390625,22642.599609375,22821.400390625,480400,0.008888049244237806,0.008848783029735371,-0.019020886118405134,0.014796352569859783,-0.006367651784690009,0.023266467464409857,22529.575,22443.9269921875,22628.03208817082,22552.36268741908,0.01278735685058489,0.016540325833491232,415.20220916218375,0.025704664939228457,0.01861052907157331,23265.777040767647,21793.372959232354,0.06451856837585455,0.6981965374070489,53.84486799650947,75.66940075174352,85.21991553059615,-9.55051477885263,74.85483883217888,56.416775529631,47395400,1.2631634303143413,22.80078125,88.75,156.0,1,BUY
2024-06-07,22821.849609375,23320.19921875,22789.05078125,23290.150390625,473600,0.020539931466807104,0.02033183181806326,0.06423040922228052,0.03370739471960049,0.01450752869121108,0.06069226417511109,22596.20751953125,22469.491015625,22729.896442394544,22607.013628397297,0.029795551314820333,0.03523632785687549,423.48408261488487,0.026537772774068442,0.018642819271188493,23354.14874286852,21838.26629619398,0.06508684663902951,0.9577814543701095,59.206334928593975,122.88281399724656,92.75249522392625,30.13031877332031,97.64011043261635,79.19233174342774,47869000,1.2224143716284201,468.30078125,30.048828125,32.798828125,1,BUY
2024-06-10,23319.150390625,23411.900390625,23227.150390625,23259.19921875,304400,-0.0013289382574128705,-0.0013298220789751808,0.028242251795711715,-0.00020208012397160413,0.014248369063555755,0.05459030263378595,22656.40751953125,22492.74,22811.327638756924,22655.323672127124,0.02591627052804205,0.03295294956380659,406.4316481423931,0.026540926582890315,0.018665864761332807,23424.10038805209,21888.71465101041,0.06601197756644847,0.892599517290874,58.72129248851891,156.00396662979256,105.40278950509952,50.60117712469304,92.83244911261644,88.4424661258039,47564600,0.7817957674131889,59.951171875,92.75,32.048828125,1,BUY
2024-06-11,23283.75,23389.44921875,23206.650390625,23264.849609375,305200,0.0002429314342191624,0.00024290193115634738,0.01943128866588606,0.06307430415933646,0.016458263875454904,0.052515208167620564,22714.4474609375,22517.9430078125,22881.100249621242,22700.47374155289,0.023658100425274445,0.03210451019900509,390.4578752840079,0.026516416074513,0.018674487677904413,23481.84472654231,21947.05019533269,0.06597053309947665,0.8586161777647545,58.787670583472746,180.62650806834426,120.44753321774847,60.17897485059579,93.09766948938889,94.52340967820726,47869800,0.7811420234956854,18.900390625,105.69921875,58.19921875,1,BUY
2024-06-12,23344.44921875,23441.94921875,23295.94921875,23322.94921875,295600,0.002497312914139238,0.002494199810096445,0.0014082703449695977,0.031060510624637105,0.02723004581753874,0.04973926949747165,22769.70244140625,22541.928984375,22949.077014102593,22746.583036160086,0.023721132870236583,0.03348719868356588,375.2179991476502,0.026284584156887853,0.018665831102570748,23545.214597602542,21994.19028520996,0.06650206617719123,0.8566976822493928,59.508678556076994,202.493977942504,136.8568221626996,65.6371557798044,94.49201573709789,93.47404477970109,48165400,0.75029189298949,21.5,97.5,27.0,1,BUY
2024-06-13,23480.94921875,23481.05078125,23353.900390625,23398.900390625,268300,0.0032564994745150067,0.0032512085635553246,0.006006276078601269,0.025305195567106198,0.04047597273242598,0.053978372932400154,22829.619921875,22563.368984375,23018.280610490652,22794.90284019452,0.024329368442377194,0.03570814834464461,359.7096822442466,0.02591622725068759,0.0186492108094938,23605.1519817886,22054.0878619614,0.06628790643720368,0.8670257479829749,60.48199457472679,223.37777029612698,154.16101178938507,69.21675850674191,96.26521493594366,94.6183000541435,48433700,0.6778676099039902,82.048828125,0.1015625,45.0,1,HOLD
2024-06-14,23464.94921875,23490.400390625,23334.25,23465.599609375,223100,0.0028505279152657437,0.0028464728647632507,0.008628897386858903,0.007533193895588708,0.04149451295532702,0.04739140899944738,22882.707421875,22583.4409765625,23087.098918011325,22844.58408235604,0.0248402852346941,0.037593696623889394,345.16973284287184,0.02590793100676047,0.01858927983575246,23679.460084945593,22085.954758804404,0.06790814437592933,0.865792431275181,61.36040095805479,242.51483565527815,171.8317765625637,70.68305909271444,98.87725987039593,96.54483018114585,48656800,0.5742451931739194,0.650390625,24.80078125,130.69921875,1,HOLD
2024-06-18,23570.80078125,23579.05078125,23499.69921875,23557.900390625,272200,0.003933450786960613,0.0039257349959185015,0.010073819124303274,0.012842280985933874,0.012637605692228604,0.04859770054586576,22937.2974609375,22605.53296875,23159.529913798047,22897.422327413,0.026343728405205033,0.04042666817005468,328.6184070594524,0.023959073431533674,0.018592034530373724,23761.529959552663,22113.06496232234,0.06997503894219449,0.876473222500527,62.5993375348306,262.1075863850383,189.88693852705865,72.22064785797966,99.07945785856855,98.0739775549694,48929000,0.6979755631626839,12.900390625,8.25,58.201171875,1,HOLD
2024-06-19,23629.849609375,23664.0,23412.900390625,23516.0,328800,-0.0017786131162043084,-0.0017801967265448713,0.00500449198125219,0.010795272475081719,0.0745504809339943,0.043807847402581146,22986.644921875,22627.1599609375,23214.371465521428,22943.242895752777,0.02251042176071617,0.03779724609042776,323.0813500819915,0.011294072924387596,0.018616864833787307,23825.253757756058,22148.03608599394,0.07132240482063781,0.8156150135050955,61.633222770605016,271.1285697686362,206.13526477537417,64.99330499326206,93.78817017606852,97.24829596834435,48600200,0.8451464483543013,113.849609375,34.150390625,103.099609375,1,BUY
2024-06-20,23586.150390625,23624.0,23442.599609375,23567.0,280300,0.0021687361796223215,0.0021663878659495613,0.004321235864967576,0.010463976016112042,0.041849503078973616,0.042889094745634404,23035.1048828125,22648.206953125,23268.622009287366,22989.447125697017,0.022569487723829995,0.038986423680358054,312.9612815493492,0.006503816973674071,0.018616068799470968,23890.08661277107,22180.12315285393,0.07255753638210805,0.8110564229322563,62.393992111763296,279.1748835903345,220.74318853836627,58.431695051968234,95.9287331559368,96.26545373019131,48880500,0.7214093605631247,19.150390625,37.849609375,124.400390625,1,BUY
2024-06-21,23661.150390625,23667.099609375,23398.19921875,23501.099609375,609900,-0.00279629951309035,-0.0028002164622532473,-0.002411113906933937,0.0043676932267699975,0.029783414125156726,0.023226111930358506,23061.77734375,22667.9549609375,23304.387793916234,23027.34730967316,0.018693689781636713,0.035451304929797624,309.81407505475283,0.006602260059724975,0.018343452723738617,23939.654483904967,22183.900203595033,0.0747094523019482,0.7502185360167246,60.71857949810122,277.0404842430544,232.00264767930392,45.03783656375046,93.04172980867868,94.25287771356135,48270600,1.5226563475221533,160.05078125,5.94921875,102.900390625,1,BUY
2024-06-24,23382.30078125,23558.099609375,23350.0,23537.849609375,239400,0.00156375661610908,0.0015625352218749532,0.0009291380071014821,0.0030789752319448915,0.010635363644955431,0.025297185179387283,23090.81484375,22685.3859375,23340.304996294508,23065.16229483626,0.018992166788547662,0.03621671843529279,302.5487560776276,0.002336655807564314,0.018338753539936962,23991.05539070751,22190.57429679249,0.07649301545362484,0.74828628700133,61.34198777505205,275.14270145822957,240.63065843508906,34.51204302314051,94.58219022754048,94.517551064052,48510000,0.5993615822745182,155.548828125,20.25,32.30078125,1,BUY
2024-06-25,23577.099609375,23754.150390625,23562.05078125,23721.30078125,298100,0.007793879853915442,0.007763664467508334,0.006547323853269393,0.006936118580840311,0.019867475150540992,0.03439892333240269,23130.257421875,22706.956953125,23398.919732441507,23113.765145681722,0.02491614455823503,0.042760885563525454,296.3881864470828,0.0029895761149064245,0.018382631867903034,24067.645678549092,22192.86916520091,0.07903346155578694,0.8152607018308724,64.38088707652278,285.1545867597706,249.5354441000254,35.61914265974522,98.32587963732534,95.31659989118153,48808100,0.7427802556499621,144.201171875,32.849609375,15.048828125,1,BUY
2024-06-26,23723.099609375,23889.900390625,23670.44921875,23868.80078125,287800,0.006218040121837909,0.006198787876631016,0.015646126265867144,0.015002584676390596,0.02595981414088433,0.04284533148762759,23179.28994140625,22729.256953125,23471.209124565892,23169.69371127937,0.028887535916148444,0.0477419807793679,290.89268540621975,0.003195352805124234,0.018384588171463823,24162.369840337873,22196.210042474624,0.08237363141460188,0.8506891151941139,66.65084515052425,301.5154132865064,259.93143793732156,41.58397534918481,98.30837840461747,97.07214942316112,49095900,0.7109244735379467,145.701171875,21.099609375,52.650390625,1,BUY
2024-06-27,23881.55078125,24087.44921875,23805.400390625,24044.5,515200,0.007361040898544724,0.007334080659762657,0.021524922583548323,0.020261382441549625,0.030937373077583263,0.05900984498149908,23246.27998046875,22759.7589453125,23559.407720786523,23234.49417711053,0.03319761357197075,0.053431805805381684,290.26098131470405,0.003535040906827922,0.018253183770640804,24272.5186684167,22220.0412925208,0.08536161599933033,0.8889056361373737,69.17115793722184,324.91354367598615,272.9278590850545,51.98568459093167,96.69213875267006,97.77546559820432,49611100,1.2352250113884264,162.94921875,42.94921875,76.150390625,1,BUY
2024-06-28,24085.900390625,24174.0,23985.80078125,24010.599609375,354800,-0.0014099020825968367,-0.0014108969297394127,0.012195740477843886,0.02167983662333617,0.026142220725683396,0.06767632527136724,23322.37744140625,22794.5209375,23628.82185749244,23291.983468389382,0.02866326452339124,0.05064757613967198,282.9708554172252,0.0038035869468185926,0.01804876556756618,24338.270610170322,22306.484272642178,0.08462039143474072,0.838727628617287,68.10174021803549,336.8383891030571,285.70996508865505,51.12842401440207,83.10844507079791,92.70298740936182,49256300,0.852556708958091,75.30078125,88.099609375,24.798828125,1,BUY
2024-07-01,23992.94921875,24164.0,23992.69921875,24141.94921875,0,0.005470484349075377,0.00545557559691747,0.011443743655297878,0.025665029703239695,0.028823026925967943,0.07151353734548649,23402.93994140625,22834.4019140625,23707.764528455144,23354.94389434202,0.030611002891588957,0.05416080088810668,274.99442154813767,0.003912173897853446,0.01805026654984554,24410.444960110657,22395.434922701843,0.08346509302752753,0.8667521568742189,70.03481250892587,352.82063411312265,299.1320988935486,53.68853521957408,96.68674273092353,92.16244218479717,49256300,0.0,149.0,22.05078125,0.25,1,HOLD
2024-07-02,24228.75,24236.349609375,24056.400390625,24123.849609375,0,-0.0007497161563467802,-0.0007499973340487516,0.0033001147611719794,0.016969930605289063,0.024023754637116257,0.03696496306769559,23445.93740234375,22876.9619140625,23771.77761782743,23411.899873233353,0.02810132785638829,0.051686928724175726,268.20547849112785,0.004046395431836992,0.016729141534921384,24498.433001699945,22393.441802987552,0.0872576820365499,0.8220499009426279,69.41060066114032,359.87774459407956,311.28122803365477,48.59651656042479,88.03701049876943,89.27739943349697,49256300,0.0,104.900390625,7.599609375,67.44921875,1,BUY
2024-07-03,24291.75,24309.150390625,24207.099609375,24286.5,0,0.006742306607722792,0.006719678910168409,0.011490774704238316,0.01749979911341515,0.032764926007824435,0.109758047933469,23566.03740234375,22919.7519140625,23850.96567662321,23476.685067808663,0.02966514720755355,0.05627604166666663,262.2837144024758,0.00396882752222828,0.008495286351810615,24404.93113249811,22727.14367218939,0.06908313097023937,0.9294123151467304,71.83960026721084,374.2806088145553,323.8811041898349,50.39950462472041,97.67664565089783,94.13346629353028,49256300,0.0,5.25,17.400390625,79.400390625,1,HOLD
2024-07-04,24369.94921875,24401.0,24281.0,24302.150390625,251200,0.0006444070008029268,0.0006441994597673961,0.00663580104586492,0.010715564500197505,0.031194059092162663,0.07434901804315963,23650.12744140625,22959.0669140625,23920.378709546563,23537.83064727654,0.026829845867066965,0.05526603427985614,252.12059194515612,0.004042963445049501,0.005297705136810788,24427.92274723126,22872.33213558124,0.06401041005203048,0.9191481642629794,72.06942204099292,382.54806227003064,335.61449580587407,46.93356646415657,90.73357306069838,92.14907640345523,49507500,0.8679577768947675,67.798828125,31.05078125,21.150390625,1,HOLD
2024-07-05,24213.349609375,24363.0,24168.849609375,24323.849609375,298400,0.0008928929498506211,0.0008924945580705119,0.008290550771891558,0.013046321420381757,0.03500900016064734,0.06583510183569641,23725.24990234375,22998.18390625,23982.451155674014,23596.054274098646,0.024609579348843558,0.05450065365533489,247.97986327943067,0.0035896993340164694,0.005178411707890655,24457.24348714992,22993.256317537576,0.06018731381434329,0.9088831647266747,72.4056823562378,386.396881575376,345.77097295977444,40.62590861560159,92.65933485965746,93.68985119041791,49805900,1.0645167044218073,110.5,39.150390625,44.5,1,BUY
2024-07-08,24329.44921875,24344.599609375,24240.55078125,24320.55078125,266300,-0.00013562113637344275,-0.0001356303337513403,0.0014020456323471375,0.007397976065714129,0.03325287504442431,0.0442418951077177,23776.769921875,23036.5469140625,24034.466482685704,23649.720682035782,0.022358903968335737,0.05279501598201499,237.69907505411422,0.0037266709809716586,0.0032348049984818666,24523.905564722485,23029.634279027512,0.06144068442919417,0.8639103987206913,72.2632484294293,384.7458006499255,353.56593849780467,31.179862152120847,92.34545968125595,91.91278920053726,49539600,0.9864789775884387,8.8984375,15.150390625,80.0,1,BUY
2024-07-09,24351.0,24443.599609375,24331.900390625,24433.19921875,250500,0.004631820986013446,0.00462112711188291,0.0053924786909209654,0.012823393213941214,0.03001093591219517,0.050474652586216306,23835.469921875,23073.80390625,24095.80998054175,23707.7561291998,0.024463816282245355,0.05563722132044022,229.50977170203464,0.0034231682094428392,0.003169215452196228,24595.096742508416,23075.843101241582,0.062179890061263905,0.8934361456429941,74.13441829147227,388.05385134195603,360.46352106663494,27.590330275321094,99.048976377109,94.68459030600748,49790100,0.9373070662850053,82.19921875,10.400390625,19.099609375,1,BUY
2024-07-10,24459.849609375,24461.05078125,24141.80078125,24324.44921875,292300,-0.004450911197766749,-0.004460845993233708,2.4651088730953674e-05,0.001562564336153871,0.019089708011553297,0.04554508742442143,23888.44990234375,23111.89390625,24130.985247958404,23753.43709879611,0.017924324307831384,0.04984924022720841,235.91978800903215,0.003923252005547119,0.003499407512066489,24629.06048534315,23147.839319344348,0.06089433527058174,0.7943512599021346,69.27564148170597,377.5481491622959,363.8804466857672,13.667702476528689,87.70519180533631,93.03320928790045,49497800,1.0963579760699107,135.400390625,1.201171875,182.6484375,1,BUY
2024-07-11,24396.55078125,24402.650390625,24193.75,24315.94921875,306400,-0.0003494426502141934,-0.0003495037195243165,-0.00018920469940786333,0.0005678027624387294,0.01128945158976058,0.042576090643017706,23938.09990234375,23145.3448828125,24159.441243464804,23795.104663237136,0.015539155515051417,0.04814142048934895,233.98983105302983,0.003461118866767555,0.003545773658920004,24653.10792616396,23223.09187852354,0.058809797420441075,0.7642273260002576,68.89556353943235,364.3365802276676,363.9716733941473,0.3649068335203083,86.94015026597147,91.23143948280561,49191400,1.1469212053153617,80.6015625,6.099609375,122.19921875,1,BUY
2024-07-12,24387.94921875,24592.19921875,24331.150390625,24502.150390625,325800,0.007657573644356042,0.007628403248955412,0.0028220279815869276,0.007330286287466459,0.020472240978858025,0.04714965154696027,23993.26240234375,23183.2908984375,24212.165727643296,23847.478420821422,0.020769115370215065,0.05382627529264217,237.008414549242,0.003884085889908939,0.0037523406989908815,24703.577991698796,23282.946812988703,0.057979857117098355,0.8582126000799543,72.46009691439224,364.6873068218738,364.1148000796926,0.57250674218119,91.25865507853085,88.6346657166129,49517200,1.2065549486158644,114.201171875,90.048828125,56.798828125,1,HOLD
2024-07-15,24587.599609375,24635.05078125,24522.75,24586.69921875,305400,0.003450669707641296,0.0034447298074261035,0.010781333531607817,0.010943355678654676,0.018422290427758004,0.04777630352676332,24049.3173828125,23222.0608984375,24269.786264736635,23902.23551696428,0.02185660755664545,0.05550311199446476,229.57212712608185,0.003735270992508743,0.0037592594217427974,24761.165287589894,23337.469478035106,0.05790512166306032,0.8774555156586925,73.92150892767994,367.55074777235495,364.8019896182251,2.7487581541298596,94.98740574557176,91.06207036335805,49822600,1.1140293280805387,0.900390625,47.451171875,63.94921875,1,HOLD
2024-07-16,24615.900390625,24661.25,24587.650390625,24613.0,283200,0.0010697158254551198,0.0010691440871768358,0.012216293864478978,0.007358871821911084,0.0202766307428357,0.044787506181785286,24102.07236328125,23264.80390625,24322.588377854077,23954.884737929886,0.02075844621617635,0.054775772711575216,218.49917384921886,0.00363852752606747,0.003750016508364517,24816.80628175769,23387.338444804813,0.058077757158935414,0.8574250665247629,74.37700629930045,367.70363992418424,365.3823196794169,2.321320244767321,94.36232727438697,93.53612936616321,50105800,1.0309803778805162,2.900390625,45.349609375,25.349609375,1,HOLD
2024-07-18,24543.80078125,24837.75,24504.44921875,24800.849609375,350900,0.007632129743428306,0.007603152387120198,0.012190734853390284,0.01958524883094892,0.021178416378440756,0.05463725163186761,24166.31484375,23311.9669140625,24396.167028857297,24017.548802481375,0.02558520274987435,0.06003353589748331,226.69928866356037,0.0037752833024345452,0.003814413767613046,24889.708204214996,23442.921483285,0.0583361757245241,0.9385821050501375,77.41169033248136,378.6182263759147,368.0295010187165,10.5887253571982,95.66871008120165,95.0061477003868,50456700,1.2723218332457034,257.048828125,36.900390625,39.3515625,1,HOLD
2024-07-19,24853.80078125,24854.80078125,24508.150390625,24530.900390625,343800,-0.010884676251089243,-0.010944347737899481,-0.002269472108824111,0.00883992518413601,0.009412747280514111,0.040900428167564895,24214.50986328125,23356.534921875,24416.89523836002,24055.57484604757,0.012897632060202073,0.04787290519506601,235.26722451794893,0.005593306099622209,0.004874266257599591,24899.16728283105,23529.85244373145,0.0558199991559589,0.7310575466713425,65.42069519875946,361.3203923124456,366.68767927746234,-5.367286965016717,62.42897534186989,84.15333756581951,50112900,1.232390579632214,322.900390625,1.0,22.75,1,BUY
2024-07-22,24445.75,24595.19921875,24362.30078125,24509.25,324200,-0.0008825762723847497,-0.0008829659721330775,-0.004215252102547473,0.00028975454243052035,0.007622164813646304,0.04289800934347898,24264.9173828125,23400.669921875,24431.10366322771,24089.18041300701,0.00996899608056148,0.04523108941012067,235.0980254452383,0.0056234679765867724,0.004792896102462376,24876.616346034036,23653.21841959096,0.04991576349513243,0.6997163898235287,64.55700028282124,341.9232502206978,361.73479346610947,-19.811543245411656,56.71961270215592,71.60576604174251,49788700,1.2248521827833039,63.5,85.94921875,83.44921875,1,BUY
2024-07-23,24568.900390625,24582.55078125,24074.19921875,24479.05078125,436400,-0.0012321559717249908,-0.0012329157000276177,-0.012975314684516182,-0.004378320023450177,0.006517122141912912,0.039986710234571454,24311.97744140625,23451.1009375,24438.48014292345,24118.059699543526,0.00682515598079167,0.04199304347770585,254.61613523486412,0.0056537819407390605,0.0048502001785457475,24830.400182205616,23793.55470060688,0.04235644146761273,0.6611361989883741,63.301621744900075,320.42044337991683,353.47192344887094,-33.051480068954106,51.86404715914209,57.004211734389315,49352300,1.5895969548509241,89.849609375,13.650390625,404.8515625,1,BUY
2024-07-24,24444.94921875,24504.25,24307.25,24413.5,366600,-0.002677831825905974,-0.00268142363114976,-0.004785816613150806,-0.008105472717669482,-0.0008062480305437436,0.02918049162367753,24346.58740234375,23498.266953125,24434.63704401215,24139.944166244004,0.0027408031481045325,0.037488809342167265,250.50069700380237,0.005555493035849812,0.004753057634079721,24789.591153121964,23903.583651565536,0.03629170342459823,0.5755214798273498,60.54925071421652,294.6928777681351,341.7161143127238,-47.02323654458871,43.466577259125074,50.683412373474376,48985700,1.3188948050079101,31.44921875,59.30078125,106.25,1,BUY
2024-07-25,24230.94921875,24426.150390625,24210.80078125,24406.099609375,391800,-0.0003031269840456652,-0.0003031729363163769,-0.004208631052561751,-0.01591679342512442,0.0033567210460025976,0.022510507882200326,24373.45234375,23544.3079296875,24430.24666945259,24159.659384253708,0.0013376682938907652,0.035310504074008764,247.9899050303165,0.00534255581240841,0.004630854217342094,24758.702590206034,23988.202097293964,0.03156999705991943,0.5423715051771993,60.23085105299231,270.5872851988679,327.4903484899526,-56.90306329108472,42.518540388522474,45.94972160226323,48593900,1.3836700098883974,175.150390625,20.05078125,20.1484375,1,BUY
2024-07-26,24423.349609375,24861.150390625,24410.900390625,24834.849609375,383800,0.01756732976027453,0.01741480789992859,0.014534829446799069,0.012390463208034497,0.02133991915992639,0.03287028673397252,24412.96982421875,23596.6479296875,24492.4932755945,24209.673475003434,0.016987410505477415,0.049857426123494065,262.77996761743674,0.007607035790253447,0.0057753030529244685,24816.834635507836,24009.105012929667,0.03252403921436494,1.022303222962952,70.05546628315034,282.81980059105626,318.55623891017336,-35.7364383191171,96.65788905462388,60.881002234090495,48977700,1.3876134350482614,411.5,26.30078125,12.44921875,1,HOLD
2024-07-29,24943.30078125,24999.75,24774.599609375,24836.099609375,355000,5.03324972633834e-05,5.0331230625744864e-05,0.017310078824216202,0.013335765450799286,0.013629384091845997,0.034380649106225736,24454.24482421875,23649.35890625,24545.35578848381,24256.07541088281,0.01537499008145829,0.04778289352153491,260.09214068940554,0.007370621374477294,0.0057439393149504485,24853.894281063327,24054.59536737417,0.03218294846053204,0.9777371501642937,70.0786744397539,289.2803776009896,312.7010666483366,-23.420689047347025,82.31859408038288,73.8316745078431,49332700,1.283441793203177,107.201171875,56.44921875,61.5,1,HOLD
2024-07-30,24839.400390625,24971.75,24798.650390625,24857.30078125,385000,0.0008536433743000504,0.0008532792280141148,0.01848722979486994,0.015451988043985843,0.011006014271880638,0.029631060691007294,24490.01240234375,23698.4279296875,24593.347325832456,24300.6106235026,0.014775875391237104,0.04662102541868283,253.87838845266228,0.007335182843089664,0.005677120491739879,24899.386951671273,24080.637853016226,0.03293797286600943,0.9485969871706043,70.49634460629471,292.7367023298466,308.70819378463864,-15.971491454792044,84.60924871592506,87.8619106169773,49717700,1.301335136048669,17.900390625,114.44921875,40.75,1,HOLD
2024-07-31,24886.69921875,24984.599609375,24856.5,24951.150390625,333600,0.00377553501085659,0.0037684255675633532,0.0046829670031944826,0.022022667402257,0.013738690554788047,0.034293895652893314,24531.37744140625,23748.1289453125,24648.393951185157,24348.79875440056,0.016823791394262648,0.04821506930456069,244.89418994711497,0.007382902644459031,0.005673907674638296,24951.446324408585,24111.308558403915,0.033671303841779555,0.9996477556460859,72.33714584882676,299.595196784594,306.8855943846297,-7.290397600035703,94.74911475852639,87.22565251827814,50051300,1.0674175279173166,64.451171875,33.44921875,30.19921875,1,HOLD
2024-08-01,25030.94921875,25078.30078125,24956.400390625,25010.900390625,431300,0.0023946791656728195,0.002391816490734086,0.007038173626265243,0.02478072248044416,0.008469499414673232,0.02982728637823473,24567.5974609375,23797.7659375,24704.16417263744,24397.843320046813,0.017724389076918853,0.04850422952304935,236.4839185669639,0.0070700142031593066,0.00555265030038749,25020.5938921718,24114.6010297032,0.03622392030349292,0.9893006866286147,73.47196405084908,306.32085259062296,306.7726460258284,-0.45179343520544535,93.28749270569928,90.88195206005027,50482600,1.2909501788413438,20.048828125,47.3515625,54.5,1,HOLD
2024-08-02,24789.0,24851.900390625,24686.849609375,24717.69921875,345000,-0.011722935491954689,-0.011792190883304469,-0.005616119132504593,-0.004717177372428161,0.007614837822927489,0.017099261647451014,24588.37490234375,23840.16390625,24706.24648742399,24421.536349580383,0.005232053164080517,0.035502305644788006,242.73869447289505,0.007228022146267165,0.0062907928258636855,25028.707318295194,24148.042486392304,0.03562891611023601,0.6468485077644898,60.381731938054735,284.7101378436055,302.36014438938383,-17.650006545778353,64.08714257926474,84.04125001449682,50137600,1.018344968047579,71.30078125,62.900390625,30.849609375,1,HOLD
2024-08-05,24302.849609375,24350.05078125,23893.69921875,24055.599609375,487000,-0.02678645789462286,-0.02715175314145156,-0.0358921639775972,-0.031426029540700506,-0.018509354248905985,-0.011028270783939198,24574.96240234375,23861.922890625,24606.146967724148,24394.429924379983,-0.021590099660884893,0.008051211439124585,284.25735915340255,0.011354693962696961,0.00882074401187296,25060.707430468774,24089.217374218726,0.040385193968369704,-0.03460433241432858,42.128375810519046,211.71704334416063,284.2315241803392,-72.51448083617856,13.667075559424648,57.01390361479624,49650600,1.3985612337205422,247.25,47.201171875,161.900390625,1,BUY
2024-08-06,24189.849609375,24382.599609375,23960.400390625,23992.55078125,312300,-0.0026209626510589334,-0.0026244033870099497,-0.04071623146189152,-0.034788572082302904,-0.019874136638200035,-0.013486536672223437,24558.56240234375,23882.6319140625,24511.74755442043,24364.661098962948,-0.02359113986063051,0.004581374785435592,294.1103491245881,0.011355360133621964,0.008832585492916925,25096.86343061295,24020.261374074547,0.04487234668602885,-0.025738937294639257,40.8616250712441,147.08645545748368,256.8025104357681,-109.71605497828443,8.3447097850675,28.699642641252314,49338300,0.8909747086429942,197.298828125,192.75,32.150390625,1,BUY
2024-08-07,24289.400390625,24337.69921875,24184.900390625,24297.5,317600,0.012710162480444431,0.012630066341245293,-0.016999932519255356,-0.026197204553365938,-0.004751469473856629,-0.005553886641494921,24551.77744140625,23909.9329296875,24478.786392201902,24359.686202743473,-0.010465168902407715,0.01595090319220083,297.755926865689,0.012252512046444293,0.009260757214577304,25099.56515966884,24003.989723143663,0.04509004780430817,0.26790512736119043,48.869729540209306,119.1001894584333,229.26204624030117,-110.16185678186787,34.08747667003014,18.69975400484078,49655900,0.8975047333766613,8.099609375,40.19921875,104.5,1,HOLD
2024-08-08,24248.55078125,24340.5,24079.69921875,24117.0,311900,-0.007428747813561065,-0.007456478381555143,0.0025524365063456234,-0.03574043223809997,-0.011845383490279193,-0.00852842409233634,24541.40498046875,23934.509921875,24423.126947247765,24341.7094469847,-0.017597751812777264,0.0075668647893601965,295.1162736074255,0.01245131118065696,0.009355518781857626,25113.341771594896,23969.468189342602,0.04743017714692101,0.12897562540676719,44.9866329163498,81.41750026306545,199.69313704485404,-118.27563678178859,18.850285895178363,20.427490783425355,49344000,0.8789629420882038,131.55078125,91.94921875,37.30078125,1,BUY
2024-08-09,24386.849609375,24419.75,24311.19921875,24367.5,215100,0.010386864037815746,0.010333291215294636,0.01562773471518586,-0.014167953726225035,-0.018818298347922258,0.0021200398465319736,24543.98251953125,23967.7659375,24414.56895536349,24343.619858319165,-0.007242536966502573,0.016404393659587554,295.66153977832374,0.011418023815293608,0.00966079003923006,25112.284944795414,23975.68009426709,0.046644294676447116,0.34472834208866676,50.82627917779868,70.94909704432939,173.9443290447491,-102.99523200041972,39.99663652731338,30.97813303084065,49559100,0.6140713990036667,19.349609375,32.900390625,56.30078125,1,BUY
2024-08-12,24320.05078125,24472.80078125,24212.099609375,24347.0,279900,-0.0008412844977941925,-0.0008416385761983504,0.0020372466303117953,0.012113619920387952,-0.01969309259777563,-0.006332113228901037,24536.225,24004.9329296875,24404.173731461415,24343.870239184413,-0.007772004764447306,0.014049659929868145,293.16437064237203,0.011405106790954045,0.00949875798344971,25110.800815121405,23961.64918487859,0.04719890049052506,0.3353350462894518,50.35520048921879,60.303492277009354,151.21616169120117,-90.91266941419181,38.26609685482329,32.3710064257717,49279200,0.8043334578579822,26.94921875,125.80078125,107.951171875,1,BUY
2024-08-13,24342.349609375,24359.94921875,24116.5,24139.0,239700,-0.008543146999630324,-0.00857984886239657,0.0009122195961355217,0.006103945348922668,-0.0288969742761378,-0.018209000515554408,24513.8400390625,24037.0989453125,24363.377772775046,24328.694665911495,-0.015528399646319205,0.004221428173805862,289.61328836434546,0.011536809412990205,0.0096289122744113,25113.15717730489,23914.52290082011,0.049655506710500834,0.18727739026287862,45.72448479764929,34.68310686355835,127.9095507256726,-93.22644386211425,20.707450421753094,32.99006126796328,49039500,0.6953772065969432,203.349609375,17.599609375,22.5,1,BUY
2024-08-14,24184.400390625,24196.5,24099.69921875,24143.75,303300,0.00019677699987563635,0.0001967576418212346,-0.009182312506412216,-0.006327811503241021,-0.03235924508428145,-0.019065128184292846,24490.3775390625,24054.6959375,24329.58888465581,24314.99506102916,-0.01435682274139276,0.003688493398912738,275.84096642760653,0.011362022241371394,0.009621612745803126,25108.76727409865,23871.987804026354,0.051225657574829726,0.21973375411668236,45.84695814925859,14.59382362665201,105.24640530586849,-90.65258167921648,21.10842912635446,26.693992134310296,49342800,0.877324925515603,40.650390625,12.099609375,44.05078125,1,BUY
2024-08-16,24334.849609375,24563.900390625,24204.5,24541.150390625,271600,0.016459762490292462,0.016325768935141063,0.007974304457428083,0.0175871953653024,-0.01878181083700925,-0.010471383958226554,24477.392578125,24107.8289453125,24362.13680865107,24331.74730766589,0.0025979960794485094,0.017656932882740246,286.14878244170603,0.01290133749066509,0.010218444690956771,25079.861185405258,23874.923970844742,0.04909864433334859,0.5529138047435126,54.996569238506474,30.389500985180348,90.27502444173088,-59.88552345655053,54.65560677706771,32.157162108391766,49614400,0.7947446195262526,206.30078125,22.75,130.349609375,1,BUY
2024-08-19,24636.349609375,24638.80078125,24522.94921875,24572.650390625,243600,0.0012835584110202358,0.0012827353541420893,0.017964720602551942,0.008419016748743235,-0.005868217217198435,0.001701935083310513,24479.480078125,24146.8749609375,24394.523513570137,24349.591980477675,0.0037916265042188956,0.017327208213971972,273.98469530301276,0.012439281614561143,0.0099241294525728,25082.964282642373,23875.99587360763,0.049118364923924865,0.5771936629011964,55.636412185354466,44.931533092461905,81.20632617187708,-36.274793079415176,57.31472871284517,44.35958820542246,49858000,0.723417524165885,63.69921875,2.451171875,49.701171875,1,BUY
2024-08-20,24648.900390625,24734.30078125,24607.19921875,24698.849609375,238300,0.005135759339910173,0.0051226163083365125,0.022991441237380172,0.014451456416601616,0.026740135787316266,0.0077358388924588795,24488.96005859375,24184.4239453125,24441.34291292473,24375.462915951553,0.008497948451072,0.02082792001240565,265.9608163974404,0.00838433759196796,0.009982817177402882,25099.92736834256,23877.992748844943,0.04947334142371572,0.6717682332847482,58.20048193335386,65.87999697318082,78.14106033213783,-12.261063358957003,67.96803381938811,59.97945643643368,50096300,0.7168210804957265,49.94921875,35.451171875,41.701171875,1,BUY
2024-08-21,24680.55078125,24787.94921875,24654.5,24770.19921875,257100,0.0028887826964991703,0.0028846181820890576,0.009333255551561281,0.02614852391358391,0.03241207842342986,0.011893779709914565,24503.51748046875,24214.024921875,24491.936190744003,24404.70264208477,0.010766233082186298,0.02245336389761451,256.4957022797661,0.008176179567847452,0.00998916802924442,25126.600808556326,23880.43415238117,0.05030910915047706,0.7140016641907757,59.621415836912824,87.23354865923466,79.9595579975572,7.273990661677459,73.99112307012511,66.42462853411948,50353400,0.7948063992580546,89.6484375,17.75,26.05078125,1,BUY
2024-08-22,24863.400390625,24867.349609375,24784.44921875,24811.5,220300,0.001667357653657442,0.0016659691560852782,0.009720140301435531,0.02765726119596179,0.02115443975717657,0.016302455608577127,24523.41748046875,24245.0709375,24541.099853706466,24434.83577970812,0.011610846564345162,0.022829295387219613,245.11389430442566,0.0074677786244403315,0.009960444825301947,25159.02648831089,23887.80847262661,0.05123503277449088,0.726619286366432,60.459327062691656,106.26407399834716,85.2204611977152,21.043612800631962,94.26389493469526,78.74101727473618,50573700,0.6967990890688237,51.900390625,3.94921875,27.05078125,1,BUY
2024-08-23,24845.400390625,24858.400390625,24771.650390625,24823.150390625,206800,0.00046955607782672715,0.0004694458708691634,0.005032654686994764,0.011490903870086111,0.029280192006675865,0.01708797341340862,24544.27001953125,24276.236953125,24584.492244001627,24463.59982496122,0.011234688857183704,0.02203239431311479,233.80218756839525,0.006726461361378019,0.009957209429671453,25190.392890368686,23898.147148693814,0.052058087766447145,0.7158106326832069,60.70702859760844,120.89241904040682,92.35485276625353,28.537566274153292,95.46046310096709,87.90516036859583,50780500,0.6738131699846839,22.25,13.0,51.5,1,BUY
2024-08-26,24906.099609375,25043.80078125,24874.69921875,25010.599609375,210300,0.007551387144671073,0.007523018148105455,0.009705226369072895,0.01782262848280647,0.026391694239253027,0.007076749115229486,24553.05751953125,24309.9899609375,24650.04722328984,24504.11832751039,0.01829392725443679,0.028012509071349247,232.86277350100985,0.006429487524432972,0.009305052071267843,25219.219092469997,23886.8959465925,0.0532703400432706,0.8434167538548322,64.55448544764045,145.92889577945243,103.0696613688933,42.859234410559125,96.93546613400733,95.55327472322324,50990800,0.705148624406925,104.5,33.201171875,31.400390625,1,BUY
2024-08-27,25024.80078125,25073.099609375,24973.650390625,25017.75,223300,0.0002858944102370753,0.0002858535502177548,0.008312677589021211,0.01291154833802266,0.02754959543270208,0.007313966101039071,24562.1400390625,24342.366953125,24706.616881245245,24542.16511806518,0.0182114682950106,0.02699615460523022,223.33323387593774,0.006371550040703513,0.009304743208294584,25248.14771246878,23876.132365656216,0.05484167628234212,0.8320735165208846,64.69649173312496,164.45176318007725,115.3460817311301,49.10568144894715,94.42826780648066,95.60806568048504,51214100,0.7656437510714872,7.05078125,48.298828125,44.099609375,1,BUY
2024-08-28,25030.80078125,25129.599609375,24964.650390625,25052.349609375,220400,0.0013830024432652799,0.0013820469762269526,0.0092332848628498,0.011390719474368316,0.037837093888520634,0.007846742083602587,24571.89248046875,24374.101953125,24759.806531726746,24579.956561865907,0.019178126459102923,0.027073215360055095,219.1629470812279,0.0050558832730243,0.009306836811869279,25279.609372550767,23864.17558838673,0.0564990432527877,0.8394416144935898,65.41845774278644,179.84996986085025,128.24685935707413,51.60311050377612,92.64215913339993,94.6686310246293,51434500,0.777644485216284,21.548828125,77.25,66.150390625,1,HOLD
2024-08-29,25035.30078125,25192.900390625,24998.5,25151.94921875,354000,0.00397565940632294,0.003967777356455909,0.0056515881899135145,0.013721428319529272,0.04175818664250586,0.008047678162384386,24581.932421875,24405.9829296875,24820.136175884167,24622.326388301764,0.02266292731102007,0.029658388802184986,217.39419304864018,0.004901131220781087,0.009310727258648406,25316.088978126016,23847.775865623986,0.05837770662352674,0.8882120182818452,67.48012635178691,197.80978758241326,142.15944500214198,55.650342580271285,96.2540131744679,94.44148003811618,51788500,1.2445506961046222,116.6484375,40.951171875,36.80078125,1,HOLD
2024-08-30,25249.69921875,25268.349609375,25199.400390625,25235.900390625,638200,0.003337760073577778,0.003332202116407902,0.008719824549569877,0.016627623549180237,0.02830959384305798,0.008996077569615846,24593.182421875,24440.3809375,24884.09990122891,24667.77631439978,0.025468398543400713,0.03152332355141697,210.18035001838015,0.002286499049894304,0.009323514882531808,25359.479829070046,23826.885014679956,0.06073073639803398,0.919365877213186,69.1496347999601,216.32358682914128,156.99227336754186,59.33131346159942,97.22335961119681,95.37317730635489,52426700,2.1649676883152056,13.798828125,18.650390625,36.5,1,HOLD
2024-09-02,25333.599609375,25333.650390625,25235.5,25278.69921875,222800,0.001695950113232314,0.0016945136137639853,0.009035065089874728,0.010719439500143091,0.028733116570704764,0.022696287184142294,24621.232421875,24474.614921875,24944.80748853985,24713.029862870168,0.02600872739477577,0.031808768715384926,202.17821006171013,0.0022597143587168344,0.008870236933395012,25442.785996203904,23799.678847546096,0.06499967163813017,0.9001362889883108,69.9953386339583,231.77762566968886,171.94934382797126,59.8282818417176,95.54673044383911,96.34136774316796,52649500,0.7718021997055485,54.900390625,0.05078125,43.19921875,1,HOLD
2024-09-03,25313.400390625,25321.69921875,25235.80078125,25279.849609375,212100,4.550829989491412e-05,4.550726442364936e-05,0.005085108494480295,0.010476546027320621,0.023523362795790703,0.05089251649844062,24682.444921875,24510.189921875,24996.352430206796,24755.016510759415,0.023631655121811,0.030445580151496322,193.87251202158797,0.002258203245412826,0.005978735744389481,25508.719464074115,23856.17037967589,0.06537021026364731,0.8615049580912638,70.01912895900108,241.33591944738873,185.82665895185477,55.509260495533965,95.63995865669067,96.13668290390888,52861600,0.7714691012257637,33.55078125,8.298828125,44.048828125,1,HOLD
2024-09-04,25089.94921875,25216.0,25083.80078125,25198.69921875,253800,-0.0032100820170585243,-0.003215245383183467,-0.0014741368962138957,0.005841751837928788,0.017299013068721836,0.05027178846038316,24742.75234375,24543.4069140625,25027.48270536729,24787.88189653649,0.018094063945203083,0.026005005218678368,194.0279631718317,0.002839347335162611,0.006006689687032485,25534.140107939056,23951.36457956094,0.06281179495171696,0.7880679330861442,66.04120394411297,239.60080883080082,196.581488927644,43.01931990315683,88.04843243243243,93.07837384432075,52607800,0.9330710832521427,108.75,17.30078125,6.1484375,1,HOLD
2024-09-05,25250.5,25275.44921875,25127.75,25145.099609375,222200,-0.0021270784221717465,-0.0021293438665674616,-0.005285066617506384,-0.0002723291668342842,0.013445362407553008,0.03488423127379359,24785.13232421875,24571.882890625,25045.57761367617,24814.342467857863,0.014315603865098279,0.022796359038334685,190.71876714170085,0.003089696482494197,0.005576577024761875,25567.332475611118,24002.932172826382,0.062214917701159986,0.7300992172622023,63.476095180304995,231.2351458183075,203.5122203057767,27.722925512530793,76.74225870256024,86.8102165972278,52385600,0.8314779126985581,105.400390625,24.94921875,17.349609375,1,BUY
2024-09-06,25093.69921875,25168.75,24801.30078125,24852.150390625,311700,-0.011650350298901935,-0.011718747382249265,-0.016918582402934423,-0.015206511123437516,0.0011682642832857582,0.03048266329249083,24821.88984375,24591.5498828125,25015.819579360606,24817.143054729502,0.0012176228776732312,0.010486034557026031,203.34237082800794,0.005155758955927256,0.006004961196763691,25541.647260927246,24102.132426572753,0.057923149978101,0.5210213511888185,51.66472396988102,198.67652463110062,202.5450811708415,-3.8685565397408936,33.718876279429914,66.16985580480754,52073900,1.1664327813640147,241.548828125,75.05078125,50.849609375,1,BUY
2024-09-09,24823.400390625,24957.5,24753.150390625,24936.400390625,254400,0.003390048695012693,0.003384315433638339,-0.010409220962081522,-0.013540998496912593,-0.002966710910928594,0.023346686801066996,24850.33486328125,24609.387890625,25003.601242632052,24825.9769314625,0.0034514014049962217,0.013113861458646741,203.41431643850737,0.0046313620834457754,0.005654778148864589,25540.365855400894,24160.303871161603,0.055343271788262385,0.5623635230345321,54.29852281377261,177.6243111695403,197.5609271705813,-19.93661600104099,41.50780070457977,50.656311895523324,52328300,0.945057394405435,113.0,21.099609375,70.25,1,BUY
2024-09-10,24999.400390625,25130.5,24896.80078125,25041.099609375,251300,0.0041986500501236534,0.0041898603137641086,-0.004135994751089611,-0.009444280867535682,0.0009333217165812258,0.028508629784983697,24885.03984375,24629.997890625,25009.370222130965,24841.911944641204,0.006232145075872503,0.01641707932810147,205.57752374647112,0.004845506520100923,0.005672713176136286,25539.206541281947,24230.873146218055,0.05224744182456236,0.6192813438938161,57.40478046240823,167.45827748975353,191.54039723441576,-24.082119744662236,49.6036552540913,41.610110746033676,52579600,0.9385270391395245,41.69921875,89.400390625,102.599609375,1,BUY
2024-09-11,25034.0,25113.69921875,24885.150390625,24918.44921875,279200,-0.004897963449619458,-0.004909997784499106,0.0026677300387660807,-0.011121605824457426,-0.005344823647794428,0.03229003764654714,24924.0123046875,24645.527890625,24995.38237545697,24847.581372352965,-0.00022325169149432807,0.010952580785791454,207.21833120208035,0.005063463553657521,0.005387066124902887,25481.47692678367,24366.547682591332,0.044743123233905155,0.49501036862475845,52.87124561853473,147.80100310399575,182.79251840833177,-34.99151530433602,28.475250322997415,39.86223542722285,52300400,1.0350899957365525,115.55078125,79.69921875,33.298828125,1,BUY
2024-09-12,25059.650390625,25433.349609375,24941.44921875,25388.900390625,380100,0.01887963282727112,0.018703624424743968,0.018146163556554074,0.009695757226553248,0.009420787622231641,0.051572369272586016,24986.26982421875,24670.82890625,25055.923608559744,24887.679077410154,0.015858527159960143,0.02828289029170209,229.19562116086033,0.007921804048097574,0.006611011615566671,25451.807302411617,24520.732346025885,0.03667251996189392,0.9324362540780363,64.46402227463878,168.24453114957942,179.88292095658133,-11.638389807001914,93.46526465706853,57.18139007805243,52680500,1.3893813396691899,329.25,44.44921875,118.201171875,1,HOLD
2024-09-13,25430.44921875,25430.5,25292.44921875,25356.5,250800,-0.0012761636040355961,-0.0012769785942554214,0.012595309133586197,0.020294002790408605,0.004778890687799686,0.03322377298524981,25027.0373046875,24692.22890625,25102.166130319787,24922.40655315755,0.012993224432098308,0.0261972706702424,222.68527545294174,0.007902671507371981,0.0057829749917574745,25471.857502437484,24582.217106937514,0.03508529944984401,0.8703324365419305,63.30900789754007,179.75957716222183,179.85825219770945,-0.09867503548761647,88.70189684777553,70.21413727594717,52429700,0.9202487753866443,73.94921875,0.05078125,64.05078125,1,BUY
2024-09-16,25406.650390625,25445.69921875,25336.19921875,25383.75,168700,0.0010746751326089488,0.0010740980826790941,0.018672942973509077,0.017939622494318908,0.004155703596175675,0.033008226482742486,25067.59228515625,24713.8608984375,25145.486725655206,24956.58014181255,0.012455122463928695,0.02639047034273901,214.60061292058876,0.00789470492240106,0.00578386273345941,25486.44963369896,24648.73493661354,0.03300200707481845,0.8774049995097957,63.894928996611974,188.9065838426468,181.66791852669692,7.2386653159498735,91.05489515912969,91.07401888799127,52598400,0.6276275159046072,22.900390625,39.048828125,47.55078125,1,BUY
2024-09-17,25416.900390625,25441.650390625,25352.25,25418.55078125,216000,0.0013709866056039743,0.0013700476615561017,0.0011678485546364747,0.015073266660130535,0.005486629628665307,0.029139056403737262,25103.57734375,24735.754921875,25187.496580362098,24990.800189178284,0.0123914789718201,0.02686210812139083,205.65773989947527,0.007898421715464853,0.005725099056660683,25513.091594622743,24694.063092877255,0.03222168363546692,0.8845695684922498,64.67085442900222,196.69639118379928,184.6736130581174,12.022778125681867,96.07992441868663,91.94557214186398,52814400,0.8069487251330875,1.650390625,23.099609375,64.650390625,1,BUY
2024-09-18,25402.400390625,25482.19921875,25285.55078125,25377.55078125,215700,-0.0016129951842196455,-0.0016142974615182065,0.0008301927020684108,0.01842416269446434,0.007097650594873439,0.02451944601399325,25133.944921875,24756.894921875,25216.735688191005,25019.4483811836,0.009599265960487597,0.02445688572254057,205.01421829951275,0.007829220525835422,0.005754087445584814,25529.921255143247,24737.968588606756,0.031206820286283025,0.8076015394197382,62.95430326833908,197.2873070073947,187.1963518479729,10.09095515942181,85.64589455974581,90.92690471252074,52598700,0.8121082057943156,24.849609375,79.798828125,92.0,1,BUY
2024-09-19,25487.05078125,25611.94921875,25376.05078125,25415.80078125,314500,0.0015072376499098983,0.0015061029073179838,0.0012626495789629377,0.0010595335052372423,0.010765563711430781,0.024355673024605506,25164.1599609375,24776.546953125,25247.361087123158,25048.807818225556,0.009900959740687859,0.02515182714984918,207.2202339566904,0.007765698684139535,0.005753554707932916,25549.179261402533,24779.14066047247,0.030297632860662973,0.8267898778161732,63.91655437862427,198.5532688975909,189.4677352578965,9.085533639694404,77.16014145847784,86.29532014563678,52913200,1.163457447792386,71.25,124.8984375,39.75,1,BUY
2024-09-20,25525.94921875,25849.25,25426.599609375,25790.94921875,533100,0.014760441377741573,0.014652566289984728,0.014650655763376541,0.01713364300080844,0.037775355990085524,0.03898775187256298,25212.54990234375,24805.876953125,25330.990030450364,25103.78125530144,0.02242644547513407,0.03819449440460505,223.37944715621254,0.007432090398656858,0.006495122747223489,25653.21867290308,24771.881131784423,0.03417235766095516,1.1562744571971213,71.68485227383721,227.2087751489198,197.01594323610115,30.19283191281866,94.68106906057166,85.82903502626512,53446300,1.8598890555768697,265.0,58.30078125,99.349609375,1,BUY
2024-09-23,25872.55078125,25956.0,25847.349609375,25939.05078125,209200,0.005742385099666292,0.005725960454112572,0.022125854651618315,0.021876231102575527,0.040208304924473026,0.03712230759661517,25258.9724609375,24838.338984375,25424.53783826569,25165.65307203837,0.02621831947698305,0.042434544199691636,219.21311387719737,0.0074569878097970185,0.00642499765738235,25790.924217025393,24727.02070484961,0.04101551445147041,1.1392293215768552,74.0591904561488,258.88476622732196,209.38970783434533,49.49505839297663,98.59091123130457,90.14404058345137,53655500,0.7300008723719769,66.5,16.94921875,25.201171875,1,HOLD
2024-09-24,25921.44921875,26011.55078125,25886.849609375,25940.400390625,384100,5.2030021699067674e-05,5.20286681844374e-05,0.02064068781031736,0.02053026601972685,0.03591299085417621,0.03687983094502911,25305.10498046875,24867.103984375,25503.90130785943,25223.041762304045,0.024490578425529975,0.04137547570922979,212.4622608770404,0.007557760184096035,0.006428193954228347,25901.5033229474,24708.7066379901,0.045982200235752016,1.0326099729879452,74.08052007806047,280.85954555538774,223.68367537855383,57.17587017683391,94.34596562786648,95.87264863991425,54039600,1.3037353834665537,18.951171875,71.150390625,34.599609375,1,HOLD
2024-09-25,25899.44921875,26032.80078125,25871.349609375,26004.150390625,278500,0.0024575565157058943,0.0024545416621303915,0.008266511250388575,0.024691098631864694,0.043570174144627716,0.037992475599726516,25352.69501953125,24895.4530078125,25580.86270520798,25280.90166069819,0.025051976754011277,0.04263540112474538,208.81861166260893,0.006978897776017127,0.0064287345609718065,26009.64827297335,24695.741766089148,0.050526800035654754,0.9958156213394633,75.12112794501051,299.9610445097933,238.93914920480174,61.021895304991546,97.76107671009996,96.89931785642369,54318100,0.9360715246033849,104.701171875,28.650390625,28.099609375,1,HOLD
2024-09-26,26005.400390625,26250.900390625,25998.400390625,26216.05078125,370900,0.008148714241454025,0.008115692736807522,0.0106788795910846,0.031486318565668414,0.03257921288038257,0.04230692234805988,25405.90009765625,24927.5140234375,25678.58394767598,25350.171965924248,0.03090284995073244,0.049150681335042114,211.93871082956545,0.005044049119279022,0.006566384397884294,26155.087200326434,24656.712994986065,0.0571548406677646,1.04068648586264,78.24728342892666,328.4119817517385,256.8337157141891,71.57826603754938,97.67320251210148,96.59341495002265,54689000,1.2431082734234873,210.650390625,34.849609375,7.0,1,HOLD
2024-09-27,26248.25,26277.349609375,26151.400390625,26178.94921875,490300,-0.0014152231703233875,-0.0014162255444679923,0.009196034931334918,0.015044037220542705,0.03243543938437865,0.03736933549140731,25453.0525390625,24955.076015625,25755.563220148906,25411.56287354097,0.02772825882436849,0.04675027988703353,205.79660425245362,0.005058001891503796,0.006604911024339943,26269.219747746905,24636.885330378096,0.062352938757362024,0.9446985078318947,76.43625847605487,344.0003466079397,274.26704189293923,69.73330471500049,92.93201796842338,96.12209906354163,54198700,1.685053441935589,69.30078125,29.099609375,27.548828125,1,HOLD
2024-09-30,26061.30078125,26134.69921875,25794.099609375,25810.849609375,343100,-0.014060900852023384,-0.014160691857076434,-0.0074334588266220525,-0.004942400281187975,0.016825709730634797,0.021051335989246134,25479.66005859375,24980.675,25764.068818491385,25441.139668787935,0.012831408333841015,0.03216378468508318,218.5861046183498,0.0074611834493306705,0.007503691511254075,26305.989898786705,24653.33021840079,0.06402965053059066,0.7003979129588341,61.28168539418512,322.92914970344646,283.9994634550407,38.929686248405744,66.49186454659473,85.69902834237321,53855600,1.1552772025523137,250.451171875,73.3984375,16.75,1,HOLD
2024-10-01,25788.44921875,25907.599609375,25739.19921875,25796.900390625,247400,-0.0005404401234794243,-0.0005405862138807384,-0.015988311669154265,-0.005531911529471301,0.014884782874958091,0.020453079794361395,25505.51259765625,25006.4280078125,25769.11982958886,25467.49231484994,0.011295457537784128,0.03064214579437493,215.00141076168194,0.007494815005053832,0.0075090393447220264,26337.552880466803,24673.472314845694,0.06450699659350786,0.675104378350406,60.78982214936107,301.6275147389206,287.52507371181673,14.10244102710385,64.03555069512164,74.48647773671327,53608200,0.8281171548117128,8.451171875,110.69921875,49.25,1,HOLD
2024-10-03,25452.849609375,25639.44921875,25230.30078125,25250.099609375,423400,-0.021196375260987388,-0.02142424417261006,-0.0354807827317124,-0.028997324270276903,-0.005022201432029694,0.0020398033318622666,25508.0826171875,25021.848984375,25689.270564940576,25451.389151481428,-0.010217108518523074,0.009039593052347975,240.11556780549037,0.010396506303971034,0.00897813049986697,26336.626449002863,24679.53878537214,0.06562697530965261,0.34431541343588407,45.40529649321509,237.8814134591521,277.5963416612838,-39.714928202131716,1.8909173663328291,44.13944420268309,53184800,1.3781206262409225,202.75,186.599609375,19.798828125,1,HOLD
2024-10-04,25181.900390625,25485.05078125,24966.80078125,25014.599609375,374900,-0.009326695880144675,-0.009370461848646757,-0.030849430067222072,-0.045828839053603354,-0.015785501913871514,-0.0051898780290114965,25501.5576171875,25033.8709765625,25585.475033315102,25419.034370584654,-0.01946695191675174,-0.0007704047831441778,259.98231296224105,0.010728555072423243,0.009215034010802052,26343.38202984556,24659.73320452944,0.06730664698247349,0.21077222251422925,40.63544629347809,166.44066273044882,255.36520587511683,-88.92454314466801,3.647237485488099,23.191235182314205,52809900,1.1906690168802465,167.30078125,303.150390625,47.798828125,1,HOLD
2024-10-07,25084.099609375,25143.0,24694.349609375,24795.75,374300,-0.008748875168602677,-0.008787371273170997,-0.03880894120864353,-0.052836315437722714,-0.038587149713221525,-0.0022694370401957764,25498.73759765625,25041.663984375,25463.978874343546,25372.865157948752,-0.028351132660082906,-0.009917586053053517,273.4586042238667,0.009231665273032253,0.009046914382337205,26349.574515649427,24647.900679663075,0.0686276412686187,0.08688464099886661,36.769744217927204,91.11371639479694,222.51490797905288,-131.40119158425594,6.4055837413139605,3.9812461977116436,52435600,1.1770625324297515,288.349609375,58.900390625,101.400390625,1,BUY
2024-10-08,24832.19921875,25044.0,24756.80078125,25013.150390625,333200,0.00876764730346924,0.008729434677965052,-0.009384090455707539,-0.030905577724968047,-0.035695230270117895,0.003077829951305011,25502.57509765625,25045.23,25394.620646079155,25346.219619628475,-0.019566695893480347,-0.0012825097548297272,274.44007669001905,0.009623601763147947,0.009233300261906722,26343.871071519945,24661.279123792552,0.06726829373552373,0.2091245398550116,42.610328716582735,48.40102645068691,187.69213167337972,-139.2911052226928,20.139025979153505,10.06394906865187,52768800,1.034991535558417,180.951171875,30.849609375,75.3984375,1,HOLD
2024-10-09,25065.80078125,25234.05078125,24947.69921875,24981.94921875,290600,-0.0012473907279866303,-0.0012481693673798233,-0.0013052533774221553,-0.031591050069378346,-0.03694820270474275,-0.002362132316380161,25499.617578125,25048.1469921875,25331.13273418236,25319.236626970807,-0.02072169608712785,-0.0026498241933746052,275.2908971050177,0.009577680730628549,0.009189188764786693,26347.769842669903,24651.465313580095,0.06790120795765049,0.19482581075642091,42.01055822574789,11.896107211559865,152.53292678101576,-140.6368195694559,18.16801069962097,14.90420680669616,52478200,0.897190490892248,83.8515625,168.25,34.25,1,HOLD
2024-10-10,25067.05078125,25134.05078125,24979.400390625,24998.44921875,261400,0.0006604768849507447,0.0006602588660852999,0.008174756510692438,-0.00996631278759652,-0.03867464065419246,0.0032104726621511315,25503.617578125,25050.9699609375,25279.950654885073,25295.47459673223,-0.020207987901749474,-0.0021009600126757223,266.6737180707307,0.009465168902564615,0.009119533848418739,26341.46056839982,24665.774587850177,0.06703159727575421,0.19853041367005017,42.47171580701558,-15.523941847150127,118.92155305538259,-134.44549490253272,19.210335399557803,19.172457359444106,52739600,0.8092628711185388,68.6015625,67.0,19.048828125,1,HOLD
2024-10-11,24985.30078125,25028.650390625,24920.05078125,24964.25,210500,-0.0013680536120755926,-0.0013689902517646816,-0.0019549872711487337,-0.0020128089260372795,-0.047749403283323666,-0.01672582837741976,25482.38505859375,25051.231953125,25231.38132336429,25270.93944141873,-0.020755082111169002,-0.0034842606176832694,255.3827103067499,0.008554174223682098,0.007990708716756039,26351.71184815851,24613.058269028992,0.06964573656847362,0.20199062952301014,41.730958894470035,-39.55811805443591,87.2256188334189,-126.78373688785481,17.049929919456726,18.142758672878514,52529100,0.6692525355292002,21.05078125,43.349609375,44.19921875,1,HOLD
2024-10-14,25023.44921875,25159.75,25017.5,25127.94921875,206400,0.006557345754428789,0.006535939888908111,0.005844219709261855,0.013397425718117084,-0.04014676033090159,-0.009013498757714955,25470.95751953125,25053.5729296875,25215.46869188517,25260.347573072897,-0.013650469355664874,0.002959902872097581,251.10537385626776,0.009252628402407764,0.008157041818542706,26352.525585976826,24589.389453085674,0.07016633619967413,0.3054555774890178,46.537577318166356,-44.87888118772389,60.80471882919035,-105.68360001691424,27.39100501421352,21.217090111076033,52735500,0.6608818161442136,104.5,31.80078125,5.94921875,1,HOLD
2024-10-15,25186.30078125,25212.05078125,25008.150390625,25057.349609375,257200,-0.0028096049048969007,-0.0028135592532655376,0.0023561617806604485,0.0017670392597393114,-0.029193149834413568,-0.012858635569015564,25454.6375,25060.3659375,25191.1426791913,25245.31068687305,-0.015855144172006074,-0.00012037698208394321,247.73358933974865,0.00855809434189012,0.008165796091180923,26353.965112165217,24555.309887834785,0.07178154323462367,0.27911948590749275,44.82038958499787,-54.16800768175017,37.81017352700225,-91.97818120875242,22.931143398610235,22.45735944409351,52478300,0.8120352976462949,128.951171875,25.75,49.19921875,1,HOLD
2024-10-16,25008.55078125,25093.400390625,24908.44921875,24971.30078125,226800,-0.0034340754096676696,-0.003439985380697183,0.00028243513223902283,-0.00042624526239964933,-0.032003829796351635,-0.017595416979079515,25432.275,25078.6799609375,25157.320848738793,25225.0136568269,-0.018460160437302066,-0.0043001035720224914,243.24913094940945,0.008517324767196398,0.008174968435952178,26355.9915446511,24508.558455348902,0.07398225288645617,0.2504785307681327,42.74988451668984,-67.69280808810436,16.709577203980928,-84.40238529208528,17.495336189197726,22.60582820067384,52251500,0.7148372862658555,37.25,84.849609375,62.8515625,1,HOLD
2024-10-17,25027.400390625,25029.5,24728.900390625,24749.849609375,252800,-0.008868227322834543,-0.008907784090014885,-0.015046974430084736,-0.009944601251046348,-0.01981180303202701,-0.024734505598498213,25400.88994140625,25093.8259375,25094.63296575975,25189.816319978614,-0.026304819718364795,-0.01389811790996527,247.3455936940945,0.006203254917883899,0.008369029608443147,26371.381621937726,24430.398260874776,0.07842404667896345,0.1645822189455128,37.89776019205523,-95.18335421885786,-5.669009080586829,-89.51434513827103,3.5060012634238786,14.64416028374396,51998700,0.7921536677842861,277.55078125,2.099609375,20.94921875,1,HOLD
2024-10-18,24664.94921875,24886.19921875,24567.650390625,24854.05078125,290900,0.004210173941240125,0.004201335956550517,-0.0081133412469504,-0.0044142811720760955,-0.006418204993568155,-0.022102392320230146,25372.80244140625,25104.956953125,25057.62032198902,25164.944798591307,-0.02087191599960831,-0.01009518223340424,252.43153901058776,0.005891521448668644,0.008436904776834621,26372.03245403743,24373.572428775067,0.08040781934709856,0.24042429991143488,41.275275058454966,-107.3244766022799,-26.000102584925443,-81.32437401735446,18.27641777874164,13.092585077121095,52289600,0.9149237301462466,189.1015625,32.1484375,97.298828125,1,HOLD
2024-10-21,24956.150390625,24978.30078125,24679.599609375,24781.099609375,242000,-0.00293518237799828,-0.002939498473548445,-0.007616790712713484,-0.013803339315736407,-0.0005908428107639363,-0.039155193583989556,25322.3099609375,25118.2389453125,25015.078673894554,25136.511821612323,-0.021839642311826706,-0.013604696371502243,255.7365127866172,0.00525341664101942,0.007571437602264212,26333.90066799917,24310.719253875828,0.08164211621012757,0.23249539177027218,39.64945822556655,-121.4331477177584,-45.086711611492035,-76.34643610626637,15.929649852635507,12.570689631600354,52047600,0.7976400402116027,175.05078125,22.150390625,101.5,1,HOLD
2024-10-22,24798.650390625,24882.0,24445.80078125,24472.099609375,279500,-0.012469180337869368,-0.012547572909439223,-0.01122229041322298,-0.02335642073577615,-0.021630653188443927,-0.05655377231210723,25248.96240234375,25120.3309375,24931.54343319924,25087.296102187334,-0.031744836175443734,-0.02648858653209586,268.62670606971596,0.005576846553954274,0.007689562300108754,26283.512537281506,24214.412267405994,0.08454935632424693,0.12454077055646265,33.6104354343133,-155.7526689880906,-67.21990308681175,-88.53276590127884,2.203230641350377,12.136432757575855,51768100,0.9106904304193383,326.55078125,83.349609375,26.298828125,1,HOLD
2024-10-23,24378.150390625,24604.25,24378.099609375,24435.5,284600,-0.001495564743491773,-0.0014966842167451323,-0.016840344655840056,-0.021456662828406303,-0.021873762289928433,-0.05801376879166753,25173.7173828125,25122.1009375,24855.229058860896,25039.014909432717,-0.030210856451167417,-0.02809850166765564,265.59268353795056,0.00557283359842481,0.007666273800998428,26215.050013397165,24132.384752227837,0.08523112934743828,0.1455419905558086,32.96989054462341,-183.78585057182136,-90.53309258381367,-93.25275798800769,5.185449194454786,7.772776562813571,51483500,0.9425869806415257,57.349609375,168.75,0.05078125,1,HOLD
2024-10-24,24412.69921875,24480.650390625,24341.19921875,24399.400390625,216700,-0.0014773427748562273,-0.0014784351216731097,-0.015402836224652328,-0.014159650433481996,-0.023963439607113113,-0.061711302845662064,25093.4798828125,25127.3089453125,24785.10157143999,24991.636056187705,-0.02844657987801148,-0.029833050937070744,256.5825755620255,0.005491525958726872,0.007569924553931221,26113.583302412946,24073.37646321205,0.08361708921276628,0.15979944834440693,32.315706684603285,-206.53448474771358,-113.73337101659365,-92.80111373111993,6.5185719910749444,4.635750608960049,51266800,0.7251250648329377,13.298828125,67.951171875,58.201171875,0,HOLD
2024-10-25,24418.05078125,24440.25,24073.900390625,24180.80078125,372600,-0.008959220549493163,-0.00899959570008371,-0.011903303466998305,-0.027088139713140946,-0.031382846220094684,-0.07763373732307666,24991.7173828125,25128.0499609375,24692.132219103067,24931.574183970097,-0.03353555611736784,-0.039173606707930256,264.423077977238,0.005844954063964381,0.007182361370843011,25947.62119865254,24035.81356697246,0.07906304050784421,0.07583776310697594,28.6133172933186,-239.44196486703004,-138.87508978668095,-100.56687508034909,9.214356301462802,6.972792495664192,50894200,1.246445656173682,237.25,22.19921875,106.900390625,0,HOLD
2024-10-28,24251.099609375,24492.599609375,24134.900390625,24339.150390625,278600,0.0065485676346082045,0.006527218917237164,-0.003943017715004826,-0.0178341246238648,-0.03139129346601888,-0.0702777950616632,24899.72744140625,25124.0099609375,24637.827322414134,24887.69094001861,-0.023031907103757108,-0.03224679406290258,271.0856594610067,0.005843331616230619,0.0075452490875972285,25726.267432733748,24073.18745007875,0.06791855739104746,0.16088933586802565,34.4701139536828,-249.8636176044747,-161.0727953502397,-88.79082225423502,22.863415135093273,12.865447809210353,51172800,0.9662036796198965,88.05078125,153.44921875,116.19921875,0,HOLD
2024-10-29,24328.849609375,24484.5,24140.849609375,24466.849609375,332000,0.0052466588480091225,0.0052329430871703615,0.002764380176158543,-0.0002145300192382127,-0.023565940101624716,-0.052071125915662764,24832.52744140625,25121.8939453125,24611.523058869654,24856.517508119083,-0.014945848683809873,-0.02677272907610076,276.26885454414906,0.006424812811213475,0.007370821577222151,25565.025168203858,24100.029714608645,0.05987675066404415,0.2503897837129119,38.82870897917901,-244.99444924942873,-177.85712613007752,-67.13732311935121,34.52524569571313,22.20100571075642,51504800,1.1536189582681777,138.0,17.650390625,188.0,0,HOLD
2024-10-30,24371.44921875,24498.19921875,24307.30078125,24340.849609375,285200,-0.005149825253829232,-0.00516313130612327,0.0066188390356825,-0.0038734787757566114,-0.025247029676098487,-0.05644285783183289,24759.72490234375,25114.7339453125,24569.880989716632,24818.31988598989,-0.01720873756220156,-0.031793645183175255,270.17096761242414,0.006479262863612319,0.007373639421815905,25374.29667362281,24145.15313106469,0.05049715035767327,0.1592136894791499,36.26558958565254,-248.43889627325916,-191.97348015871387,-56.46541611454529,23.454652473774438,26.947771101526964,51219600,0.9845346589339927,30.599609375,126.75,33.548828125,0,HOLD
2024-10-31,24349.849609375,24372.44921875,24172.599609375,24205.349609375,287000,-0.005566773640794054,-0.00558232586918934,-0.005497348062795893,-0.007953096311520857,-0.022000133681367884,-0.04137607439822133,24707.48740234375,25103.436953125,24513.799238894844,24772.914680314712,-0.02074490974401245,-0.03710284537275025,265.1480134526081,0.006198736276549005,0.006036690556793154,25324.055613379416,24090.919191308087,0.05094478873355013,0.0927962356951625,33.690034874467074,-259.1154414198718,-205.40187241094546,-53.71356900892633,11.549371667641957,23.17642327904319,50932600,1.0146362157957964,144.5,22.599609375,32.75,0,HOLD
2024-11-01,24302.75,24368.25,24280.19921875,24304.349609375,38800,0.004090004961616156,0.004081663627652918,-0.006641639712279712,0.00510937703191372,-0.022117166200114835,-0.028393418687133853,24671.97490234375,25093.2939453125,24481.576218968716,24738.2061565414,-0.015125905398717,-0.032461034696158984,257.8446118220647,0.006185019761792442,0.005935179353504053,25295.474896503445,24048.474908184056,0.051307688062484876,0.20519222420810668,37.1993376846059,-256.6299375726885,-215.64748544329407,-40.98245212939443,20.24769491345093,18.41723968495579,50971400,0.14583450790250083,1.599609375,63.900390625,22.55078125,0,HOLD
2024-11-04,24315.75,24316.75,23816.150390625,23995.349609375,285500,-0.0127137736646451,-0.012795285302364113,-0.014194245704017172,-0.014125422446234048,-0.03170763252582787,-0.03227974110986764,24631.9548828125,25076.7379296875,24406.772125185067,24683.179745640184,-0.026530360415702323,-0.045066579062886476,275.1842545044172,0.007026922832602352,0.006250610117557521,25318.13717442389,23945.772591201112,0.05719293969722341,0.03612525328905551,31.58135087012677,-276.4076204551202,-227.7995124456593,-48.60810800946089,14.030081718535916,15.275716099876282,50685900,1.0912982818263437,320.400390625,1.0,179.19921875,0,BUY
2024-11-05,23916.5,24229.05078125,23842.75,24213.30078125,289500,0.00908305881860727,0.009042055940529129,0.00032848820625663855,-0.010362953636166017,-0.010575260490761407,-0.031977163887152216,24591.96240234375,25060.791953125,24377.00730304121,24648.373896426096,-0.01563857916418291,-0.03500105910926736,283.1211492719588,0.007169951979155731,0.0062785353140402105,25277.84926740286,23906.07553728464,0.05665372691279158,0.22396204069213324,38.62245015274729,-271.3665933848897,-236.5129286335054,-34.853664751384315,32.73173597752863,22.33650420317184,50975400,1.1159079520487178,296.80078125,15.75,73.75,0,HOLD
2024-11-06,24308.75,24537.599609375,24204.05078125,24484.05078125,351100,0.011181870759630508,0.011119815807918394,0.007393786493495869,0.005883162427487543,0.001986895346933748,-0.01993032781950843,24567.06748046875,25050.11796875,24393.47553045795,24636.20181382046,-0.003390643973109467,-0.023119833909734315,286.72312633289033,0.008136024632869238,0.006900150210908469,25230.29655350404,23903.838407433464,0.0541764170447801,0.437414761660507,46.05008699728606,-242.72628336251728,-237.75559957930778,-4.970683783209495,57.471080852608566,34.74429951622438,51326500,1.3377531386332844,175.30078125,53.548828125,104.69921875,0,HOLD
2024-11-07,24489.599609375,24503.349609375,24179.05078125,24199.349609375,322200,-0.011628025706147627,-0.011696159889418445,0.008501647332543882,-0.00024787908858281416,-0.00819900399383855,-0.03196596726390688,24527.1125,25033.05796875,24363.610004137496,24603.842391268943,-0.013544285111613975,-0.03445168456312623,289.40710503232674,0.00896359386060075,0.007282581694171615,25177.737159217617,23876.48784078238,0.05377207815251043,0.24811676288185464,40.49997954974209,-240.23238713145474,-238.2509570897372,-1.9814300417175446,32.97329001833549,41.05870228282424,51004300,1.213582176688822,290.25,13.75,20.298828125,0,HOLD
2024-11-08,24207.69921875,24276.150390625,24066.650390625,24148.19921875,298700,-0.002113709312467793,-0.0021159463488489003,-0.0026886694667590527,-0.006424791987223899,-0.00134824163992453,-0.03268877619996591,24486.3099609375,25012.98296875,24330.469883308648,24570.09104515643,-0.014001488853254558,-0.03581152127188568,283.6994546728748,0.008520560232094255,0.007283251942127959,25124.39324277971,23848.226679095285,0.05284727660742255,0.23505751380010104,39.5770703770787,-239.62116184779006,-238.52499804134777,-1.0961638064422914,31.153440898637566,40.53260392319388,50705600,1.1066856857042253,59.5,68.451171875,81.548828125,0,HOLD
2024-11-11,24087.25,24336.80078125,24004.599609375,24141.30078125,273400,-0.00028567088740283353,-0.00028571169910344984,-0.013998909047455488,0.006082477407121312,-0.008128862602007958,-0.03926498055654226,24436.9775390625,24991.0909765625,24301.366944530393,24538.328803385582,-0.012247755847611386,-0.0352006796573494,287.1638630444552,0.008195729666442999,0.00703462227732943,25019.112920700485,23854.842157424515,0.04822734175866086,0.24604124131676663,39.44651365227022,-236.96185885519662,-238.21237020411758,1.250511348920952,41.257524652608254,35.12808518986045,50432200,1.000530639878498,54.05078125,195.5,82.650390625,0,HOLD
2024-11-12,24225.80078125,24242.0,23839.150390625,23883.44921875,255800,-0.010680930776533315,-0.010738381367723213,-0.013054085986782815,-0.01362274253642548,-0.023844524323289207,-0.046848545792959495,24378.28251953125,24963.1859765625,24237.071909794948,24489.819204523686,-0.020718669914426585,-0.04520857720018265,295.42713063949407,0.008437284229761994,0.007298864346514989,24934.52671090455,23822.038328157952,0.04657988771040757,0.05520137697112522,34.82249849811599,-252.74729472874242,-241.11935510904254,-11.627939619699873,9.328283457233974,27.246416336159943,50176400,0.9363618061020886,342.3515625,16.19921875,44.298828125,0,HOLD
2024-11-13,23822.44921875,23873.599609375,23509.599609375,23559.05078125,304600,-0.013582562322921432,-0.013675649189030194,-0.02439719964884801,-0.03777969618934007,-0.032118797850995584,-0.05655492328458933,24307.67001953125,24928.77,24132.76096694188,24420.873395392304,-0.03177629036213364,-0.05813983048247947,301.0287362634587,0.009137417678687367,0.0077174350782417255,24902.108490919676,23713.231548142827,0.05046370305050846,-0.12968606030206833,30.04997184746506,-288.11242845042943,-250.51796977731993,-37.5944586731095,4.810425279669261,18.465411129837175,49871800,1.0993413335739382,263.3984375,51.150390625,49.451171875,0,BUY
2024-11-14,23542.150390625,23675.900390625,23484.150390625,23532.69921875,257700,-0.0011185324376894457,-0.0011191584619590343,-0.025209973895552795,-0.027548277180422076,-0.02778932762716535,-0.04917809238582016,24246.8125,24895.45,24040.44377491236,24355.082715641023,-0.030345574666633245,-0.057908817368651465,293.2231122446402,0.009118823270791672,0.007594428969072362,24894.542332577166,23599.082667422834,0.05504934445098237,-0.05124316137227942,29.693956432992778,-314.6389407286624,-263.3421639675885,-51.29677676107394,4.608558937715762,6.249089224873013,49614100,0.929251406317608,9.451171875,133.75,48.548828125,0,BUY
2024-11-18,23605.30078125,23606.80078125,23350.400390625,23453.80078125,263300,-0.0033527151631265184,-0.003358348106569627,-0.01798937974012138,-0.02875570270104577,-0.03499574527996896,-0.0563389047654298,24176.8,24861.6240234375,23950.191006656612,24288.32109087132,-0.030826526817265228,-0.06002537735005304,290.59291784323733,0.008794033946386559,0.0074297116461446,24849.08921347684,23504.51078652316,0.05732880736450174,-0.03771442725584323,28.601363990806945,-338.13008421470295,-278.2997480170114,-59.830336197691565,8.709607367655623,6.042863861680229,49350800,0.9541929404943069,151.5,1.5,103.400390625,0,BUY
2024-11-19,23529.55078125,23780.650390625,23464.80078125,23518.5,297500,0.002758581406631766,0.002754783503889256,-0.0017212400290028684,-0.025798145132830408,-0.019872584360625223,-0.050950104284207876,24113.67001953125,24834.951015625,23883.777005632517,24231.297306362336,-0.025306461701692345,-0.05597512662903671,293.1826815240775,0.00834668956978741,0.0075353740431651555,24784.242449059344,23443.09759000316,0.0570251019008944,0.05622242033559922,30.848388190509212,-347.5203007298114,-292.1438585595714,-55.37644217024001,14.159342991481395,9.159169765617607,49648300,1.0673985971332685,11.05078125,251.099609375,53.69921875,0,BUY
2024-11-21,23488.44921875,23507.30078125,23263.150390625,23349.900390625,420300,-0.007168807933116472,-0.007194627306794726,-0.007767864894110965,-0.02233968901385197,-0.03565810371849798,-0.04585627047382956,24057.56005859375,24803.221015625,23801.642141785203,24166.00864593735,-0.030306753182248083,-0.062240977506846644,290.48031922771486,0.0074931423326903826,0.007257508086339466,24784.229534635215,23330.890582552285,0.06224176239597348,0.013080092600185809,28.344955998670798,-364.36650415213444,-306.588387678084,-57.77811647405042,6.806862032924762,9.891937464020607,49228000,1.470840405242248,138.548828125,18.8515625,86.75,0,BUY
2024-11-22,23411.80078125,23956.099609375,23359.0,23907.25,367600,0.023869464111237804,0.02358904203763299,0.01933372006436196,0.014779849238540699,-0.023558225164755697,-0.02161813754578379,24031.14755859375,24780.5440234375,23817.88950458748,24146.841338830876,-0.0051824261926299115,-0.03652841809231502,313.0316691935924,0.010673283315803712,0.009329515627857424,24739.108680171932,23323.18643701557,0.0592256425626687,0.41249691909777997,44.40638237375874,-328.9518342433912,-311.06107699114546,-17.89075725224575,50.53944872018856,23.835217914864916,49595600,1.268001586726682,495.44921875,48.849609375,52.80078125,0,BUY
2024-11-25,24253.55078125,24351.55078125,24135.44921875,24221.900390625,687200,0.013161295867362366,0.013075438521712217,0.029908386615855598,0.029286957924736123,0.0009318755096321407,-0.007274768935231712,24022.27255859375,24766.613046875,23880.04502551633,24152.401268593403,0.008241625504682274,-0.022488435980061693,322.4080343404786,0.011142317395104706,0.009853799723965596,24715.849653149227,23328.695464038276,0.0572685944017772,0.643911782552846,51.07388686618139,-272.35624307706894,-303.32011020833016,30.963867131261225,75.22857606993217,44.19162894101518,50282800,2.192515075136387,31.650390625,98.0,86.451171875,0,HOLD
2024-11-26,24343.30078125,24343.30078125,24125.400390625,24194.5,230700,-0.0011312238174179257,-0.0011318641340202825,0.03617144378543502,0.031581201940716896,0.0019173595857222558,0.0005665328817654469,24022.95751953125,24742.7250390625,23928.42271389843,24155.51969314204,0.007090143647058215,-0.022659077024220434,314.9432026465159,0.011124469670942938,0.009645815151928201,24717.18624858604,23328.72879047646,0.05738731770069976,0.6235489639716336,50.50582839263795,-227.0969792436008,-288.0754840153843,60.97850477178349,73.07859706552156,66.28220728521411,50052100,0.7530970995805222,148.80078125,0.0,69.099609375,0,BUY
2024-11-27,24204.80078125,24354.55078125,24145.650390625,24274.900390625,295000,0.003323085437806128,0.0033175761911502914,0.015378196598312188,0.032161931697387125,0.00553406838287529,-0.002639779900647121,24019.74501953125,24721.093046875,23981.726971856366,24164.362707770404,0.010511077985403097,-0.01838082336363866,307.36871607355044,0.011163738300599454,0.009558404768297389,24708.66569953216,23330.824339530336,0.05675991818009474,0.6851848685197898,52.186305208321805,-182.63573591403474,-266.9875343951144,84.35179848107964,79.38723529465854,75.89813614337078,50347100,0.960427145903531,70.099609375,79.650390625,59.150390625,0,BUY
2024-11-28,24274.150390625,24345.75,23873.349609375,23914.150390625,366700,-0.014861029054492936,-0.0149725605075969,-0.01270544404183549,0.024164985313022802,0.0012854580422536621,-0.02258971741659055,23992.11005859375,24691.7010546875,23971.33057474385,24145.828462055928,-0.003259980668153345,-0.032514249988463736,319.1566928272254,0.011698827549315303,0.010014278013219467,24650.749930866717,23333.47018632078,0.05508369409027159,0.4408176825826297,44.831159200808955,-174.49788731208173,-248.48960497850786,73.99171766642613,52.4915666900794,68.31913301675318,49980400,1.1871540030431507,360.0,71.599609375,40.80078125,0,BUY
2024-11-29,23927.150390625,24188.44921875,23927.150390625,24131.099609375,282100,0.009072001940535257,0.009031098528695802,-0.002620446408274635,0.009363252125401234,0.02428148881873793,-0.008617201263147911,23981.62255859375,24665.95203125,23995.910426225564,24144.737435931416,0.006194373783247645,-0.022164444659919572,315.9525596342093,0.01090187407292712,0.010214085271972576,24624.200409839963,23339.044707347537,0.0532572374776133,0.6163104598849295,49.44570772896233,-148.82700970585574,-228.55708592397744,79.7300762181217,79.52619645416851,70.46833281296884,50262500,0.9137286021992942,203.94921875,57.349609375,0.0,0,BUY
2024-12-02,24140.849609375,24301.69921875,24008.650390625,24276.05078125,220400,0.006006820004948565,0.005988850983542634,4.7390127517976666e-05,0.0022355962889666348,0.03158802802815441,0.0029208903410185005,23985.1576171875,24643.92203125,24039.008942383167,24154.46435039946,0.011982721847293938,-0.015153669487465871,314.3165788121229,0.010875165028528545,0.010232788348723263,24633.372971343975,23336.942263031022,0.05340369074010475,0.7243800321887752,52.315565158801675,-115.4554080162925,-205.93675034244046,90.48134232614797,92.80740590948055,74.94172301790951,50482900,0.7216646747761146,135.201171875,25.6484375,132.19921875,0,BUY
2024-12-03,24367.5,24481.349609375,24280.0,24457.150390625,339500,0.007460011144599932,0.007432322879372628,0.022706221677558425,0.010855789151460016,0.04277982996159513,0.006286972649169664,23992.79765625,24624.7490234375,24103.338395958835,24176.885538564315,0.018986379318867687,-0.00685274572612288,306.52959662018554,0.010690798344419184,0.010327601151752804,24659.22724340593,23326.36806909407,0.05449772982639775,0.8483884444235387,55.69927842085148,-73.54714260547917,-179.45882879504822,105.91168618956905,98.01352534318394,90.11570923561102,50822400,1.0594807140182216,89.650390625,24.19921875,87.5,0,BUY
2024-12-04,24488.75,24573.19921875,24366.30078125,24467.44921875,348000,0.00042109681465385407,0.0004210081782723239,0.013938428617829235,0.00793201310928393,0.04034905367051467,0.019674629336950744,24016.40263671875,24598.2790234375,24159.355445619014,24198.408774133623,0.01843455678598492,-0.0053470961978022945,299.41308525445805,0.01075238334325566,0.009859212790389218,24714.22577540712,23318.57949803038,0.057040938959310235,0.8231811593967877,55.890968403048255,-39.05332851460844,-151.37772873896026,112.32440022435182,91.92778179486989,94.24957101584482,51170400,1.0755180566501288,21.30078125,84.44921875,101.1484375,0,BUY
2024-12-05,24539.150390625,24857.75,24295.55078125,24708.400390625,361500,0.009847825562885104,0.009799651742121284,0.01780971762132455,0.03321255353112473,0.0581801197124352,0.020447423250876673,24041.1576171875,24573.666015625,24243.823898696857,24236.185930910764,0.027004693257709652,0.005452978455502189,318.1835233612824,0.010113259735318911,0.009893551133568127,24797.810971819028,23284.50426255597,0.06124664831954263,0.9409170787073894,60.22709403050948,7.637967786096851,-119.57458943394883,127.21255722004568,90.63403700233332,93.5251147134624,51531900,1.1049470450689984,169.25,149.349609375,243.599609375,0,HOLD
2024-12-06,24729.44921875,24751.05078125,24620.5,24677.80078125,226700,-0.0012384293961259507,-0.0012391968835286232,0.009021917398421841,0.02265546041103761,0.03223084132428444,0.007913314742361788,24050.8451171875,24548.4140234375,24310.5895729358,24268.898142047005,0.025405653835201453,0.005243042480138918,304.7811846390479,0.008002252053812709,0.00961045420221077,24834.41447669883,23267.27575767617,0.06350398614990682,0.9000639231558263,59.42811058882326,41.691430888800824,-87.3213853693989,129.01281625819973,88.7150844831493,90.4256344267842,51305200,0.7063515555624774,51.6484375,21.6015625,57.30078125,0,HOLD
2024-12-09,24633.900390625,24705.0,24580.05078125,24619.0,248100,-0.0023827399277279726,-0.002385583169878571,0.006193975509872995,0.014127059703421097,0.01639423839463472,0.017341391293525632,24071.82763671875,24520.711015625,24358.037330945677,24294.831613006485,0.022225612871410293,0.003992403605954821,291.93604421840166,0.0073355546367802485,0.00921369388798281,24891.80882796294,23251.84644547456,0.06661368790317974,0.8336493380111374,57.84019463156993,63.20571793919589,-57.215964707679944,120.42168264687584,85.02758945905063,88.12557031484444,51057100,0.7820577480771631,14.900390625,71.099609375,38.94921875,0,HOLD
2024-12-10,24652.650390625,24677.80078125,24510.650390625,24610.05078125,261000,-0.0003635086213900074,-0.00036357470666444975,-0.00398041183646658,0.006251766382546764,0.017175423391679878,0.019125714440080932,24094.92021484375,24488.591015625,24396.8086309925,24318.181181024524,0.020931714891003757,0.004935372409614813,283.0227832474444,0.007307155202073368,0.009191847433898398,24947.566913242237,23242.273516445264,0.06929255904243027,0.8020773829142887,57.587989327079995,78.62744996797846,-30.047281772548267,108.67473174052674,84.46636903121498,86.06968099113833,50796100,0.8276386929016479,42.599609375,25.150390625,99.400390625,0,HOLD
2024-12-11,24620.5,24691.75,24583.849609375,24641.80078125,187300,0.0012901233029631864,0.0012892918089711122,-0.001458800981461561,0.00712585774435337,0.015114393250680314,0.020732105719370564,24119.94521484375,24457.848046875,24434.499731032116,24342.153003263447,0.021177655441615796,0.007465068645266035,270.5140409172698,0.007286112259143739,0.009187110394886806,25005.31905068055,23234.571379006946,0.07185950764689938,0.7947091642437287,58.28298324482638,92.34672776866864,-5.568479864304887,97.91520763297353,85.59137823185988,85.02844557404184,50983400,0.6021539945346388,21.30078125,49.94921875,36.650390625,0,HOLD
2024-12-12,24604.44921875,24675.25,24527.94921875,24548.69921875,266100,-0.003778196379659149,-0.003785351792322941,-0.0028555498294000614,-0.006463436294953162,0.026534450012230426,0.027854016976649243,24153.20771484375,24432.6050390625,24452.068882988715,24357.45272292912,0.016110487174170886,0.0047291377295799845,261.7130937981791,0.005001345357420494,0.008845884076526839,25050.448586348622,23255.966843338876,0.07309885248987624,0.7203931611152549,55.4153717267009,94.61616005959877,14.468448120475845,80.14771193912293,68.6051748665213,79.55430737653207,50717300,0.8540753935775814,55.75,70.80078125,20.75,0,HOLD
2024-12-13,24498.349609375,24792.30078125,24180.80078125,24768.30078125,310100,0.008945547808588916,0.008905773422254015,0.006430299612407486,0.003667263578396307,0.026405807534251258,0.0513284686733817,24213.67021484375,24412.033046875,24500.719944259683,24387.88591243437,0.022392758037972207,0.014384020023073223,286.6978728125949,0.004983385058873648,0.008250365390736645,25105.568039482052,23321.77239020545,0.07201929857969766,0.8109271886778973,60.36852653391502,112.83403182531765,34.14156486144421,78.69246696387344,90.91332961649799,81.70329423829308,51027400,0.9944202154951225,269.951171875,24.0,317.548828125,0,HOLD
2024-12-16,24753.400390625,24781.25,24601.75,24668.25,187600,-0.004039468921733236,-0.004047649614185296,0.001073347641464828,0.00200048742840897,0.016155808137167105,0.04825416628557577,24270.44775390625,24400.3960546875,24526.493798988962,24408.653622624413,0.016126082964691455,0.010858246746830493,279.0408818974095,0.005231416889473974,0.008343823820119924,25125.533264564056,23415.362243248444,0.06932680758933492,0.7326096285896563,57.248007273484134,117.84017636455246,50.88128716206586,66.9588892024866,80.74970288464782,80.08940245588904,50839800,0.6084291436262487,85.150390625,27.849609375,66.5,0,HOLD
2024-12-17,24584.80078125,24624.099609375,24303.44921875,24336.0,264900,-0.013468730047733413,-0.01356025614827435,-0.00866437837926426,-0.011135725955461862,-0.0049535775300887375,0.037614339227067584,24314.55771484375,24386.8240625,24497.18706068297,24403.271872800386,0.0008810932427781289,-0.002088431233563439,285.16658899402313,0.006632532306788662,0.008991845930358388,25083.235436470415,23545.879993217088,0.06317206785228992,0.5139475130815283,48.31621896637755,93.9151878825869,59.48806730617008,34.427120576416826,46.998192506939304,72.88707500269506,50574900,0.8589076406789525,248.80078125,39.298828125,32.55078125,0,HOLD
2024-12-18,24297.94921875,24394.44921875,24149.849609375,24198.849609375,235300,-0.005635699812006956,-0.005651640286891943,-0.022991127930184208,-0.017975600720384177,-0.010977834549633636,0.02892827388545194,24348.5751953125,24374.8860546875,24451.28899125097,24388.129482917026,-0.00618730180791297,-0.007274579087606756,282.26894759266435,0.006815470593928173,0.00914361170564914,25028.40810116303,23668.74228946197,0.05618720863384779,0.38988059812243847,45.18246625478438,63.159508333952544,60.222355511726576,2.9371528222259684,29.196145798135024,52.31468039657407,50339600,0.7707047051309321,99.099609375,96.5,49.0,0,HOLD
2024-12-19,23877.150390625,24004.900390625,23870.30078125,23951.69921875,271100,-0.010213311567061067,-0.01026582529903898,-0.029047491461696717,-0.024319007483053046,-0.030625259422383033,0.02577307903063364,24378.66513671875,24353.65703125,24374.429026250822,24355.801315200948,-0.01782612223330325,-0.016782016542080568,285.574653344974,0.006161867058009152,0.009318608715326929,24917.722644442016,23839.607628995487,0.04501204718713872,0.10396997365627386,40.131173110993316,18.62771104987769,51.9034266193568,-33.27571556947911,8.243303650899769,28.145880651991387,50068500,0.9102049723849623,74.548828125,53.201171875,6.849609375,1,HOLD
2024-12-20,23960.69921875,24065.80078125,23537.349609375,23587.5,442700,-0.01520556915080562,-0.015322359236337606,-0.030756903353057252,-0.047673871198458895,-0.04418144027154969,-0.013374603938135943,24362.67763671875,24325.768046875,24253.363022212237,24298.890106667546,-0.032863916766030676,-0.031299122284048776,302.92297609711875,0.007192678323678538,0.008390836082838079,24971.20257827344,23754.152695164055,0.05159723934750976,-0.13693168823790924,34.08408056579313,-45.52708445531243,32.417324404422956,-77.94440885973539,3.798119947636622,13.745856465557159,49625800,1.4678381962864673,373.19921875,105.1015625,50.150390625,1,HOLD
2024-12-23,23738.19921875,23869.55078125,23647.19921875,23753.44921875,189800,0.0070354729729729115,0.007010839504245724,-0.01840584977446391,-0.03708413775804931,-0.035157836681018684,-0.019339984242372377,24339.255078125,24300.868046875,24176.45320629497,24258.487077932914,-0.02466192821009709,-0.02304586685848087,301.43210503661027,0.008062575035238752,0.007961365166385905,25001.35502974743,23677.15512650257,0.05574768914821807,0.057615237745010435,38.62240474205816,-82.03387163794469,9.527085195949429,-91.56095683389411,16.36621822511815,9.469213941218198,49815600,0.6858670906659897,15.25,116.1015625,91.0,1,HOLD
2024-12-24,23769.099609375,23867.650390625,23685.150390625,23727.650390625,177700,-0.0010861087115143775,-0.0010866989549987555,-0.009354193457373094,-0.024997929379314554,-0.035855285243754365,-0.019295691556965422,24315.91259765625,24276.1360546875,24107.40661926882,24219.16584183603,-0.024792265451773408,-0.02311588610894283,292.9369546768524,0.008034097455501713,0.007961316253772008,25027.82418808478,23604.00100722772,0.06000691840181649,0.08684321554784968,38.18227927328702,-111.75922256720514,-14.730176356681486,-97.02904621052366,14.412354207190349,11.525564126648392,49637900,0.6483508464681821,41.44921875,98.55078125,42.5,1,HOLD
2024-12-26,23775.80078125,23854.5,23653.599609375,23750.19921875,177700,0.0009503186263191132,0.0009498673594489271,0.00689768812930569,-0.018540153679503235,-0.036182484000050086,-0.021614967041332922,24289.6775390625,24248.5810546875,24052.451634573616,24184.42757345929,-0.02271468611036325,-0.020984322335454095,286.3629143874344,0.008011730610790276,0.007911915326517542,25043.159406514133,23536.19567161087,0.06345057239408608,0.14200975257890106,38.838311743422295,-131.97593888566553,-38.1793288624783,-93.79661002318723,16.96078812827317,15.913120186860574,49815600,0.6625281956639238,25.6015625,78.69921875,96.599609375,1,BUY
2024-12-27,23801.400390625,23938.849609375,23800.599609375,23813.400390625,176800,0.002661079652128029,0.002657545248501766,0.00252389332272962,-0.005774071679087278,-0.029952659469768883,-0.004212986802972329,24284.6400390625,24223.7020703125,24015.67452011998,24156.944078434528,-0.019788843286027265,-0.017229865242136176,279.38344840440334,0.008255313651168758,0.007245589745673864,25049.360429489898,23519.9196486351,0.06422605574031828,0.19188761386739248,40.73669566867471,-141.2695583145396,-58.79737475289056,-82.47218356164905,21.996934019158488,17.790025451540686,49992400,0.6833642547928236,12.0,125.44921875,0.80078125,1,BUY
2024-12-30,23796.900390625,23915.349609375,23599.30078125,23644.900390625,364900,-0.007075847935867907,-0.007101000468431965,-0.003487492382840185,0.0024335088765234936,-0.04535637711067497,-0.02014824134085913,24260.330078125,24197.1740625,23958.632346351525,24119.014916374563,-0.02602800930994882,-0.0233569887270056,282.0024040987317,0.0071602203580223055,0.007056882535110665,25072.47034284481,23448.18981340519,0.06869475035232671,0.12110628284607534,37.40339094958178,-160.38257002303362,-79.11441380691917,-81.26815621611445,8.570116802975713,15.842612983469143,49627500,1.3881914327018132,152.0,118.44921875,45.599609375,1,HOLD
2024-12-31,23560.599609375,23689.849609375,23460.44921875,23644.80078125,193600,-4.212721278373799e-06,-4.2127301519090045e-06,-0.004437791722470719,-0.004574006768424899,-0.041488521429367764,-0.026002993884308268,24228.767578125,24175.0730859375,23910.35056710514,24083.887943402373,-0.02469747164620129,-0.022426592196454386,278.24511742203657,0.007307989368572155,0.006868540895409268,25083.935911796856,23373.599244453144,0.0723345771938153,0.1585661711959289,37.40144261936684,-173.53737629723037,-97.99900630498142,-75.53836999224895,13.841749913478065,14.80293357853744,49433900,0.7402875497093885,84.201171875,45.048828125,100.150390625,1,HOLD
2025-01-01,23637.650390625,23822.80078125,23562.80078125,23742.900390625,154900,0.004148887118253564,0.004140304217561321,-0.0029605179791020175,0.0006427100765959981,-0.024371285723824743,-0.02920413820057255,24193.055078125,24152.850078125,23884.589001492808,24058.629606159604,-0.018959549174444767,-0.017266200875014875,276.94189474903396,0.006940757452981653,0.006683854244035603,25066.549778314326,23319.56037793567,0.07357944360784419,0.2423254615038469,40.67872463539656,-174.0406046667922,-113.2073259773436,-60.833278689448605,21.207406277679688,14.539757664711173,49588800,0.613975980022987,105.25,79.900390625,74.849609375,1,HOLD
2025-01-02,23783.0,24226.69921875,23751.55078125,24188.650390625,283200,0.018774033191665485,0.018599976157659907,0.022996502037098576,0.01846094712034496,-0.00042147535583880735,-0.011394683018749241,24179.11513671875,24141.00109375,23931.367676743917,24068.260775379265,0.0003942036348562512,0.0019699030787375727,291.7173899901744,0.00950980916934964,0.008071472347396488,25043.49997853733,23314.730294900168,0.07147028278631021,0.505515629985878,52.776741779587205,-136.89309863534436,-117.94448050894377,-18.94861812640059,54.67585070126762,29.908335630808477,49872000,1.1371210600281023,405.650390625,38.048828125,31.44921875,1,HOLD
2025-01-03,24196.400390625,24196.44921875,23976.0,24004.75,312300,-0.007602755327609123,-0.007631803596810856,0.015223186783431597,0.008035375302820391,0.0022149067907661912,-0.0284781847266804,24143.9326171875,24131.6541015625,23942.65726493716,24063.556273499322,-0.005798128169945531,-0.00528662458732129,286.62680633016197,0.009230052699996034,0.007828782454655951,24975.955441527993,23311.909792847007,0.06932151547843594,0.4163588947825799,48.39191438339516,-120.89900856215536,-118.5353861195861,-2.363622442569266,41.20990757855822,39.03105485250186,49559700,1.266474715114152,191.650390625,0.048828125,28.75,1,HOLD
2025-01-06,24045.80078125,24089.94921875,23551.900390625,23616.05078125,278100,-0.016192595996625703,-0.016325128725884954,-0.005342633262492513,-0.0012201197255387042,0.001210419978802335,-0.04302449839074429,24090.8451171875,24115.2651171875,23892.410113600676,24030.407718517894,-0.020104730479088496,-0.02113877297104444,304.5855221726504,0.009417186363336402,0.008496711275213939,24915.29502641254,23266.395207962458,0.0698211497647705,0.21205386123214953,40.69574481122941,-137.99760491721463,-122.42782987911181,-15.569775038102819,13.371848087158373,36.41920212232809,49281600,1.1161502648900261,429.75,44.1484375,64.150390625,0,HOLD
2025-01-07,23679.900390625,23795.19921875,23637.80078125,23707.900390625,262300,0.0038892874268343647,0.0038817437019732417,-0.019875023708901485,0.002668646268529251,-0.001917566905990431,-0.037007986082903455,24045.29013671875,24101.4351171875,23864.024002373648,24006.518286822124,-0.014231110327558492,-0.01659930740716783,295.6257304103183,0.009212319065700515,0.00860321984767973,24848.381940008894,23242.19833342861,0.06774887611791347,0.28994322647061777,43.00252274397806,-142.49428444847217,-126.4411207929839,-16.053163655488277,26.493701485546037,27.02515238375423,49543900,1.0497458678512785,28.0,87.298828125,42.099609375,0,HOLD
2025-01-08,23746.650390625,23751.849609375,23496.150390625,23688.94921875,266400,-0.0007993610384197103,-0.0007996806978147784,-0.013155762140826255,-0.0022723075524632153,-0.001631057910828404,-0.03742786110794105,23999.23505859375,24091.5980859375,23837.0894202777,23982.994652150115,-0.013098336991585741,-0.016997329154169547,292.77383672029555,0.009209540495951803,0.008599811452335912,24772.589451138912,23225.880666048586,0.06529241845248641,0.2993896182428884,42.634037723689744,-145.9052318724098,-130.33394300886908,-15.571288863540701,29.820554649265905,23.228701407323456,49277500,1.065003597985124,57.701171875,5.19921875,192.798828125,0,HOLD
2025-01-09,23674.75,23689.5,23503.05078125,23526.5,269200,-0.006857594959147506,-0.006881216315863482,-0.0037919456593097367,-0.027374424779054052,-0.009418835467005171,-0.04526052260347124,23943.47001953125,24075.345078125,23789.30643254267,23949.18023347233,-0.017723419103192174,-0.02332880275965398,285.1792211509887,0.009436419261003784,0.008635127313973505,24683.575149685406,23203.364889377095,0.06291672200745164,0.2183035203089196,39.508780497282835,-159.87380092965395,-136.24191459302608,-23.631886336627872,8.620004078303426,21.64475340437181,49008300,1.058862863099097,148.25,14.75,23.44921875,0,HOLD
2025-01-10,23551.900390625,23596.599609375,23344.349609375,23431.5,261000,-0.004037999702463213,-0.004046174437066828,-0.011658577354842437,-0.02388069028004869,-0.01603720528611907,-0.04550950780710594,23887.61005859375,24054.6380859375,23734.25928907457,23910.833549511415,-0.01946567904716938,-0.02659403307246649,282.8271339259181,0.009392744874734743,0.00863769834156323,24604.852309300655,23170.367807886843,0.06122034446850658,0.18203904737597768,37.76531607919731,-176.57426043684973,-144.30838376179082,-32.265876675058905,9.877081567104876,16.105880098224752,48747300,1.0276399716513072,120.400390625,44.69921875,87.150390625,0,HOLD
2025-01-13,23195.400390625,23340.94921875,23047.25,23085.94921875,316500,-0.014747275302477436,-0.014857097422370331,-0.025454907029929363,-0.022446664237395497,-0.023639396345125574,-0.06792357608050237,23803.49248046875,24029.540078125,23634.519278255404,23849.731006492053,-0.031081384391852287,-0.040872950487503945,290.0716243597811,0.010172756731686997,0.008640269366396326,24481.3878772918,23125.5970836457,0.058727963957615766,-0.02924335014036231,32.19936124944938,-215.21172823665256,-158.48905265676316,-56.7226755798894,3.2811263202169973,7.259403988541783,48430800,1.2445930003932315,109.451171875,145.548828125,38.69921875,0,BUY
2025-01-14,23165.900390625,23264.94921875,23134.150390625,23176.05078125,311200,0.003902874499386977,0.003895278043635164,-0.014895935168852126,-0.02243343360702299,-0.019824654237379447,-0.0604906800745898,23728.88251953125,24008.9541015625,23563.985663331496,23799.828767585233,-0.023853578139745184,-0.03593810387170619,282.137936905511,0.010346115655906634,0.008794128198215654,24334.23455563588,23123.530483426617,0.052239446816743855,0.04337996297270371,34.893834032486,-235.84310425374133,-173.9598629761588,-61.88324127758253,10.920417700263961,8.026208529195294,48742000,1.1947174447174402,10.150390625,88.8984375,31.75,0,HOLD
2025-01-15,23250.44921875,23293.650390625,23146.44921875,23213.19921875,228000,0.0016028803979861728,0.0016015971562733668,-0.009316551703902887,-0.020083204012419476,-0.02230987634872761,-0.046137441701594395,23672.74248046875,23987.13109375,23510.018518011264,23756.37472693077,-0.019796636275260317,-0.03334016426201479,272.4995965461888,0.010209722193583818,0.008497648351572898,24250.074099207104,23095.410861730397,0.049741667514060305,0.10201100476438858,36.02274203299743,-246.35620891951112,-188.4391321648293,-57.91707675468183,14.070060508910741,9.423868176463918,48970000,0.8815512208324439,37.25,43.201171875,66.75,0,HOLD
2025-01-16,23377.25,23391.650390625,23272.05078125,23311.80078125,299400,0.004247650725383689,0.004238654922064901,0.009783074560199001,-0.009125846120332404,-0.03625045611122013,-0.0366566527931701,23628.3900390625,23973.4601171875,23479.523481586457,23723.44332354701,-0.013580643588338126,-0.028383021206567695,265.78185192681815,0.007590252279513647,0.008581924303393875,24172.578684285872,23084.201393839125,0.046687825649322834,0.20911809664573502,39.04395367256445,-243.91984196055637,-199.53527412397472,-44.38456783658165,22.430027257161214,15.806835155445322,49269400,1.1434463794683734,65.44921875,14.400390625,39.75,0,HOLD
2025-01-17,23277.099609375,23292.099609375,23100.349609375,23203.19921875,272900,-0.004658651792672774,-0.004669537131428157,0.0011714005011571604,-0.009743327625205356,-0.033391340515939505,-0.03125039243203487,23590.9650390625,23953.2580859375,23437.012056534695,23684.906723191674,-0.016711739474233975,-0.032325665961674584,261.90108906597396,0.00747655274818619,0.00838395507994044,24143.948258239725,23037.981819885274,0.04766439437630411,0.14938735311932358,36.97296932224003,-247.89466665698637,-209.20715263057707,-38.6875140264093,13.222207134553669,16.574098300208558,48996500,1.0418814186996486,73.900390625,15.0,102.849609375,0,HOLD
2025-01-20,23290.400390625,23391.099609375,23170.650390625,23344.75,301500,0.006100485537167577,0.006081952909099664,0.005667068119750596,0.01121031579848597,-0.011487982633633265,-0.010291467938526755,23578.8275390625,23930.4720703125,23422.817893990898,23659.70992888118,-0.010026988469034732,-0.025090098215337434,258.9402411862615,0.006484538202226324,0.007897366442335997,24142.141956470376,23015.51312165462,0.04826047975736532,0.29223189409929207,41.34037178592105,-236.89203489029023,-214.74412908251972,-22.147905807770513,25.223637887122894,20.291957426279275,49298000,1.18295601679287,54.349609375,46.349609375,119.75,0,HOLD
2025-01-21,23421.650390625,23426.30078125,22976.849609375,23024.650390625,312900,-0.013711845677293555,-0.013806721311582606,-0.012317812481306034,-0.006532622492676166,-0.028819506946729967,-0.030681810519952446,23542.38759765625,23906.9780859375,23361.56135501153,23612.66848160294,-0.022486213612262135,-0.03832100294003848,272.54816480688567,0.007305778497522073,0.008213488098421916,24148.469746962342,22936.305448350155,0.05264637152126955,0.0728819866877114,35.371321822943074,-251.10712659142155,-222.0167285843001,-29.09039800712145,3.82452263787987,14.090122553185495,48985100,1.1987357532803327,397.0,4.650390625,47.80078125,0,HOLD
2025-01-22,23099.150390625,23169.55078125,22981.30078125,23155.349609375,276000,0.0056764909144164655,0.0056604403518015324,-0.002062198790946601,-0.002492099810536774,-0.022525254474041856,-0.024119572390366995,23513.77255859375,23887.12109375,23329.836471067447,23578.793009586057,-0.015479055823611289,-0.03160269642738302,266.52686732067957,0.007783644739711705,0.008370205178139075,24135.990776141374,22891.55434104613,0.0537429344012757,0.21197970494046908,39.22961608322069,-248.95653851862153,-227.4046905711644,-21.551847947457134,14.63595089961325,14.561370474872021,49261100,1.037828081522144,56.19921875,14.201171875,117.849609375,0,HOLD
2025-01-23,23128.30078125,23270.80078125,23090.650390625,23205.349609375,275600,0.0021593282262408753,0.0021570002277194853,-0.005971380744064558,-0.004566407068844702,-0.013650580860944062,-0.02294084375279093,23486.530078125,23868.4020703125,23310.684646191687,23551.130535496348,-0.012117053760586454,-0.028573258843280883,260.35711898527387,0.007712307614683322,0.008390791786397064,24112.654929312208,22860.405226937793,0.05396383693648397,0.2754597439974435,40.68840145121706,-240.44588930467216,-230.01293031786597,-10.432958986806199,20.52826162865169,12.996245055381621,49536700,1.0175937378846862,77.048828125,65.451171875,37.650390625,0,HOLD
2025-01-24,23183.900390625,23347.30078125,23050.0,23092.19921875,264300,-0.004876047658393667,-0.00488797436469754,0.0029337612940478763,-0.004783823082047389,-0.014480540351663351,-0.03028551823950887,23450.47001953125,23852.5770703125,23277.071503508352,23517.135623144768,-0.015514797762975657,-0.03292790973954111,262.99595200418287,0.007749267522717411,0.008380990218557635,24080.20134562467,22820.73869343783,0.05454061089011413,0.21553678057909034,38.439610262588396,-240.06411963642677,-232.02316818157814,-8.040951454848624,14.095394933113761,16.41986915379292,49272400,0.9603575451473386,91.701171875,163.400390625,42.19921875,0,BUY
2025-01-27,22940.150390625,23007.44921875,22786.900390625,22829.150390625,257400,-0.011391241935562957,-0.011456619090824587,-0.014087423608492244,-0.022086319595412296,-0.011123598414417013,-0.034500039607840205,23409.68251953125,23837.9790625,23208.160563064757,23466.17375406923,-0.025429423301913567,-0.044190373036803135,266.01758601281267,0.007158625771407215,0.008585077406364513,24087.586675625957,22731.77836343654,0.05938934603305216,0.07181843208436096,33.76722285951797,-258.01319100447654,-237.22117274615783,-20.792018258318706,4.378468750379513,13.00070843738167,49015000,0.9539162821724352,111.0,67.298828125,42.25,0,BUY
2025-01-28,22960.44921875,23137.94921875,22857.650390625,22957.25,361900,0.005611229817278129,0.005595545512054291,-0.010691483367040844,-0.0029273143991990214,-0.009440813851987917,-0.02907830721903215,23375.30498046875,23826.470078125,23169.558937977876,23428.47569821225,-0.018210150626436127,-0.03786255227106903,269.0733890208261,0.007309929094978329,0.008734629596835304,24071.515941047262,22679.09401989024,0.06065281865889963,0.1997641489861273,37.736311781805085,-258.9167602343805,-241.56029024380237,-17.35646999057812,18.873219931145066,12.44902787154613,49376900,1.3006289308176053,3.19921875,177.5,99.599609375,0,BUY
2025-01-29,23026.75,23183.349609375,22976.5,23163.099609375,226300,0.008966649288351114,0.008926687592645893,0.0030703178139668275,0.0003346958750674034,-0.002158238030996351,-0.02441996435612126,23346.31494140625,23820.6560546875,23168.565195115894,23408.818210150228,-0.007909793383485502,-0.02838810247339964,266.0038333318385,0.007936781251395958,0.008960337392298543,24026.997656744963,22665.632226067537,0.058773024924800174,0.3654179635364723,43.586719627282086,-240.25301503434457,-241.29883520191083,1.0458201675662622,46.46160080662669,23.237763162717112,49603200,0.8029948193882592,136.349609375,20.25,50.25,0,BUY
2025-01-30,23169.5,23322.05078125,23139.19921875,23249.5,361900,0.003730087599762788,0.003723148074350194,0.0184128450766885,0.001902595365646409,-0.0026724997281252216,-0.03882607650524372,23299.357421875,23815.2760546875,23181.016703559606,23397.016861250213,-0.0021444513591690143,-0.024334977297898866,260.06438541527865,0.007906273982499662,0.0077445280491294085,23860.140578872924,22738.574264877076,0.04824044878366626,0.45554661257805923,45.885082730260116,-216.00015769061793,-236.2390996996523,20.23894200903436,72.34897196775543,45.894597568509084,49965100,1.2664695280922424,80.0,72.55078125,30.30078125,0,BUY
2025-01-31,23296.75,23546.80078125,23277.400390625,23508.400390625,304900,0.011135740150325812,0.011074194280356322,0.024007683438783012,0.018023453198734662,0.013153409105256975,-0.020677141373061536,23274.53994140625,23818.4460546875,23231.38342464659,23405.26749305575,0.00994795244818161,-0.013188718028902802,262.7241279749016,0.00848199878185833,0.00814759003392066,23744.899563958275,22804.18031885422,0.04001630181010557,0.748597496474238,52.17306770466727,-173.88406840917378,-223.7680934415566,49.88402503238282,94.94665470649166,71.25240916029128,50270000,1.0683813094591479,211.650390625,38.400390625,19.349609375,0,HOLD
2025-02-01,23528.599609375,23632.44921875,23318.30078125,23482.150390625,281000,-0.0011166221250199504,-0.001117246011978889,0.013774097017692277,0.02860378020323351,0.005885708376615728,-0.005669889172634668,23267.844921875,23809.9440625,23269.96295787404,23410.962522505328,0.009126313612042955,-0.013959269761165783,266.39729294098004,0.008337759492877848,0.007325127571834929,23722.10626775421,22813.583575995788,0.03868992731266811,0.7358834519966497,51.5194155316323,-140.99956463129638,-207.21438767950457,66.21482304820819,82.22470150443152,83.17344272622623,49989000,0.984134766924663,46.44921875,103.849609375,163.849609375,0,HOLD
2025-02-03,23319.349609375,23381.599609375,23222.0,23361.05078125,329700,-0.005157091976693451,-0.005170435671733403,0.004797986247015995,0.017589248766729515,0.01461044510634446,-0.014630127664622572,23250.50244140625,23792.7270703125,23283.976469162648,23407.265356486416,0.0047321646992214104,-0.018478461996622633,265.95108563269577,0.007042304558696681,0.007334809000595648,23660.573200146453,22840.431682666047,0.035107218641837225,0.6347917859136504,48.50054117517337,-123.28888732377163,-190.429287608358,67.14040028458638,67.90268894324831,81.69134838472385,49659300,1.1412253374870158,41.701171875,20.548828125,97.349609375,0,HOLD
2025-02-04,23509.900390625,23762.75,23423.150390625,23739.25,376700,0.016189306820631133,0.016059657410686868,0.009819877385917719,0.024873630919059364,0.02521665189579325,0.0021233859208151795,23253.01748046875,23783.6220703125,23354.018550829936,23431.856811561498,0.02048221908995657,-0.0018691437308465937,275.6473808553604,0.0083942902786812,0.008250586565334303,23674.278023816292,22831.756937121205,0.035490636254097645,1.0771161425021334,56.97900432335311,-77.83826073156888,-167.9110822330002,90.07282150143132,97.59184204469263,82.5730774974575,50036000,1.2794864392099545,229.349609375,23.5,86.75,0,HOLD
2025-02-05,23801.75,23807.30078125,23680.44921875,23696.30078125,267000,-0.001809207062143936,-0.0018108456539069108,0.009119709526709263,0.019217651186046902,0.021156809965778622,0.007217426359636958,23261.50751953125,23772.050078125,23406.677355509946,23451.445253760645,0.018348571185540757,-0.003196671817017902,265.0191081156918,0.008506564481276476,0.008101156946032076,23710.410183346925,22812.604855715574,0.03788799508916393,0.9842845640767877,55.85442173344421,-44.76789825070591,-143.28244543654137,98.51454718583545,89.12191713960321,84.87214937584807,49769000,0.907222099522601,105.44921875,5.55078125,15.8515625,0,HOLD
2025-02-06,23761.94921875,23773.55078125,23556.25,23603.349609375,307000,-0.003922602634608197,-0.003930316218479903,0.010371914790728187,0.0040389485108422996,0.022135197509034255,0.007334127536649415,23270.1,23765.8340625,23436.93462533534,23462.697428250594,0.014118742250152421,-0.0068839573964731325,261.6106561967138,0.008424279869525444,0.008097877026962078,23737.871304050335,22802.32869594966,0.039636010294449305,0.8562099753539866,53.398092766518026,-25.762802915262,-119.7785169322855,94.0157140170235,80.01263290872724,88.90879736434105,49462000,1.0350466108123564,158.599609375,11.6015625,47.099609375,0,HOLD
2025-02-07,23649.5,23694.5,23443.19921875,23559.94921875,368100,-0.0018387386257991967,-0.0018404311807618838,-0.007552925271438693,0.003313104925691146,0.032011652454009276,0.020531969273112072,23293.8,23754.4110546875,23455.859947399134,23469.901264583885,0.011296680492765577,-0.008253915750494946,260.8742365576628,0.0071548708383314275,0.007302720186324735,23769.807820070168,22817.79217992983,0.04040822122751785,0.7795639142125734,52.242834319174975,-14.041317184757645,-98.63107698277994,84.5897597980223,75.75936222951698,81.63130409261584,49093900,1.230342430268893,89.55078125,45.0,116.75,0,HOLD
2025-02-10,23543.80078125,23568.599609375,23316.30078125,23381.599609375,234200,-0.007570033692307909,-0.0075988318246352615,-0.013280603364218435,0.0008796191711331058,0.018484339778283454,0.008869018715272015,23304.07744140625,23736.52203125,23444.435280010803,23463.360401235077,0.0033155202921902,-0.015179561185056402,260.2617073839012,0.007838492705638852,0.007513730009324804,23778.34500316707,22829.809879645432,0.040567589017361995,0.5817283050946497,47.677907674858766,-18.92512122428161,-82.68988583108028,63.764764606798664,58.28096737455618,71.35098750426683,48859700,0.7929977821795562,162.201171875,24.798828125,65.298828125,0,HOLD
2025-02-11,23383.55078125,23390.05078125,22986.650390625,23071.80078125,268000,-0.013249684936046169,-0.013338245144624153,-0.0225200590984711,-0.02811585112208681,-0.003941563506813517,-0.006091294705547923,23297.00751953125,23708.8150390625,23387.106895586065,23434.355984939884,-0.009761125298215576,-0.02761007967484664,270.48589904397966,0.008701548682256461,0.008106317098047265,23780.607048126258,22813.40799093624,0.04192126424635396,0.26715575081741205,40.979573662485436,-47.249089353827,-75.60172653562962,28.35263718180262,27.92045095656002,53.98692685354442,48591700,0.9013402391242171,311.75,6.5,85.150390625,0,HOLD
2025-02-12,23050.80078125,23144.69921875,22798.349609375,23045.25,279700,-0.0011507892904301098,-0.001151451956867338,-0.02184636367299042,-0.027474785505978705,-0.0087851351641971,-0.01143415662098446,23283.67998046875,23680.3710546875,23334.51352703436,23405.533319388782,-0.010346165933055651,-0.027559738110348158,275.9047354961954,0.008582657868022158,0.00803740874288434,23779.452723242204,22787.907237695297,0.043026024258660985,0.2595370218064183,40.45500291853248,-71.01979235442559,-74.68533969938882,3.6655473449632296,25.318454574165703,37.17329096842732,48312000,0.9438164332714664,5.55078125,93.8984375,246.900390625,0,HOLD
2025-02-13,23055.75,23235.5,22992.19921875,23031.400390625,265700,-0.0006009745771905495,-0.0006011552347958088,-0.01497755605264861,-0.02423169711992179,-0.02029061918607722,-0.007404100895973542,23275.0900390625,23646.8310546875,23287.880736817533,23377.819769109985,-0.01058075689295445,-0.026721374020878597,273.5758816214672,0.007495267150648323,0.007979083876034238,23781.97171341327,22768.20836471173,0.044016574394416606,0.25961880181416697,40.16617312560998,-89.93903229245188,-77.73607821800144,-12.202954074450446,23.098321082962467,25.445742204562748,48046300,0.8976654616709994,24.349609375,179.75,39.201171875,0,HOLD
2025-02-14,23096.44921875,23133.69921875,22774.849609375,22929.25,254500,-0.004435266153706374,-0.00444513112662715,-0.006178571954636891,-0.02676997360622757,-0.023545560411951882,-0.017798434337484847,23254.3150390625,23611.8600390625,23232.706777307143,23344.592378805544,-0.01417687185854319,-0.029770273299933477,279.666862175291,0.0075241079087109055,0.007878565615271301,23781.717346399917,22726.912731725086,0.046002578133817335,0.19182440563847705,38.010605132317295,-111.88560149839759,-84.56598287408067,-27.319618624316917,14.954740217360461,21.123838624829563,47791800,0.8667075330336437,167.19921875,37.25,154.400390625,0,HOLD
2025-02-17,22809.900390625,22974.19921875,22725.44921875,22959.5,207400,0.0013192755977626813,0.001318406118349223,-0.0037209403239278904,-0.0180526403850384,-0.01718890066247758,-0.002829593045700629,23251.05751953125,23578.6700390625,23190.674965413735,23316.067017412544,-0.01269877477868632,-0.026967923476665476,277.4585148770559,0.00753479098312829,0.007283323322306727,23784.859692020218,22717.25534704228,0.046499459699816593,0.22690489608535624,39.05368780989357,-125.39205199880234,-92.73119669902502,-32.660855299777324,21.634278616665583,19.895779972329525,47999200,0.7192273680925192,149.599609375,14.69921875,84.451171875,0,HOLD
2025-02-18,22963.650390625,22992.5,22801.5,22945.30078125,210600,-0.0006184463402948426,-0.0006186376571162799,-0.003738357542950266,-0.005482883681225403,-0.03344457886201124,-0.009071287269182826,23240.555078125,23545.3750390625,23152.925090927005,23288.602851770876,-0.01286774576153165,-0.026152381419329934,271.28290667155187,0.004263789292105553,0.007154685425972085,23789.52592438148,22691.584231868517,0.04785039442194445,0.23108380992486652,38.72429913969447,-135.67776084386423,-101.32050952799287,-34.357251315871366,20.321786289419904,18.970268374482004,47788600,0.7387011347094803,18.349609375,28.849609375,143.80078125,0,HOLD
2025-02-19,22847.25,23049.94921875,22814.849609375,22932.900390625,207000,-0.0005404326900405598,-0.0005405787764224007,0.00015920235616073697,-0.004875174249574177,-0.03221601538874164,-0.011740793538397298,23226.9326171875,23511.19703125,23119.07513703439,23262.254521315626,-0.012821414716592096,-0.025216899335655338,268.69838543608387,0.004334272583030184,0.007128657149129934,23792.00703760816,22661.85819676684,0.049280676303086676,0.23982875888820768,38.41954165138871,-143.17938428122943,-109.69228447864019,-33.48709980258924,19.175567061678112,20.377210655921218,47581600,0.7349155912165135,85.650390625,117.048828125,32.400390625,0,HOLD
2025-02-20,22821.099609375,22923.849609375,22812.75,22913.150390625,240800,-0.0008612081186238907,-0.0008615791713867465,-0.002018755172150999,-0.005134294832029984,-0.02924157927465776,-0.007753649898344039,23217.98017578125,23478.4860546875,23087.39440681756,23236.394956079283,-0.013303704639453311,-0.024672978373755535,258.0878143781493,0.004390088919473896,0.007057075418788735,23796.81500126743,22639.145350295068,0.0505242461746346,0.23668672673551558,37.907840631392396,-149.00054926171288,-117.55393743525472,-31.446611826458152,17.34999313965496,18.949115496917678,47340800,0.8584976291489862,92.05078125,10.69921875,8.349609375,0,HOLD
2025-02-21,22857.19921875,22921.0,22720.30078125,22795.900390625,242800,-0.005117148798882476,-0.005130286241460248,-0.006511154159595245,-0.005815698698169336,-0.032429986203745154,-0.0014564711971783995,23216.31767578125,23439.038046875,23042.549173557163,23203.76572900859,-0.018442670741321134,-0.028212864823470473,253.98862897613864,0.004419808994459185,0.0066699915435604615,23799.782540373108,22632.852811189394,0.05119033287509991,0.13972356291712687,34.933210082534615,-161.2165554514213,-126.28646103848806,-34.930094412933244,6.954885867065317,14.493482022799482,47098000,0.8678867600800656,61.298828125,63.80078125,75.599609375,0,HOLD
2025-02-24,22609.349609375,22668.05078125,22518.80078125,22553.349609375,214300,-0.010640105330068539,-0.010697116011174177,-0.016550491860382377,-0.01768986217578783,-0.03542315384050576,-0.01759358767382857,23196.12265625,23396.7400390625,22967.287702144524,23155.586757183883,-0.02850011452878879,-0.03739535121368044,255.63941329034304,0.004837601100294288,0.006928674338328665,23838.99279262723,22553.252519872774,0.05700883882099696,7.551253101647075e-05,29.73507526032391,-188.29905503935152,-138.68897983866077,-49.610075200690744,2.68132154637175,8.995400184364028,46883700,0.7867684852044908,56.0,58.701171875,34.548828125,0,HOLD
2025-02-25,22516.44921875,22625.30078125,22513.900390625,22547.55078125,250300,-0.00025711604818956513,-0.00025714910818764225,-0.015955885731216868,-0.01733470412055027,-0.022722543635434245,-0.026574544793472432,23165.34521484375,23360.9710546875,22902.712791237675,23110.547055262854,-0.02739962488996778,-0.036075770771250244,245.33662595710425,0.003520192778919185,0.006535691713086592,23867.772435081428,22462.917994606072,0.06230629899029205,0.06024310007179868,29.621589949443177,-207.83426402517216,-152.51803667596306,-55.3162273492091,2.671407151972041,4.102538188469722,46633400,0.9149060603845277,31.1015625,77.75,2.548828125,0,HOLD
2025-02-27,22568.94921875,22613.30078125,22508.400390625,22545.05078125,289200,-0.00011087678764998277,-0.00011088293493540093,-0.011004154478502781,-0.01691236619741099,-0.02170508971480023,-0.03029954273210178,23130.12275390625,23327.895078125,22847.687866624186,23068.658442373013,-0.025951237738742864,-0.03472355438321147,235.30546629052537,0.0035725638155326496,0.006434971655507554,23881.107536714397,22379.137971098102,0.06662081093494077,0.11046349669789056,29.569194380891545,-220.9705757488191,-166.20854449053428,-54.76203125828482,3.089992639346071,2.81424044589664,46344200,1.0713293448665429,23.8984375,44.3515625,36.650390625,0,HOLD
2025-02-28,22433.400390625,22450.349609375,22104.849609375,22124.69921875,551300,-0.018644959666695105,-0.01882096814125905,-0.01900606331428567,-0.034410421894564,-0.03936804347529277,-0.058859860683111886,23060.9376953125,23291.355078125,22736.458843874312,22998.735536919456,-0.04231643862390075,-0.05273092519089691,249.94087383227355,0.0062422139978723125,0.006788780235717665,23908.515631315928,22213.35975930907,0.07661825615103796,-0.05230229386165844,22.39598259118584,-262.2766930451362,-185.42217420145468,-76.85451884368152,1.3560792058070026,2.372492999041724,45792900,1.9531291516836946,308.701171875,16.94921875,19.849609375,0,BUY
2025-03-03,22194.55078125,22261.55078125,22004.69921875,22119.30078125,282400,-0.00024400049223838316,-0.0002440302652016664,-0.01899319372444308,-0.02968075828464567,-0.03532384263549837,-0.058037683376693794,22992.79521484375,23261.99109375,22641.511449624417,22933.59222168468,-0.03949014673801041,-0.051660327051053535,250.43449445139686,0.006348840382321566,0.006804352840477398,23910.219192985067,22075.371236702435,0.08295234892045,0.023941790052480396,22.321091581515375,-292.080772060257,-206.75389377321517,-85.32687828704184,8.272381220922036,4.239484355358388,45510500,1.0002302229620805,75.25,67.0,114.6015625,0,BUY
2025-03-04,21974.44921875,22105.05078125,21964.599609375,22082.650390625,253300,-0.0016569416451024388,-0.001658315891150207,-0.020510062058035516,-0.020870479414478615,-0.03819114568588167,-0.054723582538978355,22928.8751953125,23228.5751171875,22555.532825162965,22870.559493458037,-0.03832079889498938,-0.0518925358275379,243.59639998165423,0.006161078707180112,0.006789947544430373,23910.646027968338,21947.10436265666,0.08891784412550778,0.06903139890680893,21.788394870595127,-315.02666829506416,-228.408448677585,-86.61821961747916,9.288751669353513,6.305737365360869,45257200,0.90946627650216,108.201171875,22.400390625,9.849609375,0,BUY
2025-03-05,22073.05078125,22394.900390625,22067.80078125,22337.30078125,305900,0.011531695069225467,0.01146571185468711,0.00960924080359149,-0.009324737841364117,-0.02649780039043259,-0.059056171477616215,22858.777734375,23200.768125,22521.958664560967,22831.058848109293,-0.02334556705090921,-0.038655849791609374,249.5609149383218,0.007842092526398071,0.006154994608080434,23798.389326680255,21919.166142069742,0.08412937637424568,0.22250398068960497,33.63870834413679,-309.10018354831845,-244.5467956517317,-64.55338789658674,29.32575791338879,15.628963601221466,45563100,1.1124647695244982,264.25,57.599609375,5.25,0,HOLD
2025-03-06,22476.349609375,22556.44921875,22245.849609375,22544.69921875,372100,0.009284847776867,0.00924200854408832,0.01923200202877129,-1.559377725124378e-05,-0.016927696246990975,-0.04859836871294354,22801.19765625,23176.658125,22525.45721135928,22809.847023712307,-0.01137732799232352,-0.028031374476019333,253.9208216837988,0.008704425396464632,0.006741872511035169,23666.673349029974,21935.721963470023,0.07677864178912404,0.3518164983487535,41.42319750114419,-284.38981235302344,-252.51539899199008,-31.874413361033362,49.619348490341295,29.41128602436122,45935200,1.3278378474824204,68.349609375,11.75,230.5,0,HOLD
2025-03-07,22508.650390625,22633.80078125,22464.75,22552.5,289800,0.00034601398645017767,0.00034595413741610534,0.021276866728572985,0.01933589139541625,-0.015739886679771553,-0.04452120681030858,22748.65517578125,23151.4401171875,22529.617640380926,22790.7842812151,-0.0086977131484868,-0.026557593046779723,247.85867593852748,0.008725259888652222,0.006760879062844287,23537.125770947703,21960.184580614794,0.06992312117649525,0.3756103417273198,41.70021013694144,-261.1666408341698,-254.24564736042603,-6.920993473743778,54.16691410277866,44.3706735021696,46225000,1.037334001503379,43.849609375,81.30078125,43.900390625,0,HOLD
2025-03-10,22521.849609375,22676.75,22429.05078125,22460.30078125,293900,-0.004088203913091726,-0.004096583464717347,0.005506484476550888,0.015416400517011652,-0.014721928224998626,-0.04667448249951467,22693.67275390625,23127.748125,22518.953508206938,22766.304021958425,-0.010390420632793525,-0.02971675892725299,247.84728613934695,0.008684502576683212,0.006772330446531724,23396.939175057552,21990.406332754945,0.0626230635110991,0.334079969100093,39.332650351402414,-247.35051375148396,-252.86662063863764,5.516106887153683,45.67202748250402,49.819430025208014,45931100,1.0661684684031014,61.548828125,154.900390625,31.25,0,BUY
2025-03-11,22345.94921875,22522.099609375,22314.69921875,22497.900390625,347900,0.0016740474556060647,0.0016726478000064651,-0.0020758240183607057,0.018804355122892913,-0.002458580198080651,-0.037794643374000625,22649.48779296875,23104.8101171875,22515.714567040486,22746.422271489282,-0.006737846630653468,-0.026976282943069717,244.95822217403648,0.008088901448679294,0.006713606127342443,23281.778159791374,22017.197426146126,0.056208833343942034,0.38012833161931225,40.80856868752832,-230.70770444879236,-248.43483740066858,17.72713295187623,49.13631300398237,49.65841819642171,46279000,1.2365600952567088,151.951171875,24.19921875,31.25,0,BUY
2025-03-12,22536.349609375,22577.400390625,22329.55078125,22470.5,369700,-0.0012179087892316698,-0.001218651042867137,-0.0036359605365259284,0.00596308479947627,-0.00341725724436881,-0.026062152102954372,22619.42275390625,23079.362109375,22508.758479803488,22725.9835847123,-0.00662747842309911,-0.027096064145212644,245.16474983124817,0.008095140534580401,0.006159553458062536,23225.15632213037,22013.689185682128,0.05391367065478035,0.37707239476323334,40.04402357092675,-217.22510490880813,-242.19289090229648,24.96778599348835,52.73915982538441,49.182500103956954,45909300,1.290716754529898,65.849609375,41.05078125,140.94921875,0,BUY
2025-03-13,22541.5,22558.05078125,22377.349609375,22397.19921875,287500,-0.003262089461738671,-0.00326742167482874,-0.0028094709467416656,-0.0065425579010309765,-0.006558049655091658,-0.028120796313773955,22587.02021484375,23043.5330859375,22491.595516564492,22701.629187233608,-0.008475211308333546,-0.02885779873076341,240.560208548659,0.008147578394746993,0.006174908957813735,23166.954994569063,22007.085435118435,0.051786366148836756,0.33634280721705095,37.993352944622536,-210.0336706691196,-235.76104685566114,25.727376186541534,45.2320611341762,49.03584465451436,45621800,1.0023708249076042,144.30078125,16.55078125,19.849609375,0,BUY
2025-03-17,22353.150390625,22577.0,22353.150390625,22508.75,251100,0.004980568336268254,0.004968206335327962,0.0004822498627259364,-0.0019399179691830248,0.017358463383065015,-0.022692948833356485,22560.8876953125,23013.6130859375,22494.234667862263,22687.341840031117,-0.0023163301077358807,-0.02242963673849062,239.36659432196907,0.0052542483849849185,0.006337250238334611,23104.324178820654,22017.451211804346,0.048286687044651895,0.4520296328134089,42.79449669625264,-193.10717216885678,-227.23027191830028,34.1230997494435,76.40947723800878,58.126899399189824,45872900,0.8776958299835685,155.599609375,68.25,0.0,0,BUY
2025-03-18,22662.25,22857.80078125,22599.19921875,22834.30078125,272600,0.01446329899483545,0.014359703182661372,0.01619015069758123,0.016651602471513538,0.03232471076147614,-0.004140964870198549,22556.140234375,22997.9780859375,22546.552531460376,22698.22768752881,0.01218169759344702,-0.007168045400448589,247.2011791025427,0.006539899939450619,0.007172108190024466,23088.16076374932,22024.11970500068,0.04659836396752554,0.7614189974974898,53.99095131343237,-151.6751560684388,-212.11924874832798,60.44409267988917,97.36901375188873,73.00351737469126,46145500,0.9498423317479365,172.05078125,23.5,63.05078125,0,BUY
2025-03-19,22874.94921875,22940.69921875,22807.94921875,22907.599609375,324000,0.0032100316461272094,0.0032048904937790478,0.0227885810917694,0.01821055350217149,0.03735734634010357,-0.002260519202290978,22553.54521484375,22981.9720703125,22602.098235754933,22713.73671877668,0.015455761431518627,-0.003246628289550748,239.0260948809325,0.006315063479540921,0.0072053364993456565,23078.124880404976,22028.965549282526,0.04579961886068055,0.8374648483101461,56.075502151883626,-111.63848302174665,-192.02309560301174,80.38461258126509,96.60899266252204,90.12916121747321,46469500,1.1064629044651204,32.650390625,33.099609375,67.0,0,BUY
2025-03-20,23036.599609375,23216.69921875,22973.94921875,23190.650390625,313700,0.012356195589090069,0.012280480863664548,0.030294902676736735,0.032048703438953385,0.038202897374749245,0.010692804235344244,22565.8126953125,22972.00609375,22692.64472111956,22749.06365743211,0.026943517529163227,0.009428122678413118,244.03134591622305,0.006433068626857126,0.007720757270574662,23135.96002491382,21995.66536571118,0.04917044757242405,1.047961608228854,63.03950616692797,-56.41893631255152,-164.9022637449197,108.48332743236818,97.91958819170924,97.29919820204002,46783200,1.052755218471035,154.05078125,26.048828125,62.650390625,0,BUY
2025-03-21,23168.25,23402.69921875,23132.80078125,23350.400390625,541000,0.0068885519512889015,0.0068649342763162065,0.02260194495636969,0.04255894509689506,0.03573794283336085,0.018205285545594307,22586.6876953125,22968.4841015625,22793.837901043473,22793.607119150103,0.03270662098021777,0.01635587752987043,245.87899531506426,0.006246949252137925,0.007842756131551805,23234.368025466738,21939.00736515826,0.0554748800294043,1.0895753350495765,66.28810828496115,0.23078189336956711,-131.87565461726186,132.10643651063143,96.36333757522338,96.96397280981824,47324200,1.7192068132706186,182.150390625,52.298828125,35.44921875,0,BUY
2025-03-24,23515.400390625,23708.75,23433.5,23658.349609375,311900,0.013188177230298859,0.013101970335000056,0.03277296673601504,0.0510734540734159,0.04903445779292759,0.03252277430409145,22623.94765625,22973.02109375,22926.839702325247,22857.662118426022,0.04372248995403733,0.028967722894475537,253.91261060505965,0.006812897561846409,0.008290146758619563,23412.815747021028,21835.07956547897,0.06668834502795816,1.155624156449803,71.49017819078647,69.17758389922528,-91.66500691396445,160.84259081318973,97.11031853125122,97.13108143272797,47636100,0.9800933272581552,142.94921875,50.400390625,81.900390625,0,HOLD
2025-03-25,23751.5,23869.599609375,23601.400390625,23668.650390625,338200,0.00043539728764163677,0.0004353025297464832,0.02061175482138422,0.036539310634819744,0.0537993511816075,0.03828539276996157,22667.58515625,22984.6751171875,23040.964423602134,22917.735323774094,0.042294985892880325,0.02889794146050752,254.93308261541253,0.006285513665635111,0.008143835151219426,23577.01528060373,21758.15503189627,0.07684680869796866,1.0503805116887561,71.64777807768957,123.22909982803685,-48.68618556556419,171.91528539360104,88.8472999530634,94.10698535317935,47974300,1.0470426154393864,82.849609375,118.099609375,67.25,0,HOLD
2025-03-26,23700.94921875,23736.5,23451.69921875,23486.849609375,278600,-0.007681079328545448,-0.007710730752587225,0.005843549423879768,0.025286368274174853,0.04395740053867869,0.041390747546074635,22714.26015625,22990.89109375,23109.562144490268,22959.89193752231,0.032894554441078167,0.02111643425464065,257.0664896607402,0.007465828239816027,0.007927812463540195,23688.928215323915,21739.592097176082,0.08299691744821051,0.8963346525678616,64.83561129118522,149.6702069679559,-9.014907058860175,158.68511402681605,76.42802155504233,87.461880013119,47695700,0.8540248911777303,214.099609375,35.55078125,35.150390625,0,HOLD
2025-03-27,23433.94921875,23646.44921875,23412.19921875,23591.94921875,510300,0.004474827877002596,0.004464845602965276,-0.0028066366302528234,0.01730433693602773,0.049907621937651525,0.04631981751066716,22766.480078125,22998.46609375,23183.775540530227,23006.710995391026,0.03498944207496626,0.025156171687938385,255.43674039925878,0.007207855784908197,0.007925637479563378,23809.350808062434,21723.60934818757,0.08840903481672452,0.8957677192999879,66.80078267379496,177.06454513919743,28.20098338075135,148.86356175844608,82.14352557250326,82.47294902686968,48206000,1.5043334709038338,158.0,54.5,21.75,0,HOLD
2025-03-28,23600.400390625,23649.19921875,23450.19921875,23519.349609375,295400,-0.0030773044101545244,-0.003082049047667123,-0.006307954986277453,0.007235388512559782,0.05010226411191554,0.043215641320945464,22815.19501953125,23002.6170703125,23235.4023203525,23044.684226056506,0.02993937338994566,0.021970528422117903,251.4055446564546,0.007184790576205582,0.00800046206529427,23902.229102165915,21728.160936896584,0.09243742711332163,0.8238879999678822,64.13449559532964,190.7180942959967,60.70440556380042,130.01368873219627,77.47444131394067,78.68199614716211,47910600,0.8700262127057966,81.05078125,48.798828125,69.150390625,0,HOLD
2025-04-01,23341.099609375,23565.150390625,23136.400390625,23165.69921875,314300,-0.015036571865236992,-0.015150767296533939,-0.013673625708269133,-0.0208235315970553,0.029186392791692217,0.04705148710531559,22867.24501953125,23001.8670703125,23224.678766259807,23053.648299589357,0.012883453091594435,0.007072186636391166,264.0730057524221,0.009562300024116219,0.0075339629842573605,23916.06341914296,21818.426619919537,0.09054925471559365,0.6422811610325494,53.03057738437465,171.03046667045055,82.76961778513045,88.2608488853201,54.73019398097497,71.44938695580632,47596300,0.9591674804687471,175.400390625,224.05078125,29.298828125,0,HOLD
2025-04-02,23192.599609375,23350.0,23158.44921875,23332.349609375,341000,0.0071938424586863725,0.007168090205371445,-0.011003737205770192,-0.014208701201789076,0.021811433286101023,0.054841192319843746,22927.8974609375,23001.6190625,23241.243511354452,23074.29284105496,0.017334394315563918,0.014174763896993462,258.8928468593919,0.008836181984542035,0.007583706294406291,23936.205697516496,21919.589224358504,0.08643006413497722,0.7005597761499157,56.824101362189715,166.95067029948768,99.6058282880019,67.34484201148578,65.11474245565977,65.77312591685849,47937300,1.0314267566014306,139.75,17.650390625,34.150390625,0,HOLD
2025-04-03,23150.30078125,23306.5,23145.80078125,23250.099609375,283200,-0.0035251486188494496,-0.003531376595912815,-0.011448020649885482,-0.010080108824194967,0.014951370106007555,0.052867259957420254,22986.269921875,23006.128046875,23242.605987973002,23087.315564634224,0.011347464825209565,0.010493355581221844,253.7254169497925,0.009005303008613881,0.007651404510805503,23924.848872249775,22047.690971500222,0.08073762832364975,0.6405474134030031,54.48515606278791,155.29042333877078,110.74274729815569,44.54767604061509,59.147989109015455,59.66430851521674,47654100,0.8527423555803109,99.798828125,56.400390625,4.5,0,HOLD
2025-04-04,23190.400390625,23214.69921875,22857.44921875,22904.44921875,466800,-0.014866619775066536,-0.014978235581472139,-0.011277449367405601,-0.02914129704270474,-0.012341230929456826,0.025390195666616266,23014.62734375,23001.1100390625,23190.581869631,23073.76990938354,-0.0048103372383128395,-0.004220176586187953,263.6486293551645,0.00946890404533847,0.00828177244956679,23906.154465592233,22123.100221907764,0.07784750581231306,0.4382082034852923,45.92930540883512,116.81196024745441,111.95658988801544,4.855370359438965,36.35458552179099,53.53910569548875,47187300,1.3723357342348923,285.951171875,24.298828125,47.0,1,BUY
2025-04-07,21758.400390625,22254.0,21743.650390625,22161.599609375,647100,-0.03243254628305536,-0.032970136904421674,-0.05017711544702674,-0.05772906234867947,-0.05091136603067814,-0.016992890686090112,22995.47236328125,22980.2350390625,23032.276906514693,23006.201739012537,-0.03762692082720856,-0.036939365574549646,327.7307864101527,0.013175427800983321,0.010976520815919768,23941.36756385193,22049.577162710568,0.08536344101899038,0.05921504126291535,33.68632486681098,26.07516750214927,94.78030541084222,-68.70513790869295,19.659416841374167,38.38733049072689,46540200,1.8284826222096586,403.19921875,92.400390625,14.75,1,BUY
2025-04-08,22446.75,22697.19921875,22270.849609375,22535.849609375,468300,0.016887318902814252,0.01674631338889978,-0.03072029849334479,-0.027188888339930162,-0.04744625126155,-0.0007382946735394746,22994.63984375,22969.108046875,22955.90347618551,22971.360840520865,-0.020358239974415732,-0.019225298580256917,342.57855947907035,0.01378479606725959,0.011668681653596883,23942.121068029955,22047.158619470043,0.08408657678349081,0.2578895377457651,42.065143844970315,-15.45736433536149,72.73277146160147,-88.19013579696296,37.26331803991967,31.092440134361624,47008500,1.290704885275267,89.099609375,161.349609375,175.900390625,1,BUY
2025-04-09,22460.30078125,22468.69921875,22353.25,22399.150390625,383800,-0.006065856008070525,-0.006084328049671031,-0.022061164767557595,-0.03999593844483784,-0.053636349307979114,-0.0027225989188910393,22991.58232421875,22960.508046875,22870.249155330046,22928.974881269318,-0.026448857356737458,-0.025061560213683397,331.15149161449386,0.013665185469200302,0.011713693822755885,23946.30802706447,22036.85662137303,0.08524659964293235,0.18973709840004446,40.07343790123171,-58.72572593927907,46.44107198142537,-105.16679792070444,30.833285866791122,29.252006916028336,46624700,1.0448655123597925,61.150390625,8.3984375,45.900390625,1,BUY
2025-04-11,22695.400390625,22923.900390625,22695.400390625,22828.55078125,402200,0.019170387409190415,0.018988950673859396,0.030094902156469816,-0.01813105471406329,-0.028028400533643083,0.014696944376319854,23008.11484375,22957.9340625,22863.834020856197,22921.536059045666,-0.007865767048492829,-0.005667608184583845,344.97995649917283,0.015662161185302944,0.012479180681693241,23939.232106695563,22076.99758080444,0.08157480269928699,0.4035760211703306,48.346785658237444,-57.7020381894763,25.612449947245036,-83.31448813672134,51.03134077976198,39.70931489549094,47026900,1.0869242098720362,133.150390625,95.349609375,0.0,1,BUY
2025-04-15,23368.349609375,23368.349609375,23207.0,23328.55078125,388300,0.02190239778210845,0.02166598602930882,0.035175118116923976,0.01851612140722514,-0.011164759429486248,0.0381856559155338,23051.0173828125,22961.2430859375,22935.328907070627,22951.68529772747,0.011896726935158052,0.01574498556540069,358.8955901867319,0.017423245210515005,0.013324271233649366,23957.8507412017,22144.184024423303,0.07774450859742671,0.6530233729655838,55.969472182238704,-16.35639065684518,17.218681826426995,-33.57507248327217,74.55024685664308,52.138291167732085,47415200,1.0467294758265577,39.798828125,0.0,121.55078125,1,BUY
2025-04-16,23344.099609375,23452.19921875,23273.05078125,23437.19921875,348400,0.004657316201027051,0.004646504460063537,0.04634322329294549,0.05755900439765127,-0.0034928853046282127,0.04643437734524225,23103.0173828125,22964.9970703125,23012.53972425207,22987.649291877286,0.014258607985469116,0.02014755022689458,346.05650785196536,0.017491588381855393,0.013278503260571724,23972.420847055335,22233.613918569667,0.07419004772100093,0.6921903061588597,57.43927111816953,24.890432374781085,18.753031936097813,6.137400438683272,79.66083165056786,68.41413976232433,47763600,0.9315258950295422,93.099609375,15.0,71.048828125,1,BUY
2025-04-17,23401.849609375,23872.349609375,23298.55078125,23851.650390625,505300,0.017683476937954135,0.017528943393621495,0.04481666923050209,0.05838700577335332,0.029610639652948745,0.05966126020436491,23170.16240234375,22971.8620703125,23141.63367292483,23051.649373266006,0.02857194270083345,0.036885846719365935,362.3238164428964,0.01747058289845833,0.013707518639145877,24052.935363341283,22287.38944134622,0.07402196045473736,0.8859927854554374,62.57186388467556,89.98429965881951,32.99928548064216,56.98501417817735,99.02761185950193,84.4128967889043,48268900,1.3066301199834471,449.80078125,20.69921875,103.298828125,1,BUY
2025-04-21,23949.150390625,24189.55078125,23903.650390625,24125.55078125,406100,0.011483498464016417,0.011418063566753105,0.034164145363053455,0.07707436936302603,0.03399576918546976,0.05654869892316938,23234.72490234375,22984.730078125,23293.005535744087,23131.197625709265,0.03692458203269644,0.04728682521982572,360.57928602733233,0.017635236316500446,0.013591971350893255,24195.2495611883,22274.200243499203,0.07962716934869339,0.963718380732096,65.53034405201471,161.807910034815,58.761010391476724,103.04689964333826,97.38337668020708,92.02394006342564,48675000,1.0322957841355356,176.400390625,64.0,45.5,1,BUY
2025-04-22,24185.400390625,24242.599609375,24072.0,24167.25,440900,0.0017284255654137493,0.0017269335569158489,0.0311492330818246,0.05864144559932072,0.03944715962658418,0.054988318815799575,23297.707421875,23000.8540625,23427.504684091153,23207.942246027098,0.03598020371060015,0.04826349450185691,347.00930912359433,0.017480627173747182,0.013593899162196896,24326.91043842431,22268.504405325686,0.08517336615041533,0.9224349152412421,65.97134066227866,219.56243806404382,90.92129592599015,128.64114213805368,96.98474827701018,97.79857893890642,49115900,1.104348261697222,18.150390625,57.19921875,95.25,1,BUY
2025-04-23,24357.599609375,24359.30078125,24119.94921875,24328.94921875,415000,0.006690840652122221,0.006668556323176313,0.020011144734563224,0.04288300833089287,0.06219315672668002,0.04908438568782736,23354.62236328125,23012.648046875,23566.188458654055,23290.979799562127,0.040048045096738025,0.054104316632817936,339.3194700790519,0.016173821695340204,0.0134417668433856,24475.649255995908,22233.595470566594,0.09215580028838208,0.9345689036542217,67.69719155420327,275.20865909191707,127.77876855917555,147.42989053274152,98.83961699893892,97.73591398538542,49530900,1.0264528017214702,28.650390625,1.701171875,209.0,1,HOLD
2025-04-24,24277.900390625,24347.849609375,24216.150390625,24246.69921875,358800,-0.0033807460922566923,-0.0033864737270896763,0.005021582246907963,0.03453910991857723,0.09408615109592278,0.03838473058838243,23399.4373046875,23023.656015625,23670.88242174574,23361.773830613078,0.03494339194043001,0.05044163711072135,324.48945212697674,0.009837352149041781,0.013460826046709543,24585.955082261222,22212.91952711378,0.09787045790184798,0.8570371763810339,65.8672360069573,309.10859113264814,164.04473307387008,145.06385805877807,95.69508360507253,97.17314962700722,49172100,0.9079062235099106,31.201171875,69.94921875,30.548828125,1,HOLD
2025-04-25,24289.0,24365.44921875,23847.849609375,24039.349609375,387700,-0.00855166336268387,-0.008588438645809417,-0.005292302211670763,0.007869443651739028,0.06671592267701931,0.016104250984989354,23418.4873046875,23032.376015625,23727.56968138101,23411.964629039885,0.025826917731808046,0.04188855397973395,338.2830347875498,0.010831795518689135,0.013384938667871982,24632.926789278175,22204.047820096825,0.10103763240891189,0.755616814408832,61.36389528963377,315.6050523411068,194.35679692731742,121.24825541378937,87.56198965851958,94.03223008751036,48784400,0.971715728661476,249.650390625,76.44921875,191.5,1,BUY
2025-04-28,24070.25,24355.099609375,24054.05078125,24328.5,320500,0.012028211882747275,0.011956447831200931,-1.846437122954292e-05,0.008412210796353348,0.0861349460014571,0.02787863264211987,23451.47978515625,23047.74703125,23820.02049963009,23479.856137999894,0.0360490870725178,0.052644140360071486,336.6735323027248,0.009970623206850639,0.013613530051535127,24725.692308197744,22177.267262114758,0.10475060304100073,0.844142048121413,64.96152009314287,340.16436163017715,223.51830986788937,116.64605176228778,98.59069207165584,93.94925511174934,49104900,0.805074101984424,258.25,26.599609375,16.19921875,1,HOLD
2025-04-29,24370.69921875,24457.650390625,24290.75,24335.94921875,357600,0.0003061930965739812,0.00030614622903455367,0.003680913397522634,0.006980488833028264,0.06603128038850747,0.036152128680386086,23493.934765625,23066.8340234375,23899.394148725463,23543.27044027768,0.0345996141574892,0.052149812768950546,324.5468793257445,0.00946587289046252,0.013447268595273495,24825.330605827545,22162.538925422454,0.10941803241245683,0.8162149180953159,65.05180577924877,356.1237084477689,250.0393895838653,106.08431886390358,95.5158005941415,93.88949410810567,49462500,0.8894416117398312,34.75,86.951171875,45.19921875,1,HOLD
2025-04-30,24342.05078125,24396.150390625,24198.75,24334.19921875,424500,-7.191007773188485e-05,-7.191266338548166e-05,0.01226529062416959,0.0002157923037611198,0.04310805445781374,0.031462003970832875,23531.047265625,23092.0819921875,23966.287236421544,23601.857757201557,0.033005070185591165,0.05104409705027081,315.4649872756913,0.007902933196848358,0.013439229469728513,24911.769191400228,22150.32533984977,0.11347995579088996,0.7908449334116525,65.0094256790006,364.4294792199762,272.9174075110875,91.5120717088887,94.35471338159876,96.15373534913205,49038000,1.0672264682220407,7.8515625,54.099609375,135.44921875,1,HOLD
2025-05-02,24311.900390625,24589.150390625,24238.5,24346.69921875,421100,0.0005136803511647248,0.0005135484625769229,0.0007480616869104395,0.00412427271431115,0.038805831341502284,0.03517740171884731,23572.41474609375,23118.1109765625,24024.812156779768,23657.031198797737,0.03180244129602402,0.05046220972908447,317.97823037207047,0.007987806084735634,0.013396863769237148,24998.09992075543,22146.729571432068,0.1171152739722291,0.7715481953577931,65.18390314793311,367.7809579820205,291.8901176052741,75.89084037674638,89.15644127566758,93.00898508380264,49459100,1.0422106448539121,34.798828125,242.451171875,73.400390625,1,HOLD
2025-05-05,24419.5,24526.400390625,24400.650390625,24461.150390625,291500,0.004700890697612925,0.004689876016656186,0.00514470057237526,0.01754626427519912,0.02555378726495028,0.055921090904369475,23637.1873046875,23146.7059765625,24091.94111583288,23716.595583377533,0.03368455991559956,0.05373600149918841,308.10129762227973,0.006381987270744267,0.012803965388461553,25100.294609364286,22174.080000010716,0.11962702336661458,0.7815798551831915,66.81552010810762,375.34553245533607,308.5812005752865,66.76433188004955,93.24092409240924,92.25069291655855,49750600,0.7234956131097884,41.650390625,65.25,18.849609375,1,BUY
2025-05-06,24500.75,24509.650390625,24331.80078125,24379.599609375,302400,-0.0033338898599493128,-0.0033394596535795407,0.0018657030879412062,0.0021004011498859665,0.010530280963468863,0.04488403515003103,23689.5498046875,23175.71296875,24136.19626868551,23765.70699271068,0.02830439448325256,0.04938090288250902,298.7976056046169,0.005766467269682956,0.012830311341869578,25179.974462732032,22199.125146642968,0.12226818175236974,0.7314943600007692,64.49617871491148,370.48927597482543,320.9628156551943,49.526460319631155,84.83878580280671,89.0787170569612,49448200,0.754161730781219,121.150390625,8.900390625,47.798828125,1,BUY
2025-05-07,24233.30078125,24449.599609375,24220.0,24414.400390625,330100,0.0014274549954715887,0.001426437150093386,0.0027807125420460377,0.003223674210108829,0.010226665864961904,0.05007723841236911,23747.76484375,23204.8109765625,24178.996902830047,23813.758355519145,0.027305014098604904,0.04954409670970148,293.85489158821565,0.005763392932607802,0.012760050886517363,25255.83250727499,22239.69718022501,0.1235391932135332,0.7210230890158041,65.05366541032495,365.2385473108952,329.81796198633447,35.42058532456076,86.72212963553825,88.26727984358475,49778300,0.8184568084895348,181.099609375,35.19921875,13.30078125,1,BUY
2025-05-08,24431.5,24447.25,24150.19921875,24273.80078125,411400,-0.005758880297096702,-0.005775526588332327,-0.007659067802747499,-0.002482039246784029,-0.002266782547990065,0.0597853958164174,23816.232421875,23231.3809765625,24193.582114894656,23847.83557223995,0.01885029721956205,0.042944234983287144,294.08316942120024,0.005750042221601742,0.012259447133412324,25288.8570697697,22343.6077739803,0.1213344923743636,0.6553581084047777,60.89350403072259,345.74654265470235,333.00367812000803,12.74286453469432,75.56565126129902,82.37552223321468,49366900,1.027087754337783,157.69921875,15.75,123.6015625,1,BUY
2025-05-09,23935.75,24164.25,23935.75,24008.0,335600,-0.0109501096942064,-0.011010503428714508,-0.015242235940253313,-0.01391150462355728,-0.009844606748180107,0.08331530318975355,23908.55244140625,23252.88296875,24165.03102029548,23859.699603925877,0.00414226751889998,0.031452725393618784,297.22371312325737,0.006642476063511224,0.00965876935871114,25171.218043030705,22645.886839781793,0.10518707111166745,0.5393800062602756,53.8787458150248,305.3314163695977,327.469225769926,-22.137809400328308,21.603968952379947,61.2972499497391,49031300,0.8717449185011992,72.25,156.25,0.0,1,BUY
2025-05-12,24420.099609375,24944.80078125,24378.849609375,24924.69921875,368700,0.038183073090219954,0.0374721401846667,0.020901550722538076,0.018950409965291737,0.03682918314186523,0.10600219875363526,24027.994921875,23293.1139453125,24281.903050826942,23938.588464283217,0.035976534320640435,0.06546058025085873,342.90778941802466,0.013556782176729076,0.012030654679017231,25197.142747674392,22858.84709607561,0.09381439796231372,0.8834862782475794,67.69893245502726,343.3145865437182,330.6382979246845,12.676288619033699,98.16750617389462,65.11237546252455,49400000,0.970275924683217,504.599609375,20.1015625,41.25,1,HOLD
2025-05-13,24864.05078125,24973.80078125,24547.5,24578.349609375,423000,-0.01389583907654357,-0.013993290077199355,0.012546400576882277,0.008152307797687275,0.010269832064245588,0.09728936949600042,24136.9548828125,23328.7629296875,24327.51021368049,23985.978178734462,0.017958680447532436,0.05084095146937236,348.8644316917372,0.014249201612239772,0.012530763373035053,25058.566895123262,23215.34287050174,0.07499380771760425,0.7394688440827986,60.34187534711952,341.5320349460235,332.8170453289523,8.714989617071183,64.87847948002296,61.549984868765854,48977000,1.107460302915262,285.701171875,109.75,30.849609375,1,HOLD
2025-05-14,24613.80078125,24767.55078125,24535.55078125,24666.900390625,345500,0.0036027960647213586,0.003596321541244558,0.02744503459784231,0.010342256863165034,0.013599271139997926,0.0805285288142299,24228.87236328125,23371.0339453125,24379.724087056566,24036.41686109672,0.01775772474073102,0.05253462838018394,340.5169722851846,0.01426660928008525,0.012061038377125627,24956.442014947417,23501.302711615084,0.058991574956267265,0.8010213704899901,61.49403508815213,343.30722595984116,334.9150814551301,8.392144504711041,72.74301068367544,78.59633211253102,49322500,0.9113209537877166,53.099609375,100.650390625,78.25,1,HOLD
2025-05-15,24694.44921875,25116.25,24494.44921875,25062.099609375,500800,0.01602143814146184,0.015894449466611917,0.005512619808131447,0.03247529446372943,0.029912650261535445,0.0743101808758011,24315.5498046875,23421.324921875,24484.70493664402,24112.393360969185,0.02978799926276877,0.06546836510402486,360.60867292552854,0.014967381458364843,0.011665481199638946,25005.508804297653,23625.590805077347,0.05505995190858308,1.0410102666305399,66.21196820845032,372.3115756748266,342.39438029906944,29.91719537575716,95.73081252377118,77.78410089582322,49823300,1.3016413468661028,367.650390625,54.150390625,200.0,1,HOLD
2025-05-16,25064.650390625,25070.0,24953.05078125,25019.80078125,432700,-0.0016877607536591732,-0.0016891866264205442,0.017960976993614652,0.04214431777949024,0.027646522284286768,0.06752519990673211,24394.6798828125,23470.819921875,24567.02737427571,24179.60872543443,0.02498504699949371,0.0619101995622529,343.2044261987051,0.015024927687704822,0.011722903912665693,25023.878644191824,23765.481121433175,0.050296064855228584,0.9967594795213193,65.28989232498522,387.4186488412706,351.3992340075097,36.01941483376095,91.82979934349852,86.7678741836484,49390600,1.1124537227478375,44.849609375,5.349609375,66.75,1,HOLD
2025-05-19,25005.349609375,25062.94921875,24916.650390625,24945.44921875,255300,-0.0029717088137536374,-0.002976133107706799,0.011292413060169704,0.0008325075387225489,0.019798693863172234,0.04585841273922586,24449.36982421875,23527.234921875,24625.246119579446,24236.337650865215,0.019886568896036457,0.05685262608175501,329.13974062201186,0.015114462756069712,0.011294497789405578,25070.353148440852,23828.386499996646,0.049787303389617614,0.8994305283090999,63.612934865248775,388.908468714224,358.90108094885255,30.007387765371448,85.53148824650572,91.03070003792516,49135300,0.6781596982415112,59.900390625,57.599609375,28.798828125,1,HOLD
2025-05-20,24996.19921875,25010.349609375,24669.69921875,24683.900390625,414800,-0.010484831354666824,-0.010540184450815589,-0.015090484222978984,0.004294461708272745,0.012481779279631233,0.02314349688583861,24477.2873046875,23578.5269140625,24634.269853586455,24269.49044640298,0.008370358114715648,0.044781151239061255,329.9619299079396,0.01556077803155987,0.011422317356106985,25087.64122570134,23866.93338367366,0.049453604280922665,0.6692567859592289,57.972110625960745,364.77940718347236,360.07674619577654,4.702660987695822,63.37572135747565,80.24566964915998,48720500,1.100571777285448,312.298828125,14.150390625,14.201171875,1,HOLD
2025-05-21,24744.25,24946.19921875,24685.349609375,24813.44921875,332700,0.00524831270888626,0.0052345883147392296,-0.008247530198347564,0.005941112413973881,0.01634481378777708,0.026738632601971624,24509.597265625,23633.142890625,24661.83590976546,24309.783688799052,0.012245454086060566,0.047567201065828235,325.1288512091582,0.01560976276866712,0.011457855845606433,25119.295974027355,23899.89855722265,0.04914260029126795,0.7491820541333106,59.870253692862256,352.05222096640136,358.47184114990154,-6.419620183500172,74.34978557814486,74.41899839404209,49053200,0.8955947077270929,69.19921875,132.75,58.900390625,1,HOLD
2025-05-22,24733.94921875,24737.5,24462.400390625,24609.69921875,403300,-0.008211272774042211,-0.008245170966734258,-0.013459368763246715,-0.018051176783918432,0.013837900398336433,0.01153975033922272,24523.634765625,23678.590859375,24653.814880378464,24331.999653980605,0.0034971761483142366,0.03783501582439473,326.98027813171836,0.01575905235390172,0.011578345412198019,25128.962483674022,23918.307047575978,0.04919423944749607,0.5710891394514492,55.61584948411546,321.81522639785544,351.14051819949236,-29.325291801636922,57.09014983058026,64.93855225540027,48649900,1.0873550822324047,124.25,3.55078125,147.298828125,1,BUY
2025-05-23,24639.5,24909.05078125,24614.05078125,24853.150390625,270500,0.009892488718005854,0.009843878373448323,0.006856695956538594,-0.006660740110684182,0.03520286532093464,0.025011700207260734,24553.95732421875,23724.7598828125,24684.481881954856,24370.60341225056,0.012038436242638664,0.04540231278840793,325.00679844373843,0.015303322158373794,0.011715543264284107,25161.5108329725,23946.403815465,0.04889146842188094,0.7462277495682855,59.33424377417408,313.8784697042902,343.68810850045196,-29.809638796161778,77.71286663490046,69.71760068120854,48920400,0.7380929642413722,213.650390625,55.900390625,25.44921875,1,HOLD
2025-05-26,24919.349609375,25079.19921875,24900.5,25001.150390625,302800,0.005954979456279652,0.0059373186446142635,0.007564493360848967,0.0022329191744172583,0.003067285635185879,0.04000943440145788,24602.04736328125,23773.732890625,24733.200114057956,24417.31059583385,0.015963386528541772,0.04909444088861847,317.93837199239994,0.009495390820079434,0.01152093488697618,25191.03188452429,24013.06284203821,0.0471165935999409,0.8388060406923866,61.44871101091153,315.8895182240958,338.1283904451808,-22.23887222108499,90.24992720245659,75.01764788931246,49223200,0.8359098939929306,81.80078125,78.048828125,18.849609375,1,HOLD
2025-05-27,24956.650390625,25062.900390625,24704.099609375,24826.19921875,525700,-0.0069977248703164685,-0.00702232377173064,0.008797344415938602,0.005764843718906176,0.010084062327783805,0.020457456018661224,24626.93232421875,23821.050859375,24747.507668625964,24447.598641975786,0.008026476093882075,0.04048740407334937,320.85711551079993,0.008549152460984219,0.011436732628886689,25209.60624676106,24044.258401676438,0.04694024384548134,0.6709934895156645,57.63376066380722,299.9090266501662,330.48451768617787,-30.57549103601167,75.42983640406608,81.13087674714107,48697500,1.411275167785231,130.451171875,106.25,122.099609375,1,HOLD
2025-05-28,24832.5,24864.25,24737.05078125,24752.44921875,684400,-0.0029706520659956714,-0.002975073210803887,-0.0040518473631007135,-0.002458344241553778,0.003468162872928948,0.017114598500193257,24647.75732421875,23866.1418359375,24748.267907106583,24470.180166181282,0.004229556986706019,0.035806855918771995,307.0244085993142,0.008582570820892577,0.011471735120172362,25216.959258631974,24078.555389805526,0.04599156466359322,0.5919637550411545,56.05392471943381,278.08774092528984,320.00516233400026,-41.917421408710425,69.18248358746294,78.28741573132855,48013100,1.7601069848780946,80.05078125,31.75,15.3984375,1,HOLD
2025-05-29,24825.099609375,24892.599609375,24677.30078125,24833.599609375,345400,0.003278479228775888,0.003273116733106363,-0.006701722866033766,0.009098054739913763,-0.00911735263850455,0.020522573442244285,24672.72734375,23913.403828125,24761.395861301724,24497.100124936373,0.006478008349795087,0.03705446635704857,300.4725814225775,0.006753072020790361,0.011481092438887409,25228.3716261174,24117.0830613826,0.04474939526347504,0.6447619193874682,57.43649028891688,264.2957363653404,308.86327714026834,-44.56754077492792,61.669346230555504,68.76055540736154,48358500,0.8974109149486187,8.5,59.0,147.798828125,1,HOLD
2025-05-30,24812.599609375,24863.94921875,24717.400390625,24750.69921875,853900,-0.00333823496911434,-0.0033438193068198903,-0.0030411421150192686,-0.004122260971536451,-0.010755543773220855,0.01659362513045992,24692.92734375,23960.473828125,24759.750223986077,24515.88524299664,0.002334151228997733,0.031927396621844205,289.4780276156077,0.006794642158900715,0.011523288447280712,25228.712247911724,24157.14243958828,0.04329452670620607,0.5539133097542503,55.51504944363494,243.8649809894232,295.8636179100993,-51.99863692067612,44.09252892275615,58.31478624692489,47504600,2.1004858249800082,61.900390625,51.349609375,33.298828125,1,BUY
2025-06-02,24669.69921875,24754.400390625,24526.150390625,24716.599609375,311100,-0.0013777230725331435,-0.001378673005562118,-0.0014483257417550188,-0.011381507522817857,-0.00917400233478205,0.01044305826466374,24705.6998046875,24004.6308203125,24753.111667892063,24530.75297383948,0.0004409912714435141,0.028805288766034366,285.10459707163574,0.006763437237848668,0.011497492286597426,25230.8482451555,24180.551364219504,0.04249358316010501,0.5103778321014099,54.70438932267897,222.35869405257108,281.1626331385937,-58.80393908602264,38.87732210974069,48.2130657543508,47193500,0.7634262156292543,46.900390625,37.80078125,143.548828125,1,BUY
2025-06-03,24786.30078125,24845.099609375,24502.150390625,24542.5,349300,-0.007043833380258491,-0.007068758288164619,-0.011722006231634108,-0.011427412478658305,-0.005728446006803001,0.006681832074155958,24713.84482421875,24038.7948046875,24720.709872831743,24531.623123925445,-0.006981555433177201,0.020523793228583113,289.2363557629475,0.006292805871394484,0.011593513709590438,25223.328962270913,24204.36068616659,0.04151851995943047,0.33184479022824753,50.6386175612061,189.08674890629118,262.7474562921332,-73.66070738584204,12.25046374984691,31.740104927447934,46844200,0.852263023057214,243.80078125,58.798828125,40.349609375,1,BUY
2025-06-04,24560.44921875,24644.25,24530.44921875,24620.19921875,280900,0.003165904807986175,0.0031609038835467354,-0.005272578315732579,-0.00534290561839923,-0.00778811515869271,0.008429403337057773,24724.134765625,24073.046796875,24705.246695280708,24538.184316134673,-0.004221555883912012,0.022223720328725185,276.70524329773696,0.006111204472356802,0.011608161663587822,25217.055714127742,24231.213817122258,0.040041995121416284,0.3945717896641429,52.341046002107596,167.0623791460239,243.6104408629114,-76.5480617168875,25.58351620165864,25.570434020415433,47125100,0.6895112791182879,59.75,24.05078125,30.0,1,BUY
2025-06-05,24691.19921875,24899.849609375,24613.099609375,24750.900390625,388400,0.005308696762106768,0.005294655304090157,0.001387762952513416,-0.0033301341751028612,0.005737622821794464,0.01965491987326229,24747.98974609375,24104.251796875,24712.27034071829,24553.941062393216,0.00011759752111290774,0.026126265450728162,277.4227259193272,0.005766557974803977,0.011558641924580613,25195.514003916614,24300.465488270886,0.03616226082768084,0.5032519405148076,55.14359691077222,158.32927832506175,226.55420835534147,-68.22493003027972,46.773759424447675,28.20257979198443,47513500,0.9560850728633297,59.701171875,148.94921875,78.099609375,1,HOLD
2025-06-06,24748.69921875,25029.5,24671.44921875,25003.05078125,335600,0.01018752395450262,0.010135980900817266,0.018765438779667853,0.01019573468489443,0.00603144423419022,0.04144663367419188,24797.74228515625,24137.3048046875,24757.005793107783,24587.208448975198,0.008211337803933556,0.03462561365558355,283.181872728661,0.0058199638482925205,0.011369793206619397,25104.125969828703,24491.3586004838,0.02450770406803408,0.835051287591251,60.02718057973716,169.79734413257393,215.20283551078796,-45.40549137821404,87.65425061985238,53.337175415319585,47849100,0.8261126427727432,254.3515625,26.44921875,77.25,1,HOLD
2025-06-09,25160.099609375,25160.099609375,25077.150390625,25103.19921875,279200,0.004005448710087123,0.003997448256890138,0.019618037843989633,0.015641294331942168,0.0040817653000186915,0.007161570875275469,24806.66728515625,24166.201796875,24810.26632012966,24625.429987477033,0.011812515648294924,0.03732581706857269,274.1723695426852,0.005651492410128521,0.007605207325541562,25136.802885769186,24476.531684543315,0.02630227308767494,0.9491062657923803,61.80579135541008,184.83633265261233,209.12953493915285,-24.29320228654052,91.84456724389875,75.42419242939962,48128300,0.6949336054658801,56.900390625,0.0,26.048828125,1,HOLD
2025-06-10,25196.05078125,25199.30078125,25055.44921875,25104.25,307300,4.18584595869298e-05,4.18575835460567e-05,0.014276232532891564,0.02288886625241937,0.011199893257925808,0.021396896007387145,24832.9623046875,24194.9137890625,24855.49457857125,24660.89813655281,0.0108064449371123,0.03622240102522486,264.8637404682077,0.005028738441806596,0.006826518088361264,25169.873427690876,24496.05118168412,0.026840963024458226,0.9026101793452498,61.82498459031922,194.59644201843184,206.22291635500866,-11.62647433657682,87.10127142565592,88.86669642980236,48435600,0.7760492954189586,91.80078125,3.25,48.80078125,1,HOLD
2025-06-11,25134.150390625,25222.400390625,25081.30078125,25141.400390625,301200,0.0014798446727146697,0.001478750781646587,0.005533309138369136,0.021169656965166483,0.015713643867628635,0.019236304216817546,24856.6873046875,24228.0048046875,24899.48008811798,24696.49089611371,0.01132447204665919,0.03633033847542141,256.0234453901215,0.004818461049496256,0.00680170566456551,25209.914003868547,24503.460605506454,0.028099206384125015,0.9030175049008207,62.54168014306887,202.98919200426462,205.57617148485988,-2.586979480595261,88.75390489413398,89.23324785456289,48736800,0.7649232410193878,7.25,81.0,52.849609375,1,HOLD
2025-06-12,25164.44921875,25196.19921875,24825.900390625,24888.19921875,328300,-0.010071084662786611,-0.010122141121121413,-0.008564645411387017,0.005547225594144667,0.0021986184135136533,-0.0069387798043843985,24847.99228515625,24253.9298046875,24897.744569753675,24710.691512605288,0.0016155019188153188,0.02548474513916057,264.1859727283271,0.005997723952843219,0.006243243573333405,25188.912282689267,24507.072287623236,0.027396116089924025,0.5589682827116879,54.96730297548737,187.05305714838323,201.87154861756454,-14.81849146918131,53.59928193335647,76.48481941771549,48408500,0.85241730279898,276.25,31.75,62.298828125,1,HOLD
2025-06-13,24473.0,24754.349609375,24473.0,24718.599609375,318700,-0.006814458847919758,-0.006837783295332098,-0.01536195626736514,-0.011376658567134212,-0.001296917274590914,-0.012038511997294665,24832.9322265625,24277.9148046875,24870.183806618494,24711.277297551194,-0.004625367900863552,0.017828065167589845,274.9726331584466,0.006319972952971849,0.006405091405595799,25168.73586606286,24497.128587062143,0.027170118437696473,0.32976268905550493,50.551073937068594,158.90650906729206,193.27854070751005,-34.37203164021798,32.77281576677187,58.37533419808745,48089800,0.8399219903014947,245.599609375,35.75,0.0,1,BUY
2025-06-16,24732.349609375,24967.099609375,24703.599609375,24946.5,305800,0.00921979376770854,0.00917755091754434,-0.007752169234681028,-0.006242201138767944,0.009301457087883547,4.212316406038141e-05,24832.984765625,24313.5308203125,24881.924759446418,24728.70120143629,0.004550347117832219,0.025373065547772286,274.15315936141474,0.006942009730069525,0.006737587483012428,25168.859126639352,24497.110404610645,0.026927573889271344,0.668984667408837,55.70147800480522,153.22355801011872,185.2675441680318,-32.04398615791308,63.18384750308189,49.85198173440343,48395600,0.8005969133297532,214.150390625,20.599609375,28.75,1,HOLD
2025-06-17,24977.849609375,24982.05078125,24813.69921875,24853.400390625,242400,-0.0037319707924959866,-0.0037389519699400583,-0.001398205945683073,-0.009992316415547209,0.012667837042884766,0.0068668240155584925,24841.459765625,24343.9518359375,24877.536395012354,24737.938178413235,0.00048044230617647873,0.02049814297763739,266.5959024427422,0.006588370029552503,0.006340773320180073,25170.340311206222,24512.57922004378,0.026465637732636323,0.5181534377145641,53.260965990923815,139.59821659911177,176.13367865424783,-36.535462055136065,50.760634152825304,48.9057658075597,48153200,0.6492654247411894,124.44921875,4.201171875,39.701171875,1,BUY
2025-06-18,24788.349609375,24947.55078125,24750.44921875,24812.05078125,237600,-0.0016637405234334324,-0.0016651260767121068,0.003780601383241766,-0.013099891185767487,0.007792445576715323,-5.6358045496640585e-05,24841.38984375,24375.190859375,24867.46168520276,24743.428000845586,-0.0011824521382235058,0.01760676397636287,261.6320210182606,0.006611671878299469,0.006248082027113931,25170.29477413365,24512.48491336635,0.026511708627663957,0.45539887093478326,52.167704147410134,124.03368435716766,165.71367979483182,-41.67999543766416,45.24294162259932,53.062474426168855,47915600,0.6446186820043934,23.701171875,135.5,37.900390625,1,BUY
2025-06-19,24803.25,24863.099609375,24733.400390625,24793.25,274600,-0.0007577278241026608,-0.0007580150449296773,-0.006143146333152938,-0.0038150296819573493,0.0017110330818930208,0.007458473166147117,24850.5673828125,24412.966875,24856.044502863875,24747.118519301468,-0.0023118140143990806,0.01533817167979195,252.20824942767058,0.0064273690123609045,0.005946556517302405,25162.927630133403,24538.207135491597,0.025197200634923055,0.40825115663001876,51.64859008825798,108.92598356239978,154.35614054834542,-45.430156985945644,42.7341650746821,46.24591361670226,47641000,0.758238875619553,10.0,59.849609375,59.849609375,1,BUY
2025-06-20,24787.650390625,25136.19921875,24783.650390625,25112.400390625,574700,0.01287247095983779,0.012790324902965947,0.010421109221645963,0.015931354828881306,0.004373450677346957,0.010431273135408814,24863.5298828125,24471.982890625,24895.483870211738,24774.176435695805,0.009910263612450496,0.025502042418815575,259.375433620337,0.006928008898289983,0.006227906229200625,25196.10587246229,24530.953893162714,0.026486993236532284,0.8741558554387713,59.09057245226435,121.30743451592934,147.74639934186223,-26.438964825932885,85.3215982569398,57.76623498474043,48215700,1.5229287294794125,324.75,23.798828125,4.0,1,BUY
2025-06-23,24939.75,25057.0,24824.849609375,24971.900390625,248500,-0.0055948454872697395,-0.005610555258512813,0.0064424182742603975,0.0010181945613612076,-0.005230362352657059,-0.0011699461641960784,24862.0673828125,24520.70390625,24907.240257967624,24788.82265457945,0.004398263892392175,0.018068167713194482,261.3879584510272,0.007045980572701147,0.006234596493177216,25192.4598552224,24531.6749104026,0.026461139700360018,0.6662159658340663,55.071964062988286,118.41760338817039,141.88064015112388,-23.463036762953493,66.57327603057652,64.87634645406617,47967200,0.663285733351126,32.150390625,85.099609375,114.900390625,1,BUY
2025-06-24,25179.900390625,25317.69921875,24999.69921875,25044.349609375,450200,0.0029012296868362597,0.0028970292423300638,0.010127740791344486,0.007683021870199536,-0.002386065730902165,0.008787103845531163,24872.97490234375,24573.607890625,24928.33400433799,24807.750577156894,0.006842849173735283,0.018796324364270336,267.4173062848824,0.007128043911748966,0.006043165178291529,25212.196580426542,24533.75322426096,0.02708967758186927,0.7525998751009518,56.7069634822824,120.58342718108906,137.62119755711691,-17.03777037602785,67.6394149174771,73.17809640166449,48417400,1.2138860802157028,135.55078125,137.798828125,44.650390625,1,BUY
2025-06-25,25150.349609375,25266.80078125,25125.05078125,25244.75,260600,0.008001820520425307,0.00796997571939643,0.005270289072979661,0.017439075172173357,0.004110733999269867,0.019888972476997724,24897.58994140625,24621.931875,24977.013388285992,24840.120904774903,0.013751772491062441,0.024671194010635937,264.2054395413194,0.007584229222114473,0.006211534375192757,25268.245850377672,24526.93403243483,0.029364989470794602,0.9683050373541294,60.941142761338696,136.89248351108108,137.47545474790977,-0.5829712368286835,91.3638822990802,75.19219108237796,48678000,0.7452421465032795,94.400390625,22.05078125,25.298828125,1,BUY
2025-06-26,25268.94921875,25565.30078125,25259.900390625,25549.0,428900,0.012052010814129765,0.011979963629751521,0.023109959608506925,0.030482086858318214,0.026550767110228524,0.02880776052920364,24933.3599609375,24666.340859375,25065.011328549685,24892.63046738417,0.024096443659732222,0.034547698173118355,268.23010680622514,0.007403212225541047,0.006673300395881306,25398.45767758971,24468.26224428529,0.036408291256190835,1.1618394554726434,66.32587616044496,172.38086116550767,144.45653603142935,27.924325134078316,98.50766551394884,85.8369875768354,49106900,1.212061267167803,280.05078125,16.30078125,9.048828125,1,HOLD
2025-06-27,25576.650390625,25654.19921875,25523.55078125,25637.80078125,564000,0.003475704773181043,0.00346967847107354,0.02369601052258319,0.02092195020995069,0.03718662005133888,0.03584147480681965,24977.7150390625,24710.352890625,25153.132782811274,24947.82826841127,0.02574658208087213,0.03617501744936259,258.40284471292335,0.00661493891671146,0.006589815157245431,25526.368644473434,24429.061433651565,0.04280036420379615,1.1015505372392507,67.72446175241916,205.30451439999524,156.62613170514254,48.6783826948527,98.61171280511398,96.16108687271435,49670900,1.6619274232758192,61.150390625,16.3984375,53.099609375,1,HOLD
2025-06-30,25661.650390625,25669.349609375,25473.30078125,25517.05078125,271000,-0.004709842354665206,-0.004720968611190444,0.010786432079937347,0.02183055282527313,0.022870975136792815,0.03238516561846927,25017.73759765625,24743.6608984375,25209.120167186462,24989.992898991917,0.019567824976099747,0.030308748822210577,253.94898638521454,0.0067826826816899605,0.00671486280648595,25600.106821586287,24435.368373726214,0.045645496332825636,0.9286912521091656,63.84160323498923,219.12726819453746,169.12635900302155,50.000909191515916,87.26970553327097,94.79636128411128,49399900,0.8032961821199882,144.599609375,7.69921875,43.75,1,HOLD
2025-07-01,25551.349609375,25593.400390625,25501.80078125,25541.80078125,260700,0.0009699396772837598,0.0009694695897414579,-0.000281780842694479,0.01986281055942407,0.027698438837555406,0.04071715518997654,25067.70263671875,24771.9858984375,25260.301800119316,25030.86755693696,0.018561656971315864,0.03013941301185057,242.35260231305637,0.006475271833461276,0.00640274640782319,25649.876306426748,24485.528967010752,0.045585953370630476,0.9071793085112707,64.29348643788433,229.43424318234975,181.1879358388872,48.24630734346255,89.33849878618388,91.73997237485628,49660600,0.7830474874598241,9.548828125,42.05078125,40.0,1,HOLD
2025-07-02,25588.30078125,25608.099609375,25378.75,25453.400390625,309800,-0.0034610085397696055,-0.0034670116851196766,-0.007192519834223088,0.008265100293130212,0.02584831117062092,0.0338421783053835,25109.3626953125,24797.70890625,25290.009275581728,25062.166285358293,0.013516374630998909,0.025760467140433726,241.4238171031952,0.006634520110679396,0.006510719594039891,25676.53518179969,24542.19020882531,0.04456555727588298,0.8032919469018251,61.34460656020463,227.84299022342748,190.51894671579527,37.32404350763221,81.94932174861354,86.18584202268949,49350800,0.9265046728971935,134.900390625,19.798828125,74.650390625,1,HOLD
2025-07-03,25505.099609375,25587.5,25384.349609375,25405.30078125,293400,-0.00188971251922454,-0.0018915002785163046,-0.004379424603493498,-0.0056244557027672615,0.024686186008288535,0.026439457971107583,25142.08271484375,24819.2359375,25307.74643029992,25087.583655424347,0.01036075379200056,0.023068604807959404,238.69000092618126,0.006706962402281482,0.00649884546670335,25698.157400547803,24586.008029139695,0.0437762725576118,0.7366751024390276,59.73906851786323,220.16277487556727,196.4477123477497,23.715062527817565,72.65867687030806,81.31549913503518,49057400,0.8901023890784956,99.798828125,82.400390625,20.951171875,1,HOLD
2025-07-04,25428.849609375,25470.25,25331.650390625,25461.0,193500,0.0021924250859925998,0.0021900252291445488,-0.003163472377770482,-0.006896097787736255,0.013881572607656434,0.018315733658126998,25164.98017578125,24843.521953125,25331.323902561475,25115.244125392917,0.011626402113772073,0.024251916534110976,231.540687243954,0.005628634731419531,0.00616222562237934,25733.836530631794,24596.123820930705,0.04468452573351749,0.7601885534844415,61.0116094494705,216.0797771685502,200.3741253119098,15.7056518566404,77.73921862414076,77.44907241435413,49250900,0.5999627930050832,32.150390625,9.25,97.19921875,1,HOLD
2025-07-07,25450.44921875,25489.80078125,25407.25,25461.30078125,196100,1.1813410706551508e-05,1.181334092876479e-05,0.00031038645146641564,-0.002184813616507908,0.01959804351969674,0.014265176298028592,25182.88525390625,24871.9609765625,25351.32034543663,25140.877951752704,0.01093485088353296,0.023146492386653617,220.8985511015287,0.005110548256727313,0.006121755887695653,25765.219340215765,24600.551167596735,0.04574268151596969,0.7390513743643637,61.01877467340441,210.44239368392664,202.38777898631318,8.05461469761346,77.7713551165887,76.05641687034586,49447000,0.615959668933455,10.8515625,28.5,43.19921875,1,HOLD
2025-07-08,25427.849609375,25548.05078125,25424.150390625,25522.5,210400,0.0024036171315751087,0.0024007330644550996,0.004613179735958761,-0.0007556546781998241,0.019092146455502723,0.01666052560821374,25203.79775390625,24895.8409765625,25377.655676907918,25169.146251622875,0.012487109260211635,0.024553199076794978,213.97011106749096,0.0051027216809892174,0.006130632296030506,25803.12620473636,24604.469303076137,0.0469647135531481,0.7658827940268487,62.52775632585916,208.5094252850431,203.61210824605917,4.897317038983942,84.31008793712934,79.94022055928627,49657400,0.6710895636641979,94.650390625,25.55078125,3.69921875,1,HOLD
2025-07-09,25514.599609375,25548.69921875,25424.349609375,25476.099609375,239100,-0.00181801902732881,-0.0018196736296237606,0.0005930485595617707,0.000891795139417173,0.009164266208815608,0.013312672068768627,25220.53271484375,24918.643984375,25392.80089728747,25191.88353738229,0.01003163350944049,0.02188151379322051,207.56864666088447,0.00473028416791382,0.006156933263232419,25830.553476960547,24610.511952726953,0.047889651200163676,0.7094739313820343,60.61196895138957,200.91735990517918,203.0731585778832,-2.155798672704009,78.1810804493272,80.08750783434844,49418300,0.7702591691767448,38.5,34.099609375,51.75,1,HOLD
2025-07-10,25511.650390625,25524.05078125,25340.44921875,25355.25,219600,-0.004743646446198069,-0.004754933244868607,-0.004165175305108404,-0.001970092056022388,-0.007583467063290161,0.01876595317905272,25243.88525390625,24939.065,25387.02383616632,25203.984756835456,0.004392177008459786,0.016414154859447305,205.85671207796415,0.003007704311220369,0.005770459838030434,25836.746624506235,24651.023883306265,0.04676438769879888,0.5939214052523385,55.81533787047571,183.0390793308652,199.0663427284796,-16.027263397614405,62.80644057134399,75.09920298593353,49198700,0.7200472162108967,156.400390625,12.400390625,14.80078125,1,HOLD
2025-07-11,25255.5,25322.44921875,25129.0,25149.849609375,250000,-0.008100901810276007,-0.00813389240519248,-0.014600857699089032,-0.012220666534111024,-0.019032489410396702,0.017446376688606602,25265.44775390625,24955.1280078125,25350.53549358304,25199.97474591246,-0.004596375180238015,0.007742455902794592,207.3133755009667,0.0033999155599604963,0.005867862332614607,25809.698043702272,24721.197464110228,0.04328059994387754,0.3938005668541137,48.75340513349062,150.5607476705809,189.3652237168999,-38.804476046318996,22.422206083514894,54.46990903472871,48948700,0.8290636555074672,105.650390625,66.94921875,20.849609375,1,HOLD
2025-07-14,25149.5,25151.099609375,25001.94921875,25082.30078125,259500,-0.002685854157148504,-0.0026894675348791744,-0.01545757922771207,-0.014885335327372573,-0.01703762726057101,0.005443680726755273,25272.23779296875,24967.551015625,25309.26861476257,25191.25815593746,-0.007572551392922269,0.004574929813088819,203.15887658125482,0.0032728914099717362,0.005573977635791334,25803.63876040806,24740.83682552944,0.04237258551947134,0.3212865393957306,46.66247728261689,118.0104588251088,175.09427073854167,-57.08381191343287,12.039483888337738,32.42271018106556,48689200,0.8672258797580428,67.19921875,1.599609375,80.3515625,1,HOLD
2025-07-15,25089.5,25245.19921875,25088.44921875,25195.80078125,241300,0.004525103218794291,0.004514895720960817,-0.0062886076354995435,-0.012800439563130595,-0.01354642152929153,0.013776802580067082,25289.3578125,24983.8750390625,25291.812024991406,25191.59464670135,-0.0037131993566015585,0.008411153272223441,200.28313093259376,0.0037542873103972993,0.005566484024295645,25786.64865029225,24792.066974707748,0.03947410460256696,0.4059332847697778,50.503700541232284,100.21737829004996,160.11889224884334,-59.90151395879337,29.04576701228238,21.169152328045023,48930500,0.8065513495445783,106.30078125,49.3984375,1.05078125,1,HOLD
2025-07-16,25196.599609375,25255.30078125,25121.05078125,25212.05078125,228800,0.0006449487413033861,0.0006447408512447503,0.002473222418467813,-0.010364570408094687,-0.009482018342189535,0.016121198667796932,25309.3578125,24999.828046875,25279.541064415804,25193.109915927176,-0.003859544473167768,0.008417511777059667,195.5664787231228,0.003722961533770655,0.005538776355320953,25758.054873279452,24860.660751720545,0.03559385665787617,0.3915671175989505,51.04727094755348,86.43114848862024,145.38134349679873,-58.9501950081785,31.480587283331722,24.188612727983966,49159300,0.7658961956248824,15.451171875,43.25,75.548828125,1,HOLD
2025-07-17,25230.75,25238.349609375,25101.0,25111.44921875,243400,-0.003990217351728331,-0.003998199509757984,0.0011621117916658097,-0.00961539646621512,-0.01156654530604384,0.012834106813346402,25325.2677734375,25016.581015625,25253.68078046722,25187.060975395532,-0.00851478354852762,0.003777886425374596,191.40813091254262,0.0038395506399244088,0.005633422968860527,25718.81148434558,24931.724062529418,0.03134376733734933,0.2283420510083205,47.564670806663734,66.61980507167755,129.6290358117745,-63.00923074009694,16.406942749532497,25.644432348382214,48915900,0.8190460166568493,119.30078125,7.599609375,10.44921875,1,HOLD
2025-07-18,25108.55078125,25144.599609375,24918.650390625,24968.400390625,317000,-0.0056965580472427835,-0.005712845317742711,-0.009025328966492885,-0.007214723808223522,-0.019347221608538523,-0.005734218862397444,25318.0677734375,25035.7890234375,25209.79148972226,25170.86389504216,-0.014004396651048169,-0.002698956751662938,193.875351472361,0.003885289917588511,0.0050090922818059975,25731.68311846873,24904.452428406268,0.033131104801293755,0.0773036626745873,43.06557167403083,38.927594680091715,111.48874758543795,-72.56115290534623,7.215904905976805,18.367811646280362,48598900,1.1150585669562731,140.150390625,36.048828125,49.75,1,HOLD
2025-07-21,24999.0,25111.400390625,24882.30078125,25090.69921875,305200,0.004898144302865282,0.004886187422514114,-0.004813236477781868,0.00033483521201849165,-0.014555484249764494,0.0047573002561551725,25324.00771484375,25039.1090234375,25191.469601880377,25164.92577087237,-0.009298604796130979,0.0020561481711895316,196.39136989397807,0.004428078374192569,0.004972012260252398,25720.630259055684,24927.385170631813,0.031615104924261665,0.2058809446176038,47.62671342785274,26.543831007995323,94.49976426994944,-67.95593326195412,28.71297519704851,17.445274284185956,48904100,1.0629516760992563,91.69921875,20.701171875,116.69921875,1,HOLD
2025-07-22,25166.650390625,25182.0,25035.55078125,25060.900390625,483700,-0.0011876443882732346,-0.0011883501967580668,-0.00201297932607003,-0.0053540822852270464,-0.01808598724164956,0.000660858896643246,25324.83525390625,25048.7600390625,25171.382030918012,25157.220187150342,-0.010531739050364917,0.0004844339737705675,192.82407338369393,0.004221033667849712,0.0049411872659042,25719.18289864904,24930.48760916346,0.0314711473726866,0.1653525552896786,46.64614935509851,14.161843767655228,78.4321801694906,-64.27033640183537,25.3261212755704,20.41833379286526,48420400,1.6748614958448695,105.75,15.349609375,25.349609375,1,HOLD
2025-07-23,25139.349609375,25233.5,25085.5,25219.900390625,271500,0.006344544590244583,0.006324502693684897,0.010072731775577992,0.0003113435492854144,-0.010056453800946885,-0.00098434761187971,25323.5927734375,25059.8200390625,25178.846393949854,25161.8631651855,-0.00411153022836861,0.006347382387838767,191.37946881164436,0.004947245297643488,0.004812953661363284,25719.09678784323,24928.08875903177,0.03136443905644861,0.36891108682085944,52.290486816458596,16.98322876434031,66.14238988846054,-49.15916112412023,50.66032427109345,34.8998069145708,48691900,0.938326219564876,80.55078125,13.599609375,53.849609375,1,HOLD
2025-07-24,25243.30078125,25246.25,25018.69921875,25062.099609375,338700,-0.006256994627491075,-0.006276651657225533,-0.0011398490383093263,-0.0019652234701831306,-0.011561723533587753,-0.019057512647266073,25299.24775390625,25059.8200390625,25160.88535016911,25154.4732721625,-0.009462421274654062,9.095687703868368e-05,193.96313398581262,0.005095440255525635,0.00407729948179334,25696.194547469448,24902.30096034305,0.031677058167521775,0.20128472080264587,46.97865309389378,6.4120780065932195,54.19632751208708,-47.78424950549386,26.980679726608752,34.32237509109088,48353200,1.189109484438355,181.201171875,2.94921875,43.400390625,1,HOLD
2025-07-25,25010.349609375,25010.349609375,24806.349609375,24837.0,278100,-0.008981674037030651,-0.009022252428611252,-0.008934251648386793,-0.00526266755455973,-0.012439422669882738,-0.03123515890004336,25259.20771484375,25056.1640234375,25111.056834758474,25130.9567334838,-0.016999143006150068,-0.008824094030579413,198.3764815582546,0.005234640520584205,0.004309916833530365,25672.68674060098,24845.728689086518,0.03329540812153088,-0.010555177581888238,40.63711089796766,-19.899898725336243,39.37708226460242,-59.276980989938664,4.128835017614573,27.25661300510561,48075100,1.0279441117764434,173.349609375,0.0,30.650390625,1,HOLD
2025-07-28,24782.44921875,24889.19921875,24646.599609375,24680.900390625,262100,-0.006284962329387578,-0.006304795850755804,-0.021372011453318907,-0.01633269860485842,-0.016003332155440142,-0.032768300607819656,25217.4001953125,25050.873046875,25044.8789202764,25097.61922660537,-0.021737448642323003,-0.014990241457744123,201.53527640230783,0.00546391066087373,0.004383940609331756,25683.838500829937,24750.961889795064,0.03779751128484863,-0.07510264309474672,36.915625531516795,-52.740306328982115,20.953604545885515,-73.69391087486763,3.802327469553451,11.637280737925613,47813000,0.9703993039486071,101.548828125,106.75,34.30078125,1,HOLD
2025-07-29,24609.650390625,24847.150390625,24598.599609375,24821.099609375,284700,0.005680474234370125,0.005664401180259817,-0.009616113723761921,-0.009568721694441118,-0.014871572256351606,-0.028216537199055258,25181.36513671875,25053.61703125,25010.451333983874,25077.13629199571,-0.014514486989435199,-0.009367732515249944,204.89352674857156,0.005617832819705801,0.0046508195263129815,25653.31245784063,24709.417815596866,0.03802791403678401,0.11832019038961086,42.04878219312465,-66.68495801184326,3.4258920343397588,-70.11085004618302,24.042327327675903,10.657829938281328,48097700,1.049411157595971,211.44921875,26.05078125,11.05078125,1,HOLD
2025-07-30,24890.400390625,24902.30078125,24771.94921875,24855.05078125,243900,0.001367835124523431,0.001366900490246142,0.0007267697890245284,-0.014466734750095411,-0.014159895325353666,-0.023507649280344656,25151.44765625,25054.4490625,24986.543556640197,25060.68551342195,-0.01192501586935371,-0.00802244513619826,199.56910073081644,0.005652799110655878,0.0046645971957486035,25626.4735789186,24676.421733581396,0.038223693594458485,0.18802031546501008,43.252984900841085,-74.14195678176475,-12.087677728881143,-62.0542790528836,35.42879191389354,21.09114890370765,48341600,0.9100746268656683,35.349609375,11.900390625,83.1015625,1,HOLD
2025-07-31,24642.25,24956.5,24635.0,24768.349609375,346300,-0.0034882717656889994,-0.003494369971240235,0.0035431940231491765,-0.011720885503547995,-0.013663074814448284,-0.025071585546631026,25119.60009765625,25057.6220703125,24952.975257060934,25039.031002011066,-0.014181424835359202,-0.011679117321083366,208.27845067861526,0.00562952973246955,0.004691048366364123,25607.511052793623,24631.689142518877,0.03939793832308433,0.1400465242858769,40.91483312731572,-86.05574495014298,-26.881291173133512,-59.17445377700947,25.84889555097537,28.44000493084829,47995300,1.2795359234421428,126.099609375,188.150390625,7.25,1,HOLD
2025-08-01,24734.900390625,24784.150390625,24535.05078125,24565.349609375,263400,-0.008195943742782208,-0.008229715141942045,-0.01030373367920423,-0.010937326997020547,-0.016142435035659486,-0.035177345376261715,25074.817578125,25051.8660546875,24893.340542032332,25003.94349144543,-0.020739292411925146,-0.019804987637009983,211.194247728357,0.005892760063620316,0.004860909681004311,25592.662290378325,24556.972865871674,0.04216058150914307,0.008088084424834366,36.00690532484156,-110.60294941311076,-43.62562282112897,-66.9773265919818,4.206709909753558,21.82813245820751,47731900,0.9608229371853763,169.55078125,49.25,30.298828125,1,HOLD
2025-08-04,24596.05078125,24736.25,24554.0,24722.75,259300,0.006407415043054421,0.006386974825463857,-0.005322893218540736,0.0016956273358201823,-0.014664765439260319,-0.029006796926647094,25037.8900390625,25046.298046875,24867.09584325813,24983.114343930953,-0.01274696540888447,-0.01308705734091067,209.12680146204576,0.006093878153224825,0.005184435775997575,25545.457804092635,24530.32227403236,0.04106078531151565,0.18955865524283572,41.83313364666909,-116.01850067283522,-58.10419839147022,-57.914302281364996,26.06028722665741,18.705297562462132,47991200,0.9350883519653771,126.69921875,13.5,42.05078125,0,HOLD
2025-08-05,24720.25,24733.099609375,24590.30078125,24649.55078125,251800,-0.0029608040671041946,-0.0029651959185494695,-0.0047963966109406675,-0.006911411292197744,-0.016413999615467967,-0.03420312346948773,24994.242578125,25042.765078125,24833.627372179955,24958.405931880512,-0.013983694872735482,-0.015952189164197866,204.3890890808282,0.006110861720725823,0.005112406697638498,25477.14706733195,24511.338088918048,0.039181605660276626,0.14310561966279145,40.00883628523377,-124.77855970056771,-71.43907065328972,-53.33948904727799,16.099567741545695,15.455521625985574,47739400,0.9013136700433085,70.69921875,12.849609375,59.25,0,HOLD
2025-08-06,24641.349609375,24671.400390625,24539.19921875,24574.19921875,225100,-0.003056914228121266,-0.003061596134311999,0.00036024764620590233,-0.011299577094884383,-0.025602843860359825,-0.03540182384485213,24949.14755859375,25039.200078125,24793.715348575344,24929.94617535233,-0.015257805005408584,-0.018922319919186033,199.23280928041189,0.005431994532532765,0.005121076622811988,25411.65436674702,24486.64075044048,0.03764165855710809,0.0946564102040287,38.16383067098533,-136.23082677698767,-84.39742187802932,-51.83340489895835,5.504567000060417,15.888140656087861,47514300,0.8077654573509857,67.150390625,30.05078125,35.0,0,HOLD
2025-08-07,24464.19921875,24634.19921875,24344.150390625,24596.150390625,616700,0.0008932609229541644,0.0008928622028389917,-0.005120773755953545,-0.006952389701606165,-0.018591787041485675,-0.029938557473304317,24911.192578125,25034.45109375,24763.320739659906,24905.220561668822,-0.012808597381974046,-0.017819890355364847,205.71966776931103,0.005363939142729785,0.005104944718573003,25358.504311655608,24463.88084459439,0.03637249947057608,0.14784940357641063,39.045684014607296,-141.89982200891973,-95.89790190420742,-46.00192010471231,27.93483085250338,16.51298853136985,48131000,2.0658236328615627,131.951171875,38.048828125,120.048828125,0,HOLD
2025-08-08,24544.25,24585.5,24337.5,24363.30078125,312600,-0.009466912735407229,-0.00951200879308063,-0.011612787695009064,-0.0082249522737462,-0.019072320278213928,-0.03127449429486062,24871.86513671875,25026.703125,24701.779207596843,24865.078355711874,-0.020874197631715805,-0.027229575733865852,209.5004336875745,0.005437197216010826,0.005205958976556834,25364.3555882683,24379.374685169198,0.04042887751306438,-0.01631900057006898,33.575750972947816,-163.29914811503477,-109.37815114637289,-53.92099696866188,2.8391506189821185,12.092849490515325,47818400,1.0362831711723623,180.94921875,41.25,25.80078125,0,BUY
2025-08-11,24371.5,24600.849609375,24347.44921875,24585.05078125,241100,0.009101804471857822,0.009060632685991908,0.00044158356507995045,-0.005569737134825226,-0.0038835539975441424,-0.01982473634841797,24847.00263671875,25024.0721484375,24683.820988158866,24844.3355724184,-0.010654924319640987,-0.017857248744115768,212.6361448973906,0.006187147511158495,0.005715815092906105,25344.6673150366,24349.337958400898,0.040485145444352666,0.23681891956406714,41.92035488205784,-160.51458425954115,-119.60543776900654,-40.90914649053461,27.240801237964238,19.33826090314993,48059500,0.8017024955525602,213.55078125,15.798828125,24.05078125,0,BUY
2025-08-12,24563.349609375,24702.599609375,24465.650390625,24487.400390625,237000,-0.003971941790719136,-0.003979850901478695,-0.004421423607876895,-0.006578229034029381,-0.013444175479798703,-0.0281158117090754,24811.5826171875,25022.97015625,24653.60243469212,24817.895929322593,-0.013238735896465948,-0.021871238150295617,214.37279302971984,0.005883509188840096,0.005599285836789532,25305.73092171184,24317.43431266316,0.04035939271965553,0.17197881324845754,39.56331573504213,-164.29349463048493,-128.54304914130222,-35.75044548918271,16.495228679504816,15.525060178817077,47822500,0.788633036070808,75.94921875,139.25,21.75,0,BUY
2025-08-13,24586.19921875,24664.55078125,24535.25,24619.349609375,236000,0.005388453516712133,0.0053739877432256436,0.010509611584406331,0.0018373087246135178,-0.009483029181851732,-0.02350864580662304,24781.94755859375,25022.9531640625,24648.332769258715,24803.18879451166,-0.0066044778517152115,-0.016393753738068194,211.71405000081128,0.006216828043204986,0.005788188267823721,25246.68980527019,24317.20531191731,0.03775422617171553,0.32506652840162525,44.134250238544794,-154.85602525294962,-133.8056443636317,-21.05038088931792,41.88894597662112,28.541658631363408,48058500,0.7843658601435762,33.150390625,45.201171875,50.94921875,0,BUY
2025-08-14,24607.25,24673.650390625,24596.900390625,24631.30078125,270200,0.00048543816407109475,0.00048532037708285097,0.0018812245055548349,0.0014291013051537238,-0.005533224065648934,-0.019120698025723137,24757.94013671875,25020.561171875,24645.712463411222,24790.45634908487,-0.005141399416678413,-0.01580348492684219,202.07376071503904,0.006162249348905802,0.005759980307034106,25201.228476426884,24314.651797010614,0.035993904150249174,0.35715916241730283,44.54336601487869,-144.74388567365168,-135.99329262563572,-8.750593048015958,47.46377726171244,35.282650639279474,48328700,0.8940506915491997,24.05078125,42.349609375,10.349609375,0,BUY
2025-08-18,24938.19921875,25022.0,24852.849609375,24876.94921875,363100,0.009973019276634965,0.009923616908863717,0.015908133240396527,0.021082875514770283,0.012684517596121658,-0.003662676440791879,24753.367578125,25018.039140625,24681.28734884796,24796.863228319322,0.004967716882738047,-0.00567151223545761,215.54700771753625,0.006329579108382126,0.006133799652983312,25189.71015864992,24317.024997600078,0.03508007165091169,0.6416107963560317,52.27903702577672,-115.5758794713729,-131.90980999478316,16.33393052341026,78.8092357560263,56.0539863314533,48691800,1.1923487398407318,61.25,83.80078125,24.099609375,0,HOLD
2025-08-19,24891.349609375,25012.650390625,24873.94921875,24980.650390625,252300,0.004168564680625764,0.004159900285259885,0.01467548034300692,0.016091063341496348,0.010431703213639176,-0.004386040706381045,24747.86513671875,25015.5881640625,24727.34320142904,24810.477092193818,0.009318622624557987,-0.0013985934269594908,210.05801944306936,0.00616550534444681,0.0061041976585923564,25169.58389175777,24326.146381679726,0.033763632927450896,0.7759958516475456,55.124840049693425,-83.13389076478416,-122.15462614878336,39.02073538399921,93.95915129656683,73.41072143810187,48944100,0.8357625546574771,89.30078125,32.0,17.400390625,0,HOLD
2025-08-20,24965.80078125,25088.69921875,24929.69921875,25050.55078125,287100,0.0027981813736617234,0.002794273751954044,0.017021025552947933,0.02299755717804164,0.016268044945672022,-0.00041297835327858134,24747.34765625,25014.5141796875,24777.067444478416,24828.2603284202,0.01210365103935932,0.001438555258811848,206.41101805427868,0.006015830435540507,0.006135312392039723,25167.551348583787,24327.143963916213,0.033548459353500856,0.860781128927219,56.986831551326105,-51.19288394178875,-107.96227770738444,56.769393765595694,94.92166171798219,89.23001625685845,49231200,0.9830508474576238,84.75,38.1484375,36.1015625,0,HOLD
2025-08-21,25142.0,25153.650390625,25054.900390625,25083.75,226500,0.0013252889742787488,0.0013244115539841486,0.00831294783904335,0.018863227420441664,0.020735193717368983,-0.005398530070150898,24740.54013671875,25013.361171875,24824.249376097123,24847.185489277967,0.013682557962076984,0.002806152514077845,199.0316317200445,0.005791813213416997,0.005962226635370185,25133.4241702265,24347.656103211004,0.031325781313220516,0.9367826559609272,57.88072452069734,-22.936113180847315,-90.95704480207702,68.0209316212297,91.43535414208759,93.43872238554555,49457700,0.7815734989648007,58.25,11.650390625,28.849609375,0,HOLD
2025-08-22,25064.150390625,25084.849609375,24859.150390625,24870.099609375,210200,-0.008517482060098724,-0.008553963109247331,-0.004425456484171031,0.00969493370430441,0.011137890051868382,-0.007660970269553036,24730.94013671875,25012.9991796875,24831.303258139873,24848.882831507377,0.0055954529672970574,-0.005745838277971067,200.93645936504132,0.006697849077137268,0.0061018102811937446,25100.624131889374,24361.256141548125,0.02972919296481375,0.6882140888887207,50.59383482021025,-17.57957336750769,-76.28155051516316,58.70197714765547,65.25753286317004,83.87151624107996,49247500,0.7417732686369626,194.05078125,20.69921875,10.94921875,0,HOLD
2025-08-25,24949.150390625,25021.55078125,24894.349609375,24967.75,213000,0.003926417350905487,0.003918729092601476,-0.003305347733590591,0.003649996647561604,0.02480982458728187,0.005264323388493031,24737.47763671875,25017.9821875,24852.295064579892,24857.68780695128,0.009222791932843309,-0.0020118828288492796,197.4017959728955,0.005591458284959037,0.0058187235655585345,25118.87158529414,24356.083688143364,0.03055092658132088,0.8018825601986845,53.476758720416846,-5.392742371386703,-62.10378888640787,56.71104651502117,77.22228736757214,77.97172479094328,49460500,0.7603884049692962,18.599609375,53.80078125,54.80078125,0,HOLD
2025-08-26,24899.5,24919.650390625,24689.599609375,24712.05078125,750500,-0.010241179872034878,-0.010293981565065833,-0.01481832735336619,-0.010752306492220143,0.005165740804442764,0.001262125373547196,24739.03515625,25013.293203125,24830.719020990677,24846.899879121556,-0.001091952069816646,-0.012190102089931073,203.16955273376013,0.006337469798049731,0.006113387096723625,25119.74600267056,24358.32430982944,0.030811756562868477,0.4645605381956261,45.92062070464328,-16.180858130872366,-52.91920273530077,36.738344604428406,45.892372968561915,62.79073106643472,48710000,2.464372496223805,187.44921875,20.150390625,22.451171875,0,HOLD
2025-08-28,24695.80078125,24702.650390625,24481.599609375,24500.900390625,326600,-0.008544430103923584,-0.00858114302373062,-0.014845104143082155,-0.021941648925196677,0.0005513039271072273,-0.012900283379430166,24723.0251953125,25006.243203125,24779.977693242112,24821.27028738107,-0.009065985377928982,-0.02062547924538165,205.11823981527726,0.006843411555349794,0.006253497470108825,25115.33908955013,24330.711301074873,0.032024447100543516,0.21690423414729407,40.79455491107537,-41.29259413895488,-50.5938810160316,9.30128687707672,20.020867783922714,47.711842706685616,48383400,1.065109984183146,194.900390625,6.849609375,19.30078125,0,BUY
2025-08-29,24466.69921875,24572.44921875,24404.69921875,24426.849609375,325500,-0.0030223697933294824,-0.003026946376657732,-0.021663962136155623,-0.026188284870683254,-0.007819053023508604,-0.01722793389736399,24701.61513671875,24998.5391796875,24725.650295724095,24792.0539408621,-0.01124850448329177,-0.0234041466441537,202.44907982847172,0.006631556665576498,0.006256715020195295,25109.21110535509,24294.019168082406,0.033372782422167714,0.1629437623448899,39.14424033865326,-66.4036451380016,-53.75583384042561,-12.647811297575984,10.947689347618512,25.62031003336774,48057900,1.0475837986579308,39.849609375,105.75,22.150390625,0,BUY
2025-09-01,24432.69921875,24635.599609375,24432.69921875,24625.05078125,229300,0.008114070174605414,0.008081328102276956,-0.003520549580045773,-0.009853150247642217,-0.00025374218176721364,-0.005785562235069541,24694.4501953125,24995.1751953125,24710.173447343463,24779.68333644639,-0.0028182445055237038,-0.01503040206293985,202.89914555500945,0.007205324990505101,0.006531078271288359,25102.139844733116,24286.760545891884,0.03311178141659214,0.41488695609326703,45.49940798875656,-69.5098891029229,-56.90664489292507,-12.603244209997825,34.43328689964266,21.80061467706132,48287200,0.7521361914289907,192.3515625,10.548828125,0.0,0,BUY
2025-09-02,24653.0,24756.099609375,24522.349609375,24579.599609375,271600,-0.0018457290617897026,-0.0018474345185382894,0.0032120949636655904,-0.015546070055371453,-0.01195281651139457,0.000580085373365069,24695.1626953125,24984.5191796875,24690.085164579086,24764.86231962629,-0.004701585370553559,-0.016473806601717735,205.1027780153659,0.00629974081589984,0.006274796124611882,25101.996271581545,24288.329119043457,0.03310335259601804,0.35797253142469715,44.35548649233296,-74.77715504720254,-60.48074692378057,-14.296408123421969,23.35270938786793,22.91122854504306,48015600,0.8896896241094067,73.400390625,103.099609375,57.25,0,BUY
2025-09-03,24616.5,24737.05078125,24533.19921875,24715.05078125,340300,0.0055107151470170646,0.005495586709857895,0.011798540396481982,0.00012139826138080068,-0.010632213542153268,-0.0003114224246898445,24694.777734375,24979.3821875,24693.926028682305,24761.17257604286,0.0008202713016629341,-0.01069515934195586,205.01340547855406,0.00643919747519662,0.006230006465772113,25101.520726099054,24288.034742650943,0.032914598907693084,0.5249211999800482,48.51013770913215,-67.2465473605589,-61.83390701113625,-5.412640349422659,41.43815700602144,33.0747177645107,48355900,1.1001373959427752,98.55078125,22.0,83.30078125,0,BUY
2025-09-04,24980.75,24980.75,24708.19921875,24734.30078125,314100,0.0007788776228048189,0.0007785744550393448,0.0044365390743958955,0.009526196462326997,-0.012624472921238472,0.0034381965315353202,24699.015234375,24973.1812109375,24700.137529077336,24759.18207272487,0.0014265835605002017,-0.00965786062845098,209.83750374794303,0.006335958386922581,0.006192381460010536,25105.551031668052,24292.47943708195,0.0328722288039149,0.5433978349623904,49.09188171325081,-59.044543647538376,-61.27603433841668,2.231490690878303,44.00841802207775,36.266428138655726,48670000,1.005313020099856,246.44921875,0.0,26.1015625,0,BUY
2025-09-05,24818.849609375,24832.349609375,24621.599609375,24741.0,210100,0.00027084730671167456,0.0002708106342015157,0.00656643693103276,0.012860863993874538,-0.013664224846763329,0.0067876385214102886,24707.3552734375,24963.1062109375,24706.42406306544,24757.83525252303,0.0013598773922840334,-0.00897725277626214,209.9026820516614,0.00629696276027125,0.006145077249361317,25110.132961538588,24304.577585336414,0.03255953179750914,0.5417658767552108,49.30653634290071,-51.411189457594446,-59.303065362252234,7.8918759046577875,44.90289806317689,43.44982436375872,48880100,0.6740671821360946,77.849609375,13.5,119.400390625,0,BUY
2025-09-08,24802.599609375,24885.5,24751.55078125,24773.150390625,213200,0.0012994782193525012,0.0012986346282709543,0.0023507784745915306,0.006014184932676914,-0.0038982239827239917,0.007196248079027301,24716.2052734375,24947.58921875,24716.68965192076,24758.969707197248,0.0022986627170781915,-0.007041447106017367,205.23106190511416,0.005802425539395311,0.006147616423216875,25116.59142495742,24315.81912191758,0.032324201420215026,0.5711127457465227,50.38769492255239,-42.28005527649657,-55.898463345101106,13.618408068604538,49.1956199163935,46.03564533388274,49093300,0.7313517314717914,29.44921875,82.900390625,21.599609375,0,BUY
2025-09-09,24864.099609375,24891.80078125,24814.0,24868.599609375,226900,0.003852930178235292,0.0038455266535053208,0.005429659375162377,0.011757717969082426,-0.003971138393527696,0.020740162946798923,24741.47021484375,24932.2051953125,24740.060414606025,24767.090440691896,0.00511204476842856,-0.0025576665729711173,199.04672824224886,0.005796415492403535,0.0057325982358733376,25112.269745420355,24370.670684267145,0.02982070051397834,0.6714260456760669,53.554708558654085,-27.03002608587485,-50.12477589325586,23.094749807381007,61.94000464190808,52.01284087382618,49320200,0.789959266093372,4.5,23.201171875,50.099609375,0,BUY
2025-09-10,24991.0,25035.69921875,24915.05078125,24973.099609375,244100,0.0042020862308871365,0.004193282121674665,0.009381173330706094,0.010440958847665716,0.010563624623297851,0.015783934374500097,24760.87265625,24921.326171875,24775.912598416635,24782.350379112868,0.008498222345027916,0.002073168261442566,196.76479118030252,0.004776739157142287,0.005468674765407271,25137.467266390355,24384.278046109648,0.03016002146557556,0.7817710973679652,56.80569817314366,-6.437780696232949,-41.38737685385128,34.94959615761833,75.89285015764233,62.342824905314664,49564300,0.8493980096040057,17.900390625,44.69921875,58.048828125,0,BUY
2025-09-11,24945.5,25037.30078125,24940.150390625,25005.5,224600,0.0012974116602184615,0.0012965707489705478,0.00937909009194593,0.010964499103834902,0.020595145538736093,0.021157803650458273,24786.77763671875,24910.60015625,24811.233737121765,24798.879980660062,0.008746970197806453,0.003795158815060739,189.64947685492376,0.0033903097833214305,0.00535249598167359,25155.763164596527,24417.792108840975,0.02951234951332914,0.796383390072826,57.79217192425278,12.353756461707235,-30.639150190739578,42.99290665244681,88.33351998782439,75.38879159579163,49788900,0.7832333658808733,60.0,31.80078125,5.349609375,0,BUY
2025-09-12,25074.44921875,25139.44921875,25038.05078125,25114.0,225700,0.004339045410009845,0.004329658895022681,0.009867881363632813,0.015076189321369338,0.028130946135652035,0.02009193575270718,24811.51015625,24903.8121484375,24857.813162179955,24822.222204314872,0.012044670054551305,0.008369349827287546,185.67088699028636,0.0029363795205257634,0.005312838363978579,25198.177966950625,24424.842345549372,0.030793008736212983,0.8911495027230363,61.00393865631343,35.59095786508624,-17.393128579574416,52.984086444660655,96.5363431439265,86.92090442979777,50014600,0.7884853883910609,39.55078125,25.44921875,36.3984375,0,BUY
2025-09-15,25118.900390625,25138.44921875,25048.75,25069.19921875,185400,-0.0017838966811339896,-0.001785489719644452,0.003848125017645865,0.01195039078425153,0.01803644757712264,0.017778128787795833,24833.405078125,24897.0901171875,24890.334093959962,24840.516797976736,0.009405730855919874,0.006865360957910986,178.8157678302659,0.0025867151797892536,0.005348710802087879,25226.317399432453,24440.492756817548,0.031346220346247185,0.800059488895095,59.007309823263896,49.81729598322636,-3.951043667014261,53.76833965024062,90.43892480435522,91.76959597870207,49829200,0.6574351518590072,49.701171875,19.548828125,20.44921875,0,HOLD
2025-09-16,25073.599609375,25261.400390625,25070.44921875,25239.099609375,240100,0.006777256391098607,0.0067543940269436074,0.009341929150586958,0.014898305727690797,0.02683119377373666,0.014557668926382883,24851.51259765625,24892.652109375,24943.990327100735,24870.041450672903,0.01535661008979826,0.013726618831969399,179.77186811917548,0.0026750064141960127,0.005105445435663841,25282.333854422428,24420.69134089007,0.034139193824977175,0.9498234541943198,63.84071075378266,73.94887642783578,11.628940351955748,62.31993607588004,97.39690081184412,94.79072292004197,50069300,0.8703848036105895,165.5,22.30078125,3.150390625,0,HOLD
2025-09-17,25276.599609375,25346.5,25275.349609375,25330.25,268900,0.003611475529465391,0.003604969810507005,0.008610735048180329,0.014301404159334785,0.02489168337929204,0.013994816144026423,24868.992578125,24890.03109375,25003.414892162164,24904.13097284528,0.018209746128640715,0.01737917731763406,174.60247686959153,0.0025121474994632713,0.005087215427754636,25345.319506377895,24392.665649872102,0.03760933494560033,0.9841815510681372,66.14689374967335,99.28391931688384,29.15993614494137,70.12398317194247,98.27458202164239,95.37013587928061,50338200,0.9718633102625694,53.650390625,16.25,1.25,0,HOLD
2025-09-18,25441.05078125,25448.94921875,25329.75,25423.599609375,272200,0.0036853015416349333,0.0036785274558399,0.014136885168630986,0.01672030590770035,0.02786813479067618,0.014891841356407198,24887.64501953125,24888.0530859375,25068.058694810294,24942.61013110674,0.02108098766809228,0.021064936974543008,170.6451012896207,0.0024631048968645334,0.005110219631233482,25417.192754768763,24358.097284293737,0.04165796687910717,1.006049364560456,68.37168175556903,125.44856370354682,48.41766165666246,77.03090204688436,97.50557349323493,97.7256854422405,50610400,0.9864463289120788,17.451171875,7.8984375,93.849609375,0,HOLD
2025-09-19,25410.19921875,25428.75,25286.30078125,25327.05078125,380400,-0.0037976065391384095,-0.0038048357551339826,0.003484719076203957,0.008483347186827972,0.023687433056464924,0.009699537798375513,24899.81005859375,24885.072109375,25107.903631185636,24971.087216302534,0.01686894879101134,0.01745085425430598,168.63110967964778,0.0031572483257105493,0.0052074269569508886,25457.262211883168,24342.357905304332,0.04402029735748846,0.8832084243771431,63.708256549619215,136.81641488308742,66.09741230194746,70.71900258113996,86.84454037464772,94.20823196317504,50230000,1.3411602940398706,83.1484375,18.55078125,40.75,1,HOLD
2025-09-22,25238.099609375,25331.69921875,25151.05078125,25202.349609375,254500,-0.004923635718664832,-0.00493579674708062,-0.005049314184621179,0.0053113140736227304,0.017325177136631842,0.013359415732888902,24916.42255859375,24882.0141015625,25122.43378167631,24988.217763937533,0.011345253724870517,0.012710541389098792,169.48949023824437,0.003910425666036695,0.004934917787077488,25488.941987417642,24343.903129769857,0.04543381372750433,0.7497094739368683,58.18787074992008,134.21601773876318,79.72113338931061,54.494884349452576,73.07129572754573,85.80713653180949,49975500,0.8903270946300477,35.75,93.599609375,51.298828125,1,HOLD
2025-09-23,25209.0,25261.900390625,25084.650390625,25169.5,299200,-0.0013034343973540308,-0.001304284606843299,-0.009994635428466236,-0.0027576106300221115,0.012099611371424679,0.008080423746633203,24926.51005859375,24882.407109375,25129.674738341495,25001.64607771994,0.009654142569627894,0.011406380366117762,170.04381236408406,0.003938669695590379,0.00489195619592995,25509.30865397411,24343.711463213393,0.04630990646459868,0.7084681940996749,56.79181169085924,128.02866062154135,89.38263883575677,38.64602178578458,66.22356310035576,75.3797997341831,49676300,1.0311552247036082,39.5,52.900390625,84.849609375,1,HOLD
2025-09-24,25108.75,25149.849609375,25027.44921875,25056.900390625,244400,-0.00447365300760838,-0.004483689738311146,-0.010666476446795636,-0.010791429590114587,0.003355641973195045,0.013954714338668017,24943.7525390625,24881.8991015625,25118.47868484665,25005.73898978698,0.004515636403488782,0.006984155515419487,168.04431014164948,0.004155979676466653,0.004373293085454776,25520.525251364445,24366.97982676056,0.04603703597095686,0.5980870359749848,52.17125828213856,112.73969505965943,94.05405008053731,18.685644979122117,52.613886115065284,63.969581647655616,49431900,0.9227690623171134,51.849609375,41.099609375,29.451171875,1,HOLD
2025-09-25,25034.5,25092.69921875,24878.30078125,24890.849609375,342500,-0.006626948212322681,-0.006649003929024595,-0.012359958687507722,-0.02095493982699237,-0.004585006923476853,0.01591570973037415,24963.25,24875.800078125,25083.458827081784,24997.228665312017,-0.0029087151206654994,0.0006046210348854671,171.35531923867453,0.004676614173240961,0.004176503336644443,25504.066324312484,24422.433675687516,0.04345503129059831,0.43306378952459273,46.20154475689294,86.2301617697558,92.48927241838102,-6.259110648625224,19.974066564351887,46.270505259924334,49089400,1.2892904197251975,143.650390625,58.19921875,12.548828125,1,HOLD
2025-09-26,24818.55078125,24868.599609375,24629.44921875,24654.69921875,291500,-0.009487437927231501,-0.009532730366893805,-0.020453357486243218,-0.02654677673713801,-0.01828863507406231,0.009327834453426664,24974.64248046875,24864.653046875,25017.495810415356,24971.85611371483,-0.01297696876688848,-0.008515773251264331,177.7871100519835,0.005125865151065121,0.004704572308633049,25478.089382641567,24471.19557829593,0.04083983322659599,0.1822472634769497,39.31214549350087,45.639696700513014,83.11935727480741,-37.4796605742944,3.0811470408785846,25.223033240098616,48797900,1.104375828755442,163.8515625,50.048828125,25.25,1,BUY
2025-09-29,24728.55078125,24791.30078125,24606.19921875,24634.900390625,394400,-0.0008030448049409777,-0.0008033674181471517,-0.016841668100252782,-0.022515726809016035,-0.017324000832071862,0.0003999833122172447,24975.1349609375,24855.1220703125,24958.634976601454,24946.89643052299,-0.013811079603227385,-0.008939418312862634,178.30957094112753,0.005136267296539946,0.004351809859546328,25477.230449315066,24473.039472559933,0.040762940415106606,0.16118539382611394,38.789894877388086,11.738546078457148,68.84319503553736,-57.104648957080215,3.4056567042420647,8.820290103157541,48403500,1.4489079921382728,93.650390625,62.75,28.701171875,1,BUY
2025-09-30,24691.94921875,24731.80078125,24587.69921875,24611.099609375,303000,-0.0009661407544825362,-0.0009666077692868598,-0.011239069955034098,-0.022185597275472313,-0.024882028666614153,0.0012815505744847577,24976.7099609375,24847.9760546875,24905.16799702815,24922.022591919434,-0.014855506554580341,-0.009624781057010071,175.86614176676127,0.004210840552273166,0.004336283522031319,25474.00731817904,24479.41260369596,0.040412445208429945,0.132402679967336,38.13404936736562,-16.854594891290617,51.70363705017177,-68.5582319414624,2.71702648766328,3.0679434109280046,48100500,1.1067482421696608,80.849609375,39.8515625,23.400390625,1,BUY
2025-10-01,24620.55078125,24867.94921875,24605.94921875,24836.30078125,308900,0.009150390492475902,0.009108779315782467,0.007365799148013608,-0.008803946455306022,-0.019500368877133023,0.004905917494290035,24982.7724609375,24842.8880859375,24894.57304075459,24915.672828166145,-0.00589748372664571,-0.00026522889803587765,182.0185602119926,0.005322785509639122,0.004642094507282019,25470.017253808164,24495.527668066836,0.039236502824004,0.3496939507296802,47.226178718824734,-21.0997874115601,37.1429521578254,-58.2427395693855,28.86520319303338,11.662628794979604,48409400,1.1348064877573847,215.75,31.6484375,14.6015625,1,BUY
2025-10-03,24759.55078125,24904.80078125,24747.55078125,24894.25,365900,0.0023332467769816567,0.0023305289834215856,0.010527731196903867,0.00013661207545601073,-0.020821190449357152,0.006466696599373822,24990.769921875,24839.555078125,24894.52334217696,24914.08595200569,-0.0038771974200869095,0.0021970905681031345,180.24937733970742,0.005178831796682926,0.004664286226300273,25466.55481103241,24514.98503271759,0.03822448068589416,0.39856768880751053,49.29135689589164,-19.562609828732093,25.801839760513904,-45.36444958924599,35.59370464441219,22.391978108369646,48775300,1.3315380556414733,134.69921875,10.55078125,12.0,1,BUY
2025-10-06,24916.55078125,25095.94921875,24881.650390625,25077.650390625,268800,0.007367178791287232,0.007340173682814145,0.018956925478952558,0.01715499216284666,-0.009847194321165653,0.013606983979022713,25007.60244140625,24836.710078125,24922.696734245892,24926.201836347864,0.0027932421150961614,0.00960777061435037,182.6814809672283,0.005920171546388638,0.004922120622762056,25470.49612929884,24544.708753513656,0.03691683077818487,0.5756631069404746,55.25874763461642,-3.5051021019753534,19.940451388016054,-23.445553489991408,56.888379898403485,40.44909591194971,49044100,0.9678464695927665,161.099609375,18.298828125,34.900390625,1,HOLD
2025-10-07,25085.30078125,25220.900390625,25076.30078125,25108.30078125,288000,0.0012222193924698033,0.0012214730903828323,0.010951711464428193,0.01921665535961159,-0.0037317484116645705,0.013528775522705816,25024.3599609375,24837.6341015625,24951.251203015756,24939.690647081352,0.0033431501814404985,0.010779968029123822,179.96134728206917,0.00578191114440428,0.0049216453503688265,25476.22474906974,24572.495172805262,0.035993259127250564,0.5928826747696704,56.1867067151653,11.560555934396689,18.264472297292183,-6.7039163628954945,60.447206095791,50.97643021286893,49332100,1.023199630511241,23.0,112.599609375,9.0,1,HOLD
2025-10-08,25079.75,25192.5,25008.5,25046.150390625,227400,-0.0024752925801897474,-0.0024783611817054724,0.006101826350462414,0.017677015174254018,-0.004900757240906661,0.0071395568724772485,25033.2375,24841.817109375,24965.851078032563,24947.576554010513,0.0005155638860107675,0.008158270954345341,180.2498224762071,0.005814965731043945,0.0049105759420720665,25479.45409661647,24587.020903383527,0.03563155132882177,0.5144693078679736,53.75220810365313,18.274524022046535,18.266482642243055,0.008041379803479742,53.23090529753266,56.85549709724241,49104700,0.8078296239720038,33.599609375,112.75,37.650390625,1,BUY
2025-10-09,25074.30078125,25199.25,25024.30078125,25181.80078125,286300,0.005416017571936882,0.005401403691044332,0.004153115981867961,0.013911089378529029,0.004984670437199412,0.00835703917973607,25043.67255859375,24851.8351171875,24999.074109296787,24964.926496768992,0.0054852400690541155,0.01310333867418201,179.87120792433515,0.0058998822611740186,0.004967641753664297,25493.52207324721,24593.823043940287,0.03572814498543835,0.6535271442517873,58.02693619124629,34.14761252778408,21.44270861935126,12.704903908432815,70.63801327394582,61.43870822242318,49391000,1.0095026533382663,107.5,17.44921875,50.0,1,BUY
2025-10-10,25167.650390625,25330.75,25156.849609375,25285.349609375,232900,0.0041120501676790155,0.004103618794970308,0.007051406212929212,0.015710439534229792,0.015849197845436924,0.01119152224010711,25057.6650390625,24861.1201171875,25043.116493924204,24988.661542147216,0.009004604398591421,0.016777679515659505,179.44472097438262,0.005413140225282385,0.005033009470182075,25519.153455303065,24596.176622821935,0.036502435075642374,0.7466850329273116,60.99102273468494,54.454951776977396,28.04515725087649,26.409794526100907,93.7702137936828,72.54637745505379,49623900,0.820012675163718,117.69921875,45.400390625,10.80078125,1,BUY
2025-10-13,25177.30078125,25267.30078125,25152.30078125,25227.349609375,234300,-0.0022938183927065925,-0.0022964532241035664,0.007234613540363588,0.005969427614556988,0.023226825261348116,0.004513403256152015,25063.33251953125,24868.56609375,25071.460050147405,25006.342139719643,0.0065015585221365425,0.014222005925333868,176.13072862799817,0.004095562818204414,0.0049898352599336915,25530.20179684604,24596.46324221646,0.03701294702328067,0.6756563323104308,58.49908729206813,65.11791042774712,35.45970788625061,29.658202541496507,86.08434399987384,83.49752368916751,49389600,0.8236948497099638,50.048828125,39.951171875,25.0,1,BUY
2025-10-14,25277.55078125,25310.349609375,25060.55078125,25145.5,292100,-0.003244479132464395,-0.0032497538671527296,-0.0014415482659615453,0.0014815506263881062,0.020726676433784563,0.0030436066419279317,25067.14755859375,24876.1091015625,25082.85081166319,25016.650129370042,0.0031159627530273227,0.010713284621005794,181.39273573492687,0.004365390175757753,0.005031483532674786,25535.391212416856,24598.903904770646,0.03724273956159989,0.5836663142852387,55.079051695103004,66.20068229313256,41.607902767627,24.592779525505556,75.06899869099627,84.97451882818433,49097500,1.007988681263692,132.05078125,32.798828125,84.94921875,1,BUY
2025-10-15,25181.94921875,25365.150390625,25159.349609375,25323.55078125,289900,0.007080820872521931,0.007055869574947451,0.0015108025977554895,0.011075569949816844,0.028948368142137415,0.003346045349558846,25071.3701171875,24891.273125,25119.881576215008,25039.383510990778,0.0099583453458359,0.017070183402955727,184.1254253699321,0.004485173615320431,0.005052895773927103,25547.201831457816,24595.538402917184,0.03758017336357352,0.764989340242329,60.4902973842534,80.49806522421204,49.385935258944016,31.112129965268025,94.64923189006544,85.26752486031188,49387400,0.9918740911812471,141.6015625,41.599609375,22.599609375,1,BUY
2025-10-16,25394.900390625,25625.400390625,25376.849609375,25585.30078125,372800,0.010336228211479837,0.010283174673804386,0.014189012219578467,0.016023476776150236,0.03015747017226711,0.0100690195023736,25084.12265625,24908.524140625,25191.484530835776,25079.821827306278,0.01958851800434112,0.02645177582281823,192.53429565600837,0.004681158323551081,0.005497499343797242,25599.085274352525,24569.16003814748,0.040254568238643484,0.9866160254949157,66.81839556675563,111.66270352948413,61.84128891305204,49.821414616432094,96.13572669456036,88.61798575854071,49760200,1.2532356203986914,190.400390625,40.099609375,18.05078125,1,BUY
2025-10-17,25546.849609375,25781.5,25508.599609375,25709.849609375,422100,0.004867983737610659,0.0048561734175648985,0.022443363996540233,0.01678837771903341,0.0327625700462959,0.01125922388639422,25098.43515625,24929.7301171875,25271.233004457194,25126.490551903964,0.023781331373562316,0.03034321491725225,198.27473101093636,0.00471045445762237,0.005539590801290136,25663.78905519368,24533.081257306323,0.04397955705952665,1.0407360365483815,69.33518796509603,144.74245255321875,78.42152164108538,66.32093091213338,93.99812835186985,94.92769564549856,50182300,1.3840932566032123,163.0,71.650390625,38.25,1,BUY
2025-10-20,25824.599609375,25926.19921875,25788.5,25843.150390625,301100,0.005184813729964155,0.0051714188632333265,0.02051843415891419,0.024410046667017182,0.030525188288220706,0.02037740650629072,25124.24013671875,24955.109140625,25359.220294636856,25179.5764658833,0.027818212680720506,0.034362731964836184,199.56579375122664,0.0045456085479339825,0.005530580835176924,25770.327265708376,24478.15300772912,0.050000647693789355,1.0563570466335173,71.80048567853984,179.64382875354568,98.66598306357744,80.97784568996823,93.7953807900635,94.64307861216459,50483400,1.000332225913618,18.55078125,83.048828125,36.099609375,1,HOLD
2025-10-21,25901.19921875,25934.349609375,25825.80078125,25868.599609375,42500,0.0009847568259027106,0.000984272270986046,0.011072718298180462,0.028756620841701386,0.030280775857710163,0.026436027208834645,25157.55263671875,24980.558125,25437.58634305811,25230.615217253056,0.027486875338955805,0.03432893538052855,193.06458192078188,0.004556654294402613,0.00535106961739782,25880.452128061734,24434.653145375763,0.05589011405789436,0.9918020977814591,72.25902567129566,206.97112580504108,120.32701161187018,86.6441141931709,95.05043807092942,94.28131573762096,50525900,0.14634986225895266,32.599609375,33.150390625,42.798828125,1,BUY
2025-10-23,26057.19921875,26104.19921875,25862.44921875,25891.400390625,448400,0.0008814076368377499,0.0008810194252249848,0.007061526380294225,0.022423775175930194,0.03374770121624704,0.02868155468424094,25193.64765625,25011.1201171875,25507.403888837627,25279.56226713246,0.026949207993695448,0.03399894405697114,196.54211178358315,0.0042199460701013375,0.005316906029065349,25984.24883897671,24403.04647352329,0.06107056171538551,0.9412798447679871,72.68753127418799,227.84162170515992,141.82993363052813,86.01168807463179,84.31437192990539,91.05339693029946,50974300,1.5054052239307008,165.798828125,47.0,28.951171875,1,HOLD
2025-10-24,25935.099609375,25944.150390625,25718.19921875,25795.150390625,284900,-0.0037174505259611745,-0.0037243774174138414,-0.0018573586917410845,0.008201959835030914,0.024356860524116675,0.02946294188391385,25230.56015625,25035.322109375,25551.6725814203,25317.753979983758,0.021887456588746752,0.029456245447057074,198.64275893297008,0.004682018363116803,0.005275251997661134,26060.151166606796,24400.969145893207,0.06432147111329126,0.8402822760406579,67.91820855540553,233.91860143653685,160.24766719172987,73.67093424480697,74.72094193579308,84.69525064554266,50689400,0.9500308451573072,139.94921875,9.05078125,76.951171875,1,HOLD
2025-10-27,25843.19921875,26005.94921875,25827.0,25966.05078125,266300,0.006625291500029773,0.00660344071508198,0.003767160702417005,0.009965098037040931,0.02692077358592737,0.04319664409807977,25284.32021484375,25064.8951171875,25615.42307370179,25365.77596526274,0.026254688175320326,0.03470514910620217,199.51104958954366,0.0048475117557055195,0.005031874500233046,26157.114182298694,24411.526247388803,0.06722577682742474,0.8905449578170651,71.494643054077,249.64710843904686,178.12755544119327,71.5195529978536,87.39175540732765,82.14235642434205,50955700,0.8994342649666439,122.8515625,39.8984375,16.19921875,1,HOLD
2025-10-28,25939.94921875,26041.69921875,25810.05078125,25936.19921875,395200,-0.001149638146805021,-0.0011502994876563522,0.001730258983643873,0.003600521868214468,0.02809845744206041,0.051977920664528554,25348.39521484375,25091.232109375,25664.773249863054,25408.02953959513,0.02266345962832175,0.03257867902110152,201.80657729743342,0.004729379670705665,0.0043128433398946266,26215.02755587891,24481.762873808588,0.06682801390642071,0.8391311263570551,70.02618737966469,256.7437102679214,193.8507864065389,62.89292386138251,84.66732501720149,82.26000745344076,50560500,1.3118236739029367,3.75,101.75,126.1484375,1,HOLD
2025-10-29,25982.0,26097.849609375,25960.30078125,26053.900390625,321900,0.0045381040946781415,0.004527837947802368,0.01003095527964204,0.007163154714523001,0.03612576368038023,0.057601207128891385,25419.34521484375,25119.6841015625,25724.638963826434,25455.8718248566,0.02435547715571917,0.03585706074928652,198.93827824940246,0.004242190167381395,0.004259612680815206,26272.95434219743,24565.73608749007,0.06552639831699329,0.8716895446910209,72.43062066172783,268.7671389698262,208.83405691919637,59.93308205062982,95.34226308897682,89.13378117116868,50882400,1.0815260302047773,71.900390625,43.94921875,21.69921875,1,HOLD
2025-10-30,25984.400390625,26032.05078125,25845.25,25877.849609375,257400,-0.0067571756478100875,-0.006780108726120027,-0.0033967880837192377,-0.0005233699624415111,0.021888669283117057,0.05147067868180355,25482.68271484375,25139.702109375,25748.209832372366,25487.12943852463,0.015270468779140284,0.0285242982373846,199.63200056194515,0.0051311029657445445,0.004703680543577358,26272.61628856087,24692.749141126635,0.0610509440035497,0.750126661075436,64.14245920648966,261.0803938477329,219.2833243049037,41.797069542829234,78.31169949171701,86.10709586596515,50625000,0.8714936263140937,106.55078125,47.650390625,32.599609375,1,HOLD
2025-10-31,25863.80078125,25953.75,25711.19921875,25722.099609375,334400,-0.006018660837397216,-0.006036845980053782,-0.008254856757123563,-0.0028319579511562054,0.00534677427850494,0.03566548963659377,25526.97265625,25154.53109375,25744.19287498816,25504.5346363654,0.007585965224000671,0.02206540384510979,202.69762775394906,0.004840582214660416,0.004800790996376181,26264.570666217853,24789.374646282147,0.057351306555007545,0.6322718814906185,57.837002412913726,239.65823862275647,223.35830716847425,16.299931454282216,63.388091655625175,79.01401807877302,50290600,1.1273303441998412,141.701171875,89.94921875,10.900390625,1,HOLD
2025-11-03,25696.849609375,25803.099609375,25645.5,25763.349609375,23300,0.0016036793506921665,0.001602394830084992,-0.011151911110957813,-0.00780639203021849,0.0020809145449256494,0.03491166069975993,25570.42763671875,25168.7870703125,25747.140064893825,25523.70611584759,0.007488233307444202,0.023077843063005456,199.47634072688126,0.004621703289393917,0.0047990148633791545,26254.24391602606,24886.61135741144,0.05308442339023156,0.6410627229078517,58.98693853744321,223.43394904622983,223.37343554402537,0.060513502204457836,67.34057206165271,69.68012106966499,50313900,0.08336314847942726,66.5,39.75,51.349609375,1,HOLD
2025-11-04,25744.75,25787.400390625,25578.400390625,25597.650390625,305100,-0.006431586779760301,-0.006452358545521922,-0.010827762854317302,-0.01305313956257148,-0.009499615808800876,0.020735594918190436,25596.42763671875,25179.065078125,25724.141653467854,25529.183469534808,4.7768208706346036e-05,0.01635248962745831,200.1566021035326,0.004693774153340467,0.004935607049363555,26241.78260621863,24951.07266721887,0.050422984895225995,0.5009473498799414,52.7618767800577,194.95818393304216,217.69038522182873,-22.73220128878657,46.388417468884555,59.039027062054174,50008800,1.0845493485949875,147.099609375,42.650390625,19.25,1,BUY
2025-11-06,25593.349609375,25679.150390625,25491.55078125,25509.69921875,371900,-0.0034359080045569534,-0.0034418242922323408,-0.00825750595210295,-0.020887512568782962,-0.013873978338391879,0.015986682690998677,25616.49755859375,25191.8570703125,25691.15050966511,25527.740191698897,-0.004186577776865815,0.012459658803184979,199.25967405149456,0.004700092103035165,0.005035367471024529,26223.722910413508,25009.272206773992,0.04760740976306284,0.412060374682888,49.76012274075014,163.41031796620518,206.83437177070402,-43.42405380449884,18.264890454695585,43.99795999507764,49636900,1.302581345662144,83.650390625,85.80078125,18.1484375,1,BUY
2025-11-07,25433.80078125,25551.25,25318.44921875,25492.30078125,305600,-0.0006820322478444663,-0.0006822649376453303,-0.010520713813795712,-0.014898796999937902,-0.015414369379553094,0.01781313230443593,25638.805078125,25202.3480859375,25660.55824375509,25525.115050184166,-0.005747001737197249,0.011374128126001228,201.65546742281637,0.004641924708340393,0.004989633786359221,26190.853912632054,25086.756243617943,0.04331102470853444,0.36730857152684243,49.16424448426641,135.44319357092536,192.55613613074829,-57.112942559822926,22.125556792873052,28.92628823881775,49331300,1.055904913274822,58.5,58.94921875,115.3515625,1,BUY
2025-11-10,25503.5,25653.44921875,25503.5,25574.349609375,243600,0.0032185728871263475,0.0032134043686110675,-0.0009102703136587564,-0.005744087856115354,-0.00855977879199521,0.015588592393967593,25658.43251953125,25219.5940625,25647.295376927384,25528.762054568673,-0.0032877829325296147,0.013871537391705713,198.7621081426152,0.0047964601700308755,0.004908373633580376,26170.56266497661,25146.302374085888,0.040050296744017666,0.4179086498769312,52.07866251233541,118.53332235871494,177.7515733763416,-59.21825101762667,32.5676602768056,24.319369174791433,49574900,0.8479384583253534,70.849609375,79.099609375,0.0,1,BUY
2025-11-11,25617.0,25715.80078125,25449.25,25694.94921875,297700,0.0047156471705849246,0.004704563337770722,0.00726194371840494,-0.0026549494402742235,-0.010440615894341643,0.016199088234996495,25678.9125,25243.4750390625,25654.626737207785,25541.0722148784,0.0006241194957606382,0.017570541815200437,203.60415622171413,0.004494318744738405,0.004931706398833328,26161.642331031933,25196.182668968064,0.037573908157769724,0.5166104492809187,56.065650816614166,113.55452232938842,164.912163166951,-51.35764083756257,47.91600381800827,34.203073629228996,49872600,1.0246966698218707,77.94921875,20.8515625,167.75,1,BUY
2025-11-12,25834.30078125,25934.55078125,25781.150390625,25875.80078125,312600,0.0070384090258497345,0.007013755040664786,0.015043757850294659,0.010866246955496761,-0.0023287312451061304,0.025704292441169674,25711.33505859375,25272.4540625,25688.653513214278,25565.866923498517,0.006355966489563597,0.023317025967644386,206.17539952730598,0.005167556142881059,0.0050618191979706975,26153.82165812627,25268.84845906123,0.03420080431699354,0.6858426027243741,61.269557892682926,122.78658971576442,156.48704847671368,-33.70045876094926,70.93242920776328,50.47203110085908,50185200,1.0616764026626782,41.5,58.75,53.150390625,1,BUY
2025-11-13,25906.099609375,26010.69921875,25808.400390625,25879.150390625,385200,0.00012944949620363744,0.00012944111834060272,0.011918222199412964,0.014482772560620694,-0.006707249102053114,0.029176210082320964,25748.017578125,25297.5360546875,25717.96072512362,25589.07310624863,0.005067122008282941,0.02247424382788835,205.89850156999842,0.0048974143906201735,0.0049581875839628834,26111.350065298113,25384.685090951887,0.02807916656373186,0.6804584191185197,61.36084501925217,128.8876188749964,150.96716255637023,-22.07954368137382,71.9400681112534,63.596167045675,50570400,1.2878851201123347,26.94921875,104.599609375,70.75,1,BUY
2025-11-14,25767.900390625,25940.19921875,25740.80078125,25910.05078125,518900,0.001194026471448284,0.0011933141887742222,0.008371355812722747,0.016387300761305124,0.0012443526939476257,0.023160259201653988,25777.342578125,25324.145078125,25747.513041450755,25612.849230322805,0.005121881243900709,0.02261306656909358,205.43421127928423,0.004420066474869356,0.004777816078222301,26090.05204902175,25464.633107228252,0.024138082440428355,0.7121908919862951,62.244915756743175,134.66381112795716,147.70649227068762,-13.042681142730459,75.90470438763774,72.92573390221817,51089300,1.67093335909449,142.150390625,30.1484375,27.099609375,1,BUY
2025-11-17,25948.19921875,26024.19921875,25906.349609375,26013.44921875,281800,0.0039906690408659795,0.003982727442351947,0.005319581746035862,0.0171695318192584,0.011326820663924764,0.016734156895812813,25798.75,25350.113046875,25788.426299496794,25642.523303539634,0.008253392963946084,0.0254997392424561,199.17816828612106,0.003983991628252771,0.004325397522559846,26114.54639190978,25482.95360809022,0.024279470919385676,0.8399329825315084,65.12073392769265,145.9029959571635,147.34579300798282,-1.4427970508193084,89.17111260910205,79.00529503599775,51371100,0.9209300805568689,65.25,10.75,41.849609375,1,HOLD
2025-11-18,26021.80078125,26029.849609375,25876.5,25910.05078125,280000,-0.003974806902018679,-0.003982727442351953,0.001194026471448284,0.008371355812722747,0.005694180846019137,0.007786944494688752,25808.76005859375,25373.628046875,25807.137758228055,25662.340153740402,0.003909321657121145,0.02070326835342157,195.90469979246956,0.004289756476151347,0.0043437965913407,26125.340969170727,25492.179148016774,0.02443691934452501,0.6599760428874002,60.183874026005356,144.79760448765956,146.83615530391816,-2.0385508162586063,75.90470438763774,80.3268404614592,51091100,0.9367994914517015,111.75,8.048828125,33.55078125,1,HOLD
2025-11-19,25918.099609375,26074.650390625,25856.19921875,26052.650390625,250100,0.005503640675154298,0.005488550984983714,0.005503640675154298,0.006834555995776093,0.01777506892455416,0.008106596789995146,25819.23505859375,25399.8610546875,25844.90893244297,25691.25202313926,0.008959369911755498,0.025056542276881213,197.51516208407887,0.0037497062931165716,0.00436283600055773,26153.068146028123,25485.401971159376,0.025627572045760303,0.8495988576571022,64.21329191694599,153.6569093037142,148.20030610387738,5.45660319983682,97.09072125008072,87.38884608227352,51341200,0.8439630154552176,134.55078125,22.0,61.900390625,1,HOLD
2025-11-20,26132.099609375,26246.650390625,26063.19921875,26192.150390625,240400,0.005354541588221684,0.005340256999340202,0.006869568520970981,0.012094678352090993,0.02675261538847895,0.012507471843691942,25835.41259765625,25428.2410546875,25898.330695240205,25728.355605915982,0.013620026903038773,0.02916558299126625,197.26407907807325,0.003408600819978196,0.004500240772010449,26206.523735165647,25464.301460146853,0.02833758450335024,0.9806347168154397,67.66114321397333,169.97508932422716,152.55526274794735,17.419826576279803,94.1284280120108,89.04128454990978,51581600,0.7850180416999991,60.05078125,54.5,68.900390625,1,HOLD
2025-11-21,26109.55078125,26179.19921875,26052.19921875,26068.150390625,235600,-0.0047342428227803435,-0.0047454848460117445,0.0061018641263879125,0.0061018641263879125,0.022589157970337004,0.0068265909658560275,25844.25009765625,25452.2320703125,25924.45680222248,25753.525589968503,0.008589036414692112,0.023627235192490097,193.17029999213946,0.00403236858631799,0.00465629734060886,26228.460352883005,25460.039842429498,0.02947736985320819,0.7913772991767433,61.94786611713221,170.93121225398136,156.23045264915416,14.700759604827198,80.76925504851243,90.66280143686801,51346000,0.7970364857321647,41.400390625,69.6484375,15.951171875,1,HOLD
2025-11-24,26122.80078125,26142.80078125,25912.150390625,25959.5,464700,-0.004167936312968079,-0.00417664636992243,-0.003575466957424056,-0.002073897171279926,0.015060026804506244,0.006371337514462949,25852.467578125,25471.960078125,25929.848063419024,25768.78295367454,0.004123054060170622,0.01878079014907833,195.84744932305807,0.004485049284433564,0.004678050177312468,26239.148019875454,25465.787136374547,0.02979105466210471,0.6383990633064328,57.37622414405274,161.0651097444861,157.19738406822057,3.867725676265536,69.06377633148794,81.32048646400375,50881300,1.5256824860055436,163.30078125,20.0,47.349609375,1,BUY
2025-11-25,25998.5,26032.599609375,25857.5,25884.80078125,260500,-0.002877529180069005,-0.002881677226487561,-0.011734416792483326,-0.0009745252995904119,0.007388672415101105,-0.0031290857698957897,25848.405078125,25489.54609375,25922.9177123161,25777.37686682828,0.0014060646412763966,0.015269759687944313,194.36546075533963,0.004523675530189757,0.004483321807971935,26231.92118835476,25464.88896789524,0.029632533274705802,0.547450031633153,54.4035808585839,145.54084548781975,154.86607635214042,-9.325230864320673,61.01603614181496,70.28302250727181,50620800,0.8560771619645382,113.69921875,34.099609375,27.30078125,1,HOLD
2025-11-26,25842.94921875,26215.150390625,25842.94921875,26205.30078125,275300,0.012381783530362567,0.012305756174877891,0.0052612244662484375,0.005859303692185236,0.012733905427141812,0.010375520338595345,25861.86015625,25511.372109375,25966.36126138285,25809.074934563225,0.013105769243668916,0.02648046964496243,207.0680115496011,0.005548960694143119,0.005275151466498589,26274.526845785957,25449.193466714045,0.031494901965118484,0.9161235128831001,63.21062053612769,157.28632681963063,155.35012644563847,1.9362003739921647,95.54518884182485,75.20833377170928,50896100,0.9228964130070368,362.3515625,9.849609375,0.0,1,HOLD
2025-11-27,26261.25,26310.44921875,26141.900390625,26215.55078125,240300,0.0003911422381892571,0.0003910657620054032,0.009863471224407228,0.0008934123497310598,0.012998896236827928,0.006204460299662706,25869.94267578125,25534.299140625,26004.69811059318,25839.184256540022,0.01318332421670639,0.025986546928178502,204.31664130498672,0.005543546373764083,0.005190107220599643,26303.158568245377,25436.726783317125,0.03305029873901965,0.8988866884615383,63.45374163541803,165.5138540531625,157.38287196714327,8.13098208601923,88.98066377280954,81.8472962521498,51136400,0.8167357759499667,45.69921875,49.19921875,73.650390625,1,HOLD
2025-11-28,26237.44921875,26280.75,26172.400390625,26202.94921875,202500,-0.0004806903583736144,-0.0004808059270205712,0.01229093629843403,0.005171016205794077,0.011304433170465256,0.012562852566282201,25886.19765625,25553.5761328125,26035.198281078847,25866.12980929632,0.012088393556605608,0.024782442637137515,197.46185330998767,0.00557253030317905,0.0049223756602701264,26343.127934887296,25429.2673776127,0.034876248075948066,0.8466081996621045,62.90336588751481,169.06847178253156,159.71999193022094,9.348479852310618,87.51740623313239,90.68108628258896,50933900,0.6947422591988998,34.5,43.30078125,30.548828125,1,HOLD
2025-12-01,26325.80078125,26325.80078125,26124.19921875,26175.75,213800,-0.0010380212747401751,-0.001038560391932615,-0.001127664265206385,0.008330283711165398,0.00623911038806102,0.017636600336453645,25908.88017578125,25570.4861328125,26056.82162245133,25889.064638237334,0.010195307649971798,0.023123076404209977,197.75754682355998,0.005513146211307265,0.004688419501164958,26375.902413927357,25441.857937635144,0.03568358027151896,0.7857142577164327,61.66021511635801,167.7569842140001,161.3273903869768,6.429593827023325,74.35029380341881,83.61612126978694,50720100,0.7490059380966535,150.05078125,0.0,51.55078125,1,HOLD
2025-12-02,26087.94921875,26154.599609375,25997.849609375,26032.19921875,254800,-0.005484113396941881,-0.005499206353098099,-0.006994000012814472,0.00569440107905983,0.004714326441551897,0.010435351514896496,25922.32265625,25582.658125,26053.033560343432,25899.66719975679,0.004220794469829562,0.017268656019895967,196.33917852366284,0.005671770621341033,0.004894576434322759,26387.287878517673,25457.357433982324,0.0357223159181094,0.6181556783575191,55.43353819450387,153.36636058664953,159.73518442691133,-6.368823840261797,49.811698717948715,70.55979958483334,50465300,0.8578546899198679,55.75,66.650390625,34.349609375,1,HOLD
2025-12-03,26004.900390625,26066.44921875,25891.0,25986.0,265700,-0.0017746951904364927,-0.0017762718275890193,-0.008279572537382873,-0.008368565699002017,-0.002558295974715241,0.015171299062558985,25941.74013671875,25595.837109375,26042.72070490598,25906.06222199703,0.0017032195521146563,0.015014349673862877,194.84703853982978,0.0054174698263773115,0.0046506318695118225,26382.663087511293,25500.817185926204,0.033935422981031686,0.5501900198222225,53.55898658277614,136.6584829089552,155.11984412332012,-18.461361214364928,41.91439636752137,55.358796296296326,50199600,0.9005253346890327,18.900390625,61.548828125,95.0,1,HOLD
2025-12-04,25981.849609375,26098.25,25938.94921875,26033.75,248100,0.0018375278996383138,0.0018358417105443499,-0.005424868437389541,-0.006934844999710199,-0.006047628326145249,0.020543197187711915,25967.94267578125,25612.4651171875,26041.340596458907,25915.520575923176,0.002527769691986336,0.016182258906707596,192.30802016198479,0.005119680630719496,0.004548384993809606,26362.946534434133,25572.938817128368,0.03034552138304183,0.5832995966705169,55.24361167031109,125.82002053573524,149.25987940580313,-23.439858870067894,39.515411374484266,43.747168819984815,50447700,0.8588935816658559,51.900390625,64.5,42.900390625,1,HOLD
2025-12-05,25999.80078125,26202.599609375,25985.349609375,26186.44921875,249300,0.005865433091659877,0.005848298407896911,0.005925354162505725,-0.0006297001097950172,0.004538059906526559,0.0272297288289709,26002.65009765625,25632.8041015625,26063.664999888308,25935.58936428072,0.007018863823742358,0.02114242800016892,194.08959015041447,0.0052626765730345035,0.004653315821372205,26342.520083555562,25662.780111756936,0.02595769919473922,0.7703962231419738,60.21389476078801,128.0756356075908,145.02303064616066,-16.94739503856985,71.13987541461047,50.85656105220539,50697000,0.8715411910713319,186.6484375,16.150390625,14.451171875,1,HOLD
2025-12-08,26159.80078125,26178.69921875,25892.25,25960.55078125,320700,-0.00862653945989178,-0.008663963433110109,-0.0009793434445470872,-0.008221320067237858,4.04777152873681e-05,0.015101114115270597,26021.96015625,25650.877109375,26047.80127394395,25937.438358130297,-0.0023654881407351408,0.011928624877198736,201.24027790752774,0.005854424215001106,0.0051326778117271685,26300.682783066706,25743.237529433292,0.021472782235268616,0.38983783680975953,51.162084924763676,110.36291581366095,138.09100767966072,-27.728091865999772,24.35563465739018,45.00364048216167,50376300,1.106243532252497,199.25,18.8984375,68.30078125,1,HOLD
2025-12-09,25867.099609375,25923.650390625,25728.0,25839.650390625,276000,-0.004657081109092687,-0.004667959097577137,-0.007455691530225184,-0.007396564020849761,-0.0017442819439316137,0.00563150254328626,26029.19521484375,25669.853125,26015.77806112565,25930.194804981755,-0.0073354252613076435,0.006571190517600945,203.47674243199003,0.005978008293466306,0.005180375035907962,26279.668881898204,25778.721547789293,0.019386769036575723,0.12162724240057264,47.08266078945259,85.58325614390196,127.58945737250897,-42.00620122860701,18.676855923730862,38.05745533191053,50100300,0.955629035888022,27.44921875,56.55078125,111.650390625,1,HOLD
2025-12-10,25864.05078125,25947.650390625,25734.55078125,25758.0,207900,-0.0031598875909956137,-0.003164890577820058,-0.016361485865109993,-0.008773955206649697,-0.017069095485064856,-0.004552546305556682,26023.30517578125,25691.919140625,25976.119897875553,25917.439634242364,-0.010299913649400185,0.002565449933030543,204.16409007077644,0.004071905384281126,0.004979548892903252,26292.752176333113,25753.858175229387,0.020921422513538575,0.0076857874871915765,44.50191867731431,58.680263633192226,113.80761862464563,-55.1273549914534,5.018394244529101,16.016961608550076,49892400,0.7331264546159788,106.05078125,83.599609375,23.44921875,1,HOLD
2025-12-11,25771.400390625,25922.80078125,25693.25,25898.55078125,206100,0.0054565875164998,0.005441754277616313,-0.002388239006268722,-0.005193228741537381,-0.012092059504877017,0.0007496533051574161,26024.2751953125,25717.1921484375,25964.186187625466,25916.040459946635,-0.004854496111555498,0.007002655644492594,205.97742515500667,0.004638370200385469,0.005138943853833944,26291.7719873103,25756.7784033147,0.020657278799666483,0.2649982769441972,49.62100861097864,48.14572767883874,100.67524043548426,-52.529512756645516,32.456015759604284,18.717088642621444,50098500,0.7504779244424188,127.150390625,24.25,78.150390625,1,HOLD
2025-12-12,25971.19921875,26057.599609375,25938.44921875,26046.94921875,216300,0.005729990019651465,0.0057136360690816825,0.008022509011972101,-0.005327182728543267,-0.005953528310789213,0.0052836035967582795,26031.1201171875,25745.909140625,25976.918961644627,25925.73740504318,0.0006077142251694244,0.011557594541947132,202.62538251000618,0.005135462433427668,0.005289965492870336,26293.532961426114,25768.707272948886,0.020149219168417214,0.5301606836507903,54.40322939801253,51.18155660145203,90.77650366867782,-39.59494706722579,55.91633576849685,31.13024859087677,50314800,0.8335420721015787,75.75,10.650390625,32.75,1,HOLD
2025-12-15,25930.05078125,26047.150390625,25904.75,26027.30078125,181600,-0.0007543469807149705,-0.0007546316435640039,0.010455034600900692,0.0025712089301359597,-0.005671249868676176,0.0005324769654158068,26031.8126953125,25769.729140625,25984.670010814687,25933.260618095534,-0.00017335313025427683,0.00989621024438129,198.32359737536288,0.00513346556127901,0.005220584446031899,26294.108420589608,25769.51697003539,0.02015543044448663,0.49139918491194634,53.67670636273644,51.4093927191534,82.90308147877295,-31.493688759619545,52.810112824439734,47.06082145084698,50133200,0.713598050965673,97.25,19.849609375,25.30078125,1,HOLD
2025-12-16,25951.5,25980.75,25834.349609375,25860.099609375,264400,-0.006424068837574293,-0.006444791966669916,-0.0014846843053024639,0.0007913891419142338,-0.0066110284393890995,-0.0019278685440148324,26029.31513671875,25789.0461328125,25965.50533367012,25927.84128411623,-0.00654349866782431,0.0027476103199827874,197.9398526967655,0.005241187918271064,0.005346906830255685,26297.094860253095,25761.535413184403,0.02070987564466058,0.18403969294144598,47.823881718165346,37.66404955388498,73.85527509379536,-36.19122553991038,26.377267141348582,45.03457191142842,49868800,1.0421552590607162,91.400390625,29.25,25.75,1,BUY
2025-12-17,25902.400390625,25929.150390625,25770.349609375,25818.55078125,206500,-0.001606677033445636,-0.0016079691231565723,-0.008768721264891366,0.0023507563184252955,-0.006443824318864033,-0.0089856350837626,26017.61015625,25803.864140625,25942.896940990104,25919.745691311324,-0.007709936033457076,0.0005688406274013947,195.14420473628226,0.005237452346659453,0.005189985850623049,26300.335057801483,25734.885254698518,0.021900911786017337,0.1479627830661724,46.46795154093237,23.15124967877273,63.71447001079083,-40.563220332018105,19.80880981640555,32.99872992739799,49662300,0.8209919491104232,83.849609375,26.75,48.201171875,1,BUY
2025-12-18,25764.69921875,25902.349609375,25726.30078125,25815.55078125,197600,-0.00011619552256891819,-0.00011620227379163036,-0.008135688052314016,-0.0032048125279693362,-0.008381397944975277,-0.01437833869149574,25998.78017578125,25818.009140625,25923.30522410701,25912.027549825303,-0.007097636462760625,-9.522784912979428e-05,193.78024926404782,0.005171035764269156,0.00500963205977838,26282.660144819976,25714.90020674252,0.02199294304771615,0.17727664063111628,46.36573132921675,11.277674281707732,53.227110864974215,-41.94943658326648,19.3345395935356,21.840205517096607,49464700,0.7923491789802883,50.8515625,86.798828125,38.3984375,1,BUY
2025-12-19,25911.5,25993.349609375,25880.44921875,25966.400390625,382900,0.005843362036054733,0.005826355812965194,0.004110609891520456,-0.0030924476969846904,-0.008403156391567634,-0.0039032305121499133,25993.69267578125,25836.414140625,25929.93524972516,25916.055167662318,-0.001051061554381039,0.005005940293785674,192.63871918268725,0.005167864566389541,0.005119783287911626,26276.060434125382,25711.32491743712,0.021748702484467454,0.451672447809285,52.07467706330196,13.88008206284212,45.3577051045478,-31.477623041705677,53.62728970385794,30.923546371266394,49847600,1.4913339824732172,54.900390625,26.94921875,31.05078125,1,HOLD
2025-12-22,26055.849609375,26180.69921875,26047.80078125,26172.400390625,253000,0.00793332910611566,0.00790202570190833,0.013705246757380829,0.005574900393802151,0.008160443557615471,0.008201251589013747,26004.3376953125,25856.2261328125,25967.23757909437,25935.043702696592,0.006421371093371307,0.01208044554926477,194.1858698214239,0.0050442223080455735,0.005334627959193586,26296.62479191877,25712.05059870623,0.02233552079624817,0.7874959197020315,58.56141280256768,32.19387639777415,42.72493936319307,-10.531062965418926,94.07102347893108,55.67761759210824,50100600,1.027765929356322,116.55078125,8.298828125,8.048828125,1,HOLD
2025-12-23,26205.19921875,26233.55078125,26119.05078125,26177.150390625,216600,0.00018148889399149937,0.00018147242687454733,0.014007046080056318,0.012260230472393774,0.013061322227581273,0.011294257655124262,26018.95517578125,25874.0621484375,25999.53185779139,25952.977531432032,0.006043255758671275,0.011578351259197657,188.49402197703648,0.004678819329548266,0.005278606964484017,26315.083686176687,25722.826665385815,0.022624961539090254,0.767105680962186,58.70022254291742,46.55432635935722,43.4908167624259,3.0635095969313184,89.56129759899362,79.08653692726091,50317200,0.8878140755010826,28.048828125,28.3515625,58.099609375,1,HOLD
2025-12-24,26170.650390625,26236.400390625,26123.0,26142.099609375,188800,-0.0013389838361685946,-0.0013398810760412456,0.006766406437044514,0.01253164172018395,0.0149118568745632,-0.0024117705193531513,26015.7951171875,25892.3571484375,26021.465358035024,25966.986574242623,0.004831459372995649,0.009553267131150373,183.13019116617673,0.004518281179698874,0.004497122281428389,26305.173976396803,25726.416257978195,0.022138914894619104,0.7182337931179485,57.17815503262558,54.47878379240137,45.688410168420994,8.79037362398038,82.63818219084982,88.75683442292488,50128400,0.7878320015022188,28.55078125,65.75,19.099609375,1,HOLD
2025-12-26,26121.25,26144.19921875,26008.599609375,26042.30078125,142200,-0.0038175521330050532,-0.0038248575837020187,-0.004970870360886059,0.00878346551353415,0.0055505036252481155,-0.006608672899747425,26007.1326171875,25910.2931640625,26024.6708077604,25972.565404391316,0.0013504246171605443,0.005068969070603159,179.73514960966412,0.004565296989712107,0.004570257202870446,26282.08718345755,25732.178050917453,0.021115996515024507,0.5639526823267863,52.96690356380303,52.10540336908525,46.971808808553845,5.133594560531407,64.26411308447175,78.82119762477176,49986200,0.6057766039021871,78.94921875,22.94921875,33.701171875,1,BUY
2025-12-29,26063.349609375,26106.80078125,25920.30078125,25942.099609375,234300,-0.003847631310177624,-0.0038550524856079535,-0.008979234857212748,-0.0009358548310289816,-0.0040254084458967165,-0.009954971373540844,25994.09013671875,25922.664140625,26011.96754647034,25970.30867883455,-0.002004098670755327,0.0007491864206310472,180.21835320897384,0.004360949072497098,0.00463793755841898,26255.04342460218,25733.136848835322,0.020118131671125427,0.4003834598792717,49.05993390282125,41.65886763578965,45.909220574001004,-4.250352938211357,45.815968039468814,64.23942110493016,49751900,0.9914103160834385,121.25,43.451171875,21.798828125,1,BUY
2025-12-30,25940.900390625,25976.75,25878.0,25938.849609375,396900,-0.00012527898855285713,-0.00012528683662081574,-0.007774815452356032,-0.008923552206302698,-0.0033983997272095667,-0.009050376421879003,25982.2451171875,25929.7351171875,26000.718633071054,25967.9783773931,-0.0016729927682226776,0.00035138382483254675,174.39918512261855,0.0043597221505433355,0.004636750760029189,26230.329059620628,25734.161174754372,0.019128368926852,0.412538660528966,48.93385566382872,32.74025567795252,43.27542759479131,-10.535171916838792,45.21760705950887,51.76589606114984,49355000,1.6167993971118333,2.05078125,35.849609375,60.849609375,1,BUY
2025-12-31,25971.05078125,26187.94921875,25969.0,26129.599609375,246300,0.0073538342244390265,0.007326926621050068,0.003352193374091428,-0.0018164995249838611,0.010421460244580683,0.003741535235134652,25987.11513671875,25938.1301171875,26020.546475579355,25979.95032050287,0.005452991044115719,0.007327685653430546,179.73492971207435,0.0043974151468251736,0.004788469546939408,26242.64274961647,25731.58752382103,0.01955847902131955,0.7788044529506577,56.06966955158195,40.59615507648414,42.73957309112988,-2.1434180146457393,80.33679380638851,57.123456301788764,49601300,1.005059985309716,158.548828125,58.349609375,2.05078125,1,HOLD
2026-01-01,26173.30078125,26197.55078125,26113.400390625,26146.55078125,425600,0.0006487344669803274,0.0006485241297397655,0.007881057237214328,0.0001702683388675741,0.012704043800870535,0.006178356855614631,25995.14267578125,25944.198125,26039.93175337484,25992.29109537303,0.005790748719992737,0.007739172097419079,172.90746263442617,0.004303072719983544,0.004766545399530186,26259.945039182796,25730.340312379707,0.020255242507278424,0.7858888861923949,56.64939909390267,47.64065800180833,43.71979007326557,3.920867928542762,82.38586979411956,69.313423553339,50026900,1.6818478196439444,26.75,24.25,33.150390625,1,HOLD
2026-01-02,26155.099609375,26340.0,26118.400390625,26328.55078125,357500,0.006960765170238581,0.00693665088228735,0.01502384175642657,0.01099173235131734,0.019871743366893124,0.011323792432899493,26009.88271484375,25953.3971484375,26084.33468074025,26017.19922025281,0.012103517168639315,0.014248928318518301,176.38547311589573,0.0046197819115484815,0.004985114220190675,26311.851760473546,25707.91366921395,0.02293852389663971,1.0276502194796127,62.3884323472671,67.1354604874432,48.4029241561011,18.732536331342097,98.13439248410319,86.95235202820379,50384400,1.38284498597814,173.451171875,11.44921875,36.69921875,1,HOLD
2026-01-05,26333.69921875,26373.19921875,26210.05078125,26250.30078125,338800,-0.0029720587604740167,-0.002976484097528138,0.004619327264076878,0.011880348025632426,0.01093337491350943,0.0024383436626558286,26013.07529296875,25960.57515625,26109.867926972518,26034.466002548896,0.009037057908711408,0.011037040200581001,175.4399705719032,0.004641523147032718,0.00488210026872266,26323.670781617253,25702.47980432025,0.02366414703105824,0.8818881744107251,58.785067150710184,75.40192442362604,53.8027242096061,21.599200214019945,81.00189606656764,87.17405278159681,50045600,1.2882129277566492,83.3984375,39.5,40.25,1,HOLD
2026-01-06,26189.69921875,26273.94921875,26124.75,26178.69921875,383000,-0.0027276473171363724,-0.0027313741255683985,0.0012295479342174787,0.00924673271895271,0.00024066681049461636,0.008403074316033265,26023.98271484375,25968.2461328125,26120.457356476745,26045.149944489716,0.005910014955801795,0.008039096372930852,173.56563115605294,0.004088394089647896,0.004487268697546547,26341.674644632567,25706.290785054935,0.024271024861409106,0.743500840591627,55.619482117060834,75.30741198703254,58.10366176509139,17.20375022194115,69.93345651727594,83.02324835598229,49662600,1.439227401687235,11.0,84.25,53.94921875,1,HOLD
2026-01-07,26143.099609375,26187.150390625,26067.900390625,26140.75,338200,-0.001449622016468255,-0.0014506737349826563,-0.007132970698248364,0.0004267340790402585,-0.001390540608195323,0.011652619320431823,26039.0376953125,25971.7401171875,26123.57930163417,26052.231430083073,0.0038909482202116826,0.006465380022091983,169.68594321633486,0.004114204233468239,0.004351217815143076,26348.800170656847,25729.275219968156,0.023699585921929948,0.6641778988461509,53.96092150906759,71.34787155110462,60.75250372229404,10.59536782881058,64.06712317186576,71.66749191856981,49324400,1.2561983471074334,2.349609375,44.05078125,72.849609375,1,HOLD
2026-01-08,26106.5,26133.19921875,25858.44921875,25876.849609375,328500,-0.010095364158449915,-0.010146667926064248,-0.014226548296991215,-0.010314980898681547,-0.01014646887447701,0.004614085308447757,26044.98017578125,25970.553125,26085.62088744045,26039.2401841047,-0.006497335222187818,-0.0036211330606122326,177.7298602187395,0.005190723231059074,0.004906585509364707,26337.00088847415,25752.959463088348,0.022570035927951964,0.21212561455653858,44.11025065354498,46.38070333575888,57.87814364498701,-11.497440309228132,3.574626639145216,45.858402109429015,48995900,1.1934388112840777,229.650390625,26.69921875,18.400390625,1,HOLD
2026-01-09,25840.400390625,25940.599609375,25623.0,25683.30078125,348800,-0.007479613285493514,-0.007507725861466694,-0.018923722426406164,-0.024507615529659854,-0.013785264328813551,-0.008311275863197576,26034.21767578125,25963.1411328125,26023.725486488074,26012.874302411758,-0.013663231899983592,-0.010895809457902545,187.72055658704383,0.005529170980888668,0.0050339462429332986,26360.847212697023,25707.588138865474,0.025435168142735682,-0.037178752792494635,38.55165958463047,10.851184076323989,48.47275173125441,-37.62156765493042,8.037969081129491,25.226572964046856,48647100,1.2351712171110831,157.099609375,100.19921875,60.30078125,1,HOLD
2026-01-12,25669.05078125,25813.150390625,25473.400390625,25790.25,275800,0.004164153963733375,0.00415550786875295,-0.01340818453946424,-0.017525543234102825,-0.0058534047614297036,-0.009855250862362608,26021.38271484375,25961.389140625,25987.806180874522,25996.38361334422,-0.008962019167854074,-0.0066358077422669585,198.57980254511213,0.005708368218896251,0.004944894231813929,26364.747734064833,25678.017695622664,0.026627506070789106,0.16343002066979448,42.838162599969195,-8.577432469686755,37.062714891066186,-45.64014736075294,35.21338319980377,15.608659640026195,48922900,0.9664815236626743,121.19921875,22.900390625,195.650390625,1,HOLD
2026-01-13,25897.349609375,25899.80078125,25603.30078125,25732.30078125,339500,-0.002246942885392733,-0.002249471049361169,-0.00558602883685777,-0.017051971672460975,-0.007962913977894726,-0.01133425254041387,26006.63271484375,25961.5931640625,25948.497657855365,25976.821922077983,-0.010660995140925843,-0.00891068329885114,205.57410236331842,0.005729301373365653,0.004960436497116117,26372.331982806867,25640.93344688063,0.02842336338844504,0.12492140725102517,41.16263792958842,-28.32426422260687,23.985319068331577,-52.30958329093845,28.77314156593162,24.008164615621663,48583400,1.1576757825820052,165.048828125,2.451171875,129.0,1,HOLD
2026-01-14,25648.55078125,25791.75,25603.94921875,25665.599609375,393100,-0.00259211846006413,-0.002595483815978393,-0.000689209382616518,-0.018176616609125618,-0.017757639111834034,-0.0075212393972948766,25996.90771484375,25959.6381640625,25904.97488116608,25953.768417433315,-0.012908644664889554,-0.011456523874863829,204.3045794266528,0.004972919068052266,0.004793120678461239,26387.194760099203,25606.620669588297,0.03041324194217465,0.07555841335705084,39.25922808909005,-48.793536267228774,9.429548001219505,-58.223084268448275,21.360243283546453,28.448922683093983,48190300,1.3116668613089932,17.048828125,126.150390625,44.6015625,1,HOLD
2026-01-16,25696.05078125,25873.5,25662.400390625,25694.349609375,434000,0.0011201764399650926,0.0011195495104741853,-0.0037184746415797054,-0.00705263595665373,-0.01729486905015709,-0.004810540023230003,25990.69765625,25961.5721484375,25872.570993198224,25934.552209429,-0.011533588177179279,-0.010400050716403365,204.78993870867757,0.005000648770320211,0.004794769612287796,26395.809690961458,25585.58562153854,0.031533161249090155,0.1342393936948745,40.535594195614486,-61.98121623076804,-4.852604845178005,-57.128611385590034,24.555401923607057,24.89626225769508,48624300,1.395184363648049,1.701171875,177.44921875,31.94921875,1,HOLD
2026-01-19,25653.099609375,25653.30078125,25494.349609375,25585.5,443100,-0.004236324757381116,-0.004245323404225256,-0.005704922482367647,-0.0038079521819640583,-0.028222243883592957,-0.008911325704392348,25979.1951171875,25963.0881640625,25828.40622501388,25908.696490212038,-0.015387431052256189,-0.014757896623575899,204.44780022948632,0.003989322669858843,0.004877413608493624,26415.415554134426,25542.974680240575,0.03409903554332926,0.048742924628895845,37.336667977891594,-80.29026519814943,-19.940136915772293,-60.350128282377135,12.458296884937388,19.457980697363666,48181200,1.370362925049092,67.599609375,0.201171875,91.150390625,1,HOLD
2026-01-20,25580.30078125,25585.0,25171.349609375,25232.5,409800,-0.013796877137441155,-0.013892938636022806,-0.016874712298433847,-0.021626389817857472,-0.0387729188222099,-0.028263462766674796,25942.50009765625,25957.8921484375,25736.728344242514,25858.607861307446,-0.02813831755300709,-0.028748326501040273,219.42655668630871,0.005284154018168891,0.005485787083080663,26486.908171050967,25398.092024261536,0.043151338424231904,-0.15208446784120644,29.26958158683007,-121.87951706491731,-40.328012945601294,-81.55150411931601,5.0880235054367695,14.033907437993774,47771400,1.262126951861772,347.80078125,4.69921875,61.150390625,0,HOLD
2026-01-21,25141.0,25300.94921875,24919.80078125,25157.5,395600,-0.0029723570791637677,-0.0029767833055262707,-0.02089368353496368,-0.02233771422681463,-0.039008783829052374,-0.038777505138143153,25891.755078125,25949.55515625,25647.616291282127,25806.673945655042,-0.02918632925072043,-0.031483857944946854,230.9781196015724,0.005278510168850116,0.005030441312006313,26523.22489060307,25260.28526564693,0.05020131670301658,-0.08138573184004556,27.890745884031674,-159.05765437289665,-64.07394123106036,-94.98371314183629,16.354718198188515,11.300346196187595,47375800,1.1922126454101585,16.5,143.44921875,221.19921875,0,BUY
2026-01-22,25344.150390625,25435.75,25168.5,25289.900390625,486400,0.00526285960946038,0.005249059162526262,-0.011553403661253459,-0.014638240464593166,-0.03254878338896172,-0.03389406359210734,25847.392578125,25941.4541796875,25592.583075796418,25768.394423060225,-0.02204406418724619,-0.025763398787605748,234.35468248717436,0.006009225696697786,0.005267224069846467,26516.001368479905,25178.783787770095,0.05287555743815893,0.08309537988263663,33.81793778088279,-175.8113472637924,-86.42142243760678,-89.38992482618563,25.464428736528074,15.635723480051155,47862200,1.4085893834525458,54.25,91.599609375,121.400390625,0,HOLD
2026-01-23,25344.599609375,25347.94921875,25025.30078125,25048.650390625,393900,-0.009539381186706164,-0.009585172530157553,-0.007286222505696993,-0.025130008292344796,-0.03200541144892499,-0.04182713841232055,25792.7201171875,25924.911171875,25508.901124231586,25715.080050287244,-0.029704982702021453,-0.03498235504049187,240.66137927380478,0.005941426552246215,0.005548534820787881,26531.17036748526,25054.269866889736,0.05896128045079379,-0.003804911883004873,29.120886372822994,-206.17892605564703,-110.37292316121484,-95.80600289443218,8.865401671728439,16.89484953548171,47468300,1.1078143236820241,295.94921875,3.349609375,23.349609375,0,HOLD
2026-01-27,25063.349609375,25246.650390625,24932.55078125,25175.400390625,618700,0.005060152863462841,0.0050473933153695125,0.0007115329673059723,-0.016028594687420572,-0.019775510747270908,-0.033288164433196044,25749.37509765625,25910.836171875,25457.593319061343,25675.103779201152,-0.022799029931019184,-0.02921247606150746,245.90696713817587,0.006260005198561573,0.005756736689269414,26524.973084166042,24973.77711114646,0.06161554330620406,0.12997924374824563,34.28513499287635,-217.51046013980158,-131.8004305569322,-85.71002958286937,18.875302167529178,17.735044191928598,48087000,1.630775718917205,112.05078125,71.25,130.798828125,0,BUY
2026-01-28,25258.849609375,25372.099609375,25187.650390625,25342.75,574900,0.006647346488174222,0.006625350304204862,0.002089751582991184,0.004369364906370743,-0.01735151850020844,-0.023103357800630997,25719.4076171875,25899.49015625,25439.925116128827,25650.484980741807,-0.014862539274052679,-0.02196841922246014,242.39212796759188,0.00657217407404916,0.006020601856315164,26509.09127768758,24929.723956687416,0.06232028177684605,0.26151360599937307,40.4539692253019,-210.55986461296925,-147.55231736813963,-63.007547244829624,33.372734375842796,20.37114607170017,48661900,1.4502295545128867,83.900390625,29.349609375,71.19921875,0,BUY
2026-01-29,25345.0,25458.150390625,25159.80078125,25418.900390625,582400,0.0030048195489833507,0.003000314101836464,0.014781235484789823,0.010390555127695489,-0.012179260350219434,-0.020045191925630923,25693.41015625,25887.5991796875,25436.69054297439,25633.330566659082,-0.01079943512136523,-0.018438987598195403,246.38909092526387,0.006734055827505347,0.006088957889125543,26486.711342947867,24900.108969552133,0.062418214360716574,0.3269826326820588,43.07270766765674,-196.64002368467845,-157.3698586314474,-39.27016505323104,41.132376138814664,31.12680422739558,49244300,1.4355611974512839,73.900390625,39.25,185.19921875,0,BUY
2026-01-30,25247.55078125,25370.69921875,25213.650390625,25320.650390625,508400,-0.003865234077404689,-0.003872723399525638,0.005769520950859919,0.0012159003999636653,-0.013440138707065286,-0.030959112686126167,25652.9626953125,25875.811171875,25418.838211843715,25610.16907213804,-0.013124161487200177,-0.021925218060573574,243.4505844306022,0.006775120735420541,0.005788786342873734,26435.599587620392,24870.32580300461,0.06181807182943957,0.2876970099710967,40.592273047933766,-191.3308602943107,-164.16205896402008,-27.16880133029062,39.268227816373894,37.924446110343816,48735900,1.2139446036294146,73.099609375,50.048828125,33.900390625,0,BUY
2026-02-02,24796.5,25108.099609375,24679.400390625,25088.400390625,449200,-0.00917235522852089,-0.00921468029121448,-0.010036385529392011,0.0015869118447546793,-0.023582975555408114,-0.040469980131521255,25600.05517578125,25856.526171875,25368.00162396391,25571.51954017411,-0.020394077629096053,-0.030616769873340867,271.8648283998449,0.007133608977120475,0.006004522035421269,26385.130944206496,24814.979407356004,0.0625847607820076,0.17413668480512817,35.40230173932687,-203.51791621018856,-172.0332304132538,-31.48468579693477,33.513591370659924,37.971398441949525,48286700,1.069574741654362,291.900390625,19.69921875,117.099609375,0,BUY
2026-02-03,26308.05078125,26341.19921875,25641.30078125,25727.55078125,637300,0.025475932330218942,0.025156829049839922,0.012142554787257342,0.021932139392333738,0.005552003331965372,-0.022826930543704882,25570.00517578125,25847.2341796875,25423.316878931004,25583.077409883437,0.006123614595430788,-0.004651954609092634,341.9315426659274,0.011259937773765208,0.008411258720286086,26284.03725392187,24855.97309764063,0.055507194152425804,0.6103210978128579,53.153591294719284,-159.76053095242605,-169.57869052108825,9.818159568662196,63.0732416514954,45.28502027950977,48924000,1.4685346913381077,580.5,33.1484375,86.25,0,BUY
2026-02-04,25675.05078125,25818.55078125,25563.94921875,25776.0,429800,0.0018831648283172964,0.0018813938963879184,0.017983329904653456,0.017095619062651002,0.021539680967006758,-0.018068394156793177,25546.29013671875,25841.391171875,25477.575820633927,25597.367972114294,0.008911773094399772,-0.002536901453871768,335.6936869397897,0.010058367829685859,0.008425061254342048,26197.073163279707,24895.507110157796,0.05049526897586557,0.6764872883167123,54.18142497830379,-119.79215148036019,-159.62138271294265,39.82923123258246,65.98870999399418,54.19184767204987,49353800,0.9801149320441462,100.94921875,42.55078125,111.1015625,0,BUY
2026-02-05,25755.900390625,25757.650390625,25579.5,25642.80078125,343800,-0.00516756745616076,-0.005180965509696233,0.02209787718599099,0.008808421575450254,0.019290501093113477,-0.020470781723034293,25519.49521484375,25835.0571875,25502.99504534409,25600.733365383607,0.004808584189306244,-0.007497480789640438,325.75128072980476,0.010206143745303722,0.008470798702072143,26104.748397493055,24934.24203219445,0.04564658811195382,0.6053437811713112,50.876487517117454,-97.73832003950884,-147.2447701782559,49.506450138747056,57.9733463714137,62.34509933896779,49010000,0.7875206157229229,113.099609375,1.75,63.30078125,0,BUY
2026-02-06,25605.80078125,25703.94921875,25491.900390625,25693.69921875,375500,0.0019849016468285186,0.001982934332408332,-0.001315770894315782,0.014732987595892144,0.01596680184136634,-0.01710168152214453,25497.14267578125,25831.23515625,25532.334148945003,25607.61972489223,0.007649990034339284,-0.005352905252336486,317.6296769723187,0.01014067081462535,0.008495974890432306,26016.18087203512,24978.104479527385,0.04040198274564514,0.6893468962271916,52.0793689129144,-75.28557594722224,-132.85293133204917,57.567355384826925,61.03619830262058,61.66608488934285,49385500,0.8564748816787344,87.8984375,10.25,113.900390625,0,HOLD
2026-02-09,25888.69921875,25922.25,25780.900390625,25867.30078125,359400,0.006756581098813275,0.006733857702297746,0.003542084933659151,0.031046235650641796,0.032682415134485554,-0.00036901045796322585,25496.665234375,25824.47515625,25583.867476991927,25626.855358696506,0.014328342566908146,0.0016555892461359405,311.2668987064388,0.009430631931384366,0.008363119805620755,26014.32117309713,24979.009295652868,0.040023962538631476,0.8579941029838096,56.03381819170808,-42.98788170458283,-114.8799214065559,71.89203970197306,71.48280348502247,63.49744938635228,49744900,0.8168738777643912,21.3984375,33.55078125,86.400390625,0,HOLD
2026-02-10,25922.650390625,25989.44921875,25870.44921875,25935.150390625,460900,0.0026229876069705504,0.0026195535786092045,0.01140084547974829,0.00806915555779586,0.030178268794601726,0.009805967368448965,25509.25771484375,25818.8671484375,25637.911002166245,25649.692027728244,0.01642144615961828,0.004483615496192882,297.7584371916932,0.009410433915860595,0.008189954374337815,26055.902635807728,24962.61279387977,0.042154752351972476,0.8895514798064186,57.50963465675699,-11.781025562006107,-94.26014223764595,82.47911667563984,75.5657049907092,69.36156892611744,50205800,1.0343937608707827,12.5,54.298828125,52.201171875,0,HOLD
2026-02-11,25997.44921875,26009.400390625,25899.80078125,25953.849609375,331400,0.0007209990483325601,0.0007207392533858182,0.010125065620568696,0.006899814143971117,0.024113389800830554,0.006343467371390243,25517.4376953125,25813.88515625,25686.51694173682,25672.22221896134,0.01681492035404493,0.005392820534586274,284.3185209190722,0.00934277574360835,0.008145380941838217,26085.147197581882,24949.728193043116,0.04374761438583015,0.8843619952784719,57.92877508279918,14.294722775481205,-72.54916923502051,86.84389201050172,76.69094460657162,74.57981769410112,50537200,0.7391464353023816,43.599609375,11.951171875,54.048828125,0,HOLD
2026-02-12,25906.69921875,25906.69921875,25752.400390625,25807.19921875,419400,-0.00565042923620962,-0.005666453301894332,-0.002323457055231848,0.0064110952193727755,0.015275988424275466,0.0029106778339298423,25521.1826171875,25806.514140625,25705.083445892695,25682.220515241977,0.01108282224421692,2.6546008313130925e-05,278.3992850498528,0.009677936944732395,0.008237470479473336,26095.46225304515,24946.90298132985,0.044505382470207064,0.7490220649515145,53.47371194981854,22.86293065071368,-53.46674925787367,76.32967990858735,67.86614655382145,73.37426538370079,50117800,0.927158173980323,99.5,0.0,54.798828125,0,HOLD
2026-02-13,25571.150390625,25630.349609375,25444.30078125,25471.099609375,453500,-0.01302348257655217,-0.013109031702560043,-0.017892735313296826,-0.008663587421952723,0.0059417596479158785,-0.007578237132981447,25511.4576171875,25795.2921484375,25669.08593258228,25666.5819296222,-0.0015844627217290264,-0.012727858005124226,284.4349387962919,0.01063432302349803,0.00873713828928156,26082.20204831987,24940.713186055134,0.04481506019648217,0.46464441384658356,44.94290481672745,2.504002960075013,-42.27259881428394,44.77660177435895,47.64109863064897,64.0660632636807,49664300,0.9958934492829985,100.05078125,59.19921875,26.798828125,0,HOLD
2026-02-16,25423.599609375,25697.0,25372.69921875,25682.75,275800,0.008309432803093486,0.008275099528577884,-0.010445448881582275,-0.007134520250515308,0.02369021540317484,-0.00045144592298873576,25510.87763671875,25789.2271484375,25671.18809680039,25667.779564465,0.006692132395528155,-0.004145862434416153,287.2824989715567,0.010272231058896897,0.008945951389267771,26080.900601238503,24940.854672198995,0.04438955832375849,0.6507591570678235,50.31798271587606,3.4085323353865533,-33.13637258434984,36.544904919736396,60.37732079201637,58.628188658828954,49940100,0.6163679435033286,259.150390625,14.25,50.900390625,0,HOLD
2026-02-17,25637.94921875,25764.400390625,25570.30078125,25725.400390625,344100,0.00166066292063749,0.0016592855446634625,-0.00316961276702854,-0.00808747961129308,-8.358318455126135e-05,0.00546795609329509,25517.87265625,25783.06015625,25679.528449696485,25672.047773810184,0.008067036128643774,-0.002241355421080799,280.6265782860884,0.006329675852168769,0.008895485406600522,26094.778854739223,24940.96645776078,0.044851095783097,0.679862631843603,51.34873481814146,7.480675886297831,-25.012962890220308,32.49363877651814,62.943840270978946,56.98741989788146,50284200,0.7776095455469916,87.451171875,39.0,67.6484375,0,HOLD
2026-02-18,25752.650390625,25828.05078125,25645.150390625,25819.349609375,310200,0.003652002197183979,0.0036453498285502696,0.013672358293939535,-0.0051822755400191545,0.0016817818658829697,0.023257687877737077,25547.21513671875,25775.7181640625,25701.039397339333,25682.959020889055,0.01053994297971926,0.0016898739113342688,273.64613631029636,0.006412025985311634,0.008272979527462691,26122.773124484636,24971.657148952865,0.04458346135542474,0.7364092571383151,53.63085713988405,18.080376450270705,-16.394295022122108,34.474671472392814,68.5973054895098,63.9728221841684,50594400,0.7089799556601817,66.69921875,8.701171875,107.5,0,HOLD
2026-02-19,25873.349609375,25885.30078125,25388.75,25454.349609375,298200,-0.014136684522350174,-0.014237559265090531,-0.008893143866019027,-0.013672526273933672,-0.007349086922392445,0.011799646601411196,25562.0576171875,25765.594140625,25663.087122267898,25666.02499040653,-0.004231418577390422,-0.012227557805498404,289.56789666313233,0.0077349977902971,0.008919479682973724,26111.36174428967,25012.75349008533,0.04315994205562858,0.40195958623039013,44.832152386814364,-2.937868138644262,-13.70300964542654,10.765141506782278,46.63315472573606,59.391433495408286,50296200,0.6892247954513921,419.0,11.951171875,65.599609375,0,HOLD
2026-02-20,25406.55078125,25663.55078125,25379.75,25571.25,296600,0.004592550680687868,0.00458203709696536,-0.005992147382910207,0.003931922538127797,-0.004765729438470423,0.011124978945322272,25576.12509765625,25760.2261328125,25648.95833422668,25659.00462074679,-0.00019064760839816025,-0.007390179706212981,289.1559598479086,0.007878577582777596,0.008902375787280304,26111.051669075947,25041.198526236556,0.04183812456721477,0.4954432085474756,47.786712475199764,-10.046286520118883,-12.971665020365009,2.9253785002461257,20.50085505937016,45.24377175820536,50592800,0.7009003473781207,164.69921875,92.30078125,26.80078125,0,HOLD
2026-02-23,25678.400390625,25771.44921875,25609.349609375,25713.0,313700,0.00554333479982394,0.00552802706402003,-0.004118988703587845,0.0011778333706475852,-0.005965090155902408,0.02652237142579339,25609.342578125,25759.3261328125,25658.81089819181,25663.00427846925,0.004031323527981926,-0.0018016619146929908,282.8019069123437,0.007763783712612171,0.00863385505626448,26088.752493795128,25129.932662454874,0.03728930235057183,0.6081093845644568,51.19959986147227,-4.19338027745107,-11.216008071782223,7.022627794331154,53.44748781408076,40.193832533062356,50906500,0.7484015650348298,34.599609375,58.44921875,69.05078125,0,HOLD
2026-02-24,25641.80078125,25641.80078125,25327.599609375,25424.650390625,439100,-0.011214156627970318,-0.011277509359324957,-0.0011667639993072632,-0.011690780140767076,-0.019683710806031596,0.009900537672990373,25621.805078125,25749.848125,25622.786204719992,25645.34843492523,-0.007754469952227807,-0.012790647241108682,290.13037003467633,0.008342790697622325,0.009023395228143697,26067.19669010718,25176.413466142818,0.035036203459176206,0.2786726532378375,44.78648676674737,-22.562230205247033,-13.485252498475187,-9.076977706771846,14.234477859070362,29.39427357750712,50467400,1.0705056316738968,217.150390625,0.0,97.05078125,0,HOLD
2026-02-25,25512.599609375,25652.599609375,25428.19921875,25482.5,414200,0.002275335490801167,0.0022727508349003555,-0.0034706946277557327,-0.013046401806058316,-0.018161067297112643,0.005514397608783472,25628.792578125,25738.559140625,25601.203711686147,25633.28558789373,-0.005740903683900773,-0.010048430908466544,285.688859228628,0.008412366994757474,0.008919791585549779,26060.6319244471,25196.9532318029,0.03389301256329638,0.33061689564501207,46.24133129105031,-32.08187620759054,-17.20457724029826,-14.87729896729228,22.719303773898396,30.133756482349867,50881600,1.0299767496798393,30.099609375,140.0,54.30078125,0,HOLD
2026-02-26,25556.30078125,25572.94921875,25400.94921875,25496.55078125,405200,0.0005513894339252978,0.000551237474627977,-0.008417890512581239,0.001657915936671861,-0.012037278236465943,0.0030548288648095667,25632.67509765625,25727.944140625,25585.103260849814,25623.157083697897,-0.005338930648860774,-0.009075476967855822,277.5682264265832,0.008325046631218736,0.008897661313383341,26058.24713350176,25207.10306181074,0.03338271435197218,0.34006900719387734,46.609308964076156,-38.05382284808729,-21.374426361856067,-16.679396486231227,24.780137618095463,20.577973083688104,51286800,1.0302960957066731,59.75,16.6484375,95.6015625,0,HOLD
2026-02-27,25459.849609375,25476.400390625,25141.30078125,25178.650390625,438900,-0.012468368500212268,-0.012546750821351201,-0.009675649270312503,-0.015353164564696709,-0.011481609480352373,-0.00560807079634007,25625.57509765625,25714.31515625,25522.572050045997,25590.230661988793,-0.017750145464415206,-0.021274562270599217,283.11692453897007,0.008238694802724553,0.009302764975263184,26075.759194502272,25175.391000810225,0.03575919200289186,0.0036200632559066073,39.94689959877203,-67.65861194279933,-30.631263478044723,-37.0273484647546,4.302456650324996,17.267299347439646,50847900,1.1259331469177263,281.19921875,16.55078125,37.349609375,0,HOLD
2026-03-02,24659.25,24989.349609375,24603.5,24865.69921875,519200,-0.012429227421638323,-0.012507116341135643,-0.024204877121554058,-0.03295223354917742,-0.031813212418841386,-0.008876658870536014,25614.4400390625,25695.258125,25421.514691385073,25536.561666193327,-0.030111392152122263,-0.03336157567708656,303.97645783082936,0.008210541634033895,0.009493892757972952,26124.28383869864,25104.596239426362,0.041007799149415505,-0.23428452091270127,34.689963512452465,-115.04697480825416,-47.514405744086616,-67.53256906416755,18.64991435370738,15.910836207375974,50328700,1.3200783097302349,206.44921875,123.650390625,55.75,0,HOLD
2026-03-04,24388.80078125,24602.44921875,24305.400390625,24480.5,599000,-0.015491187895474101,-0.015612430100429392,-0.03985051899636549,-0.037135235927300836,-0.048391876189366245,-0.04847141462679916,25552.0875,25668.557109375,25276.743200402754,25458.334876104935,-0.04377310512448689,-0.04853075343130248,322.2851985661273,0.008849593012305175,0.007902572515451447,26258.482954370596,24845.692045629406,0.057710868190649287,-0.25848980437914737,29.537480529719986,-181.59167570217687,-74.32985973570467,-107.2618159664722,10.934849030023235,11.295740011351898,49729700,1.5304232297295532,91.69921875,121.94921875,83.400390625,0,HOLD
2026-03-05,24615.94921875,24854.19921875,24529.400390625,24765.900390625,504300,0.011658274570576665,0.011590840491558407,-0.016392856392083766,-0.028121244358873754,-0.0408007651117398,-0.0391876012327359,25501.58251953125,25644.547109375,25198.151998898487,25407.043432736053,-0.029705446493063444,-0.03547808498343979,325.95762857926104,0.00999815272050259,0.008466898355954223,26277.715367956753,24725.449671105747,0.06267753937339615,0.02605914670490161,37.003405863648155,-208.89143383756164,-101.24217455607607,-107.64925928148557,29.147407186716922,19.577390190149206,50234000,1.2763211176351457,149.951171875,88.298828125,86.548828125,0,HOLD
2026-03-06,24656.400390625,24700.900390625,24415.75,24450.44921875,433400,-0.012737318930444053,-0.012819134056590225,-0.016699711371352843,-0.04102914043060668,-0.039439247359722596,-0.046498491825114785,25441.96494140625,25610.1080859375,25083.120801952566,25336.184602070418,-0.040552045231786606,-0.04742893910915171,327.68568301109957,0.009850962571316305,0.008781068718362565,26339.268067241006,24544.661815571497,0.0733976801658639,-0.05249764216178287,32.85917115026558,-253.0638001178486,-131.60649966843056,-121.45730044941803,9.18088437636372,16.421046864367987,49800600,1.0845845845845818,205.951171875,44.5,34.69921875,0,HOLD
2026-03-09,23868.05078125,24078.150390625,23697.80078125,24028.05078125,526900,-0.017275692308183932,-0.017426658301668632,-0.01848202523437026,-0.04569742982743086,-0.06034899423180329,-0.06482711669188113,25358.68251953125,25567.12609375,24920.80233722909,25239.285800528163,-0.05537826394638682,-0.06405327367216153,358.04016547459247,0.01016087596789707,0.009321211365499652,26437.832960220352,24279.532078842145,0.08982421841152471,-0.116518183243961,28.290244488826048,-318.48346329907145,-168.98189239455874,-149.5015709045127,15.097142857142858,17.808478140074527,49273700,1.2940540806051495,160.0,50.099609375,170.25,0,HOLD
2026-03-10,24280.80078125,24303.80078125,24079.94921875,24261.599609375,444300,0.009719840791548862,0.009672907019832675,-0.02036270732320722,-0.02429449516221438,-0.0564461708328472,-0.062074554490776146,25278.3974609375,25529.51609375,24819.386532943845,25166.864601183483,-0.041909761430965004,-0.05226021799012217,352.16229651212154,0.01076329791778624,0.009511161379086749,26430.68327019947,24126.11165167553,0.09498844493474481,0.058790951259823164,33.77339476958866,-347.47806823963765,-204.68112756357453,-142.79694067606312,25.773660714285715,16.68389598259746,49718000,1.0799314560723332,19.201171875,23.0,181.650390625,0,HOLD
2026-03-11,24231.849609375,24299.0,23834.30078125,23866.849609375,407400,-0.01627056774308744,-0.016404386958885315,-0.02386866613998495,-0.0250669059302302,-0.06127127639184449,-0.07974894111266251,25174.982421875,25486.0070703125,24672.84239085633,25070.567194382853,-0.05480961391679277,-0.0678412730392991,360.20064810054146,0.01116042481625019,0.00983957901341675,26438.79114566546,23911.17369808454,0.10590494719454124,-0.017535916581025737,29.64707493129376,-397.7248035265293,-243.28986275616552,-154.43494077036377,7.727946428571428,16.19958333333336,49310600,0.9967216323335103,365.0,67.150390625,32.548828125,0,HOLD
2026-03-12,23674.849609375,23833.150390625,23556.30078125,23639.150390625,501000,-0.009540396930332928,-0.009586198057198514,-0.016185265886339506,-0.04549602405840758,-0.0723378636073776,-0.08918519809538727,25059.2474609375,25439.9480859375,24513.812852359202,24964.53632003042,-0.06007394711087805,-0.07617861325619699,356.6540895308599,0.010776809985836064,0.009842460170977545,26435.49720283972,23682.997719035277,0.11643817304432616,-0.01593000422643342,27.555736672060263,-450.72346767122144,-284.7765837391767,-165.94688393204473,3.740138040974963,12.413915061277399,48809600,1.200805330521065,35.69921875,158.30078125,82.849609375,0,HOLD
2026-03-13,23462.5,23492.400390625,23112.0,23151.099609375,519800,-0.02064586811222946,-0.020861973679950938,-0.04577192014869824,-0.05314215692931257,-0.09199092034048106,-0.1029208782735801,24926.44248046875,25384.1930859375,24304.164661130864,24830.207674796686,-0.07668503444971699,-0.09645733957527491,368.8323967518699,0.011112315045587982,0.010476333821502683,26488.439272724834,23364.44568821267,0.13493931766623773,-0.06829273910654206,23.697161885641677,-526.0430136658215,-333.0298697245057,-193.01314394131578,1.4702145504164836,4.312766339987655,48289800,1.2310534293292885,311.400390625,29.900390625,39.099609375,0,HOLD
2026-03-16,23116.099609375,23502.0,22955.25,23408.80078125,540300,0.011131271353117311,0.011069774688696974,-0.01919184289597553,-0.025771961514382324,-0.07029167893899446,-0.08096622681205101,24823.3275390625,25329.777109375,24166.41637191842,24724.91827527471,-0.0604271346930983,-0.08206214175925093,381.5407969838792,0.012800884263362292,0.010929312800161049,26496.235247898014,23150.419830226983,0.1429298087047229,0.07722510622023326,29.32470211606497,-558.5019033562821,-378.12427645086103,-180.3776269054211,16.814682815813846,7.34167846906846,48830100,1.2665854001594044,292.701171875,93.19921875,160.849609375,0,HOLD
2026-03-17,23493.19921875,23656.80078125,23346.599609375,23581.150390625,458800,0.007362598835607637,0.007335627211391066,-0.0024535568766888005,-0.02804634606561829,-0.05165946940902366,-0.0818292281541112,24718.24755859375,25278.4691015625,24076.375451719436,24640.19472826362,-0.04822059777121044,-0.07197777389233272,376.4451094761021,0.013415766091591801,0.010874389044763847,26425.68201222509,23010.81310496241,0.1448134993711039,0.1670158653673177,32.88959409971412,-563.8192765441818,-415.2632764695252,-148.5560000746566,23.20427387126976,13.829723745833391,49288900,1.0529456314690266,87.951171875,75.650390625,146.599609375,0,HOLD
2026-03-18,23632.900390625,23862.25,23618.44921875,23777.80078125,382900,0.008339304375208911,0.008304724491583992,0.027070039110419497,-0.00373106755111996,-0.028704447162026914,-0.07570726129824423,24620.867578125,25227.4541015625,24030.440887031833,24576.3136951515,-0.03545604594096017,-0.060966669443022044,369.63471661173764,0.01350261044991012,0.011162655133688509,26309.481694450136,22932.25346179986,0.14203282564775255,0.25036724236618935,36.80630630846443,-545.8728081196678,-441.3851827995537,-104.48762532011403,31.42266213620919,23.813872941097628,49671800,0.8748600543788679,144.900390625,84.44921875,14.451171875,0,HOLD
2026-03-19,23197.75,23378.69921875,22930.349609375,23002.150390625,550100,-0.03262077926216955,-0.03316469831760482,-0.01737168829898883,-0.026946822938806902,-0.07121687369249285,-0.10911193586871282,24480.0076171875,25162.49109375,23872.24234912309,24459.709005927314,-0.0642486550807368,-0.09391907567065948,403.76446341625643,0.015357836963959303,0.01271508260923816,26214.605193067007,22745.410041307994,0.15082047081880462,0.07400573853181906,29.494445472233693,-587.4666568042303,-470.6014776004891,-116.8651792037412,2.820084413821037,19.149006807100026,49121700,1.223355164400162,195.599609375,180.94921875,71.80078125,0,HOLD
2026-03-20,23110.150390625,23345.150390625,23067.599609375,23114.5,663300,0.004884308965338757,0.004872419427371909,-0.019789127455398625,-0.0015809015551113692,-0.05463904596589242,-0.09192337047626697,24363.01513671875,25101.207109375,23755.666603104153,24360.063894377145,-0.054014369193309396,-0.0859506850407752,399.42414460080954,0.01566659417199262,0.012760753091792532,26134.210646896438,22591.819626541062,0.1532540621841431,0.14755016328105822,31.613614347003022,-604.3972912729987,-497.36064033499105,-107.03665093800765,8.943680943419135,14.395475831149817,49785000,1.417550008548467,4.349609375,230.650390625,42.55078125,0,HOLD
