Date,Close,High,Low,Open,Volume,sma20,sma50,sma_cross,rsi,macd,macd_signal,macd_diff,bb_upper,bb_lower,bb_width,bb_pos,volume_ma20,volume_ratio,day_of_week,month,future_return,label,atr,atr_ratio,returns,volatility_10,volatility_20,high_52w,low_52w,dist_52w_high,dist_52w_low,weekly_return,monthly_return,quarterly_return,obv,obv_ratio,upper_wick,lower_wick,body_size,wick_ratio,atr_20,regime_vol,trend_strength
2025-03-27,23591.94921875,23646.44921875,23412.19921875,23433.94921875,510300,22766.480078125,22998.46609375,-0.0098332703870278,66.80078267379496,177.06454513919743,28.20098338075135,148.86356175844608,23809.35080806186,21723.609348188143,0.0884090348166758,0.8957677193006355,339220.0,1.5043334709038385,3,3,-0.0291412970427047,-1,231.646484375,0.009818878560102022,0.004474827877002596,0.007207855784908109,0.007925637479563348,26277.349609375,21281.44921875,-0.10219449185495201,0.1085687340298393,0.01730433693602773,0.04605079189404626,-0.009299435118143906,2310900.0,4.370620443133139,54.5,21.75,158.0,0.20727848101134635,223.560302734375,0.9999680510658552,1.5429866273346606
2025-03-28,23519.349609375,23649.19921875,23450.19921875,23600.400390625,295400,22815.19501953125,23002.6170703125,-0.0079688449678277,64.13449559532964,190.7180942959967,60.70440556380042,130.01368873219627,23902.229102165355,21728.160936897144,0.0924374271132739,0.8238879999684281,339530.0,0.8700262127057992,4,3,-0.0577290623486794,-1,233.78571428571428,0.009940143676104267,-0.0030773044101545244,0.007184790576205495,0.00800046206529424,26277.349609375,21281.44921875,-0.10495731270462776,0.1051573305756499,0.007235388512559782,0.04309997292180956,-0.005309846063034418,2015500.0,3.3201275008030575,48.798828125,69.150390625,81.05078125,-0.25109643837947465,223.79351981026784,1.0134670280960538,1.262747890577285
2025-04-01,23165.69921875,23565.150390625,23136.400390625,23341.099609375,314300,22867.24501953125,23001.8670703125,-0.0058112664552032,53.03057738437465,171.03046667045055,82.76961778513045,88.2608488853201,23916.06341914237,21818.42661992012,0.0905492547155434,0.6422811610329345,327680.0,0.95916748046875,1,4,-0.0271888883399301,-1,246.71791294642858,0.010650138837455789,-0.015036571865236992,0.009562300024116155,0.00753396298425733,26277.349609375,21281.44921875,-0.11841568639459944,0.08853955295205569,-0.0208235315970553,0.027529254359283772,-0.020262448685121504,1701200.0,2.439958406540213,224.05078125,29.298828125,175.400390625,1.1103279327368356,224.3369210379464,1.0859107287436927,0.5547140862913618
2025-04-02,23332.349609375,23350.0,23158.44921875,23192.599609375,341000,22927.8974609375,23001.6190625,-0.0031596304185704,56.82410136218972,166.95067029948768,99.6058282880019,67.34484201148578,23936.20569751588,21919.58922435912,0.0864300641349242,0.7005597761503861,330610.0,1.0314267566014337,2,4,-0.0399959384448378,-1,245.58579799107142,0.010525549381121668,0.0071938424586863725,0.008836181984541967,0.007583706294406261,26277.349609375,21281.44921875,-0.11207370772847308,0.09637033500604161,-0.014208701201789076,0.05458381054968431,-0.017291517653509114,2042200.0,2.494853799026345,17.650390625,34.150390625,139.75,-0.11806797853224997,224.80745675223216,1.0740384102928788,0.7819259567913378
2025-04-03,23250.099609375,23306.5,23145.80078125,23150.30078125,283200,22986.269921875,23006.128046875,-0.0008541092439877,54.48515606278791,155.29042333877078,110.74274729815568,44.54767604061509,23924.848872249106,22047.69097150089,0.0807376283235918,0.6405474134034451,332105.0,0.8527423555803134,3,4,-0.0181310547140632,-1,239.36077008928572,0.010295042778774577,-0.0035251486188494496,0.009005303008613815,0.007651404510805472,26277.349609375,21281.44921875,-0.11520377987131414,0.0925054666338476,-0.010080108824194967,0.05112272034763188,-0.03880128763255686,1759000.0,1.8744472032480473,56.400390625,4.5,99.798828125,0.520050100783485,225.90584542410716,1.0481080722443816,0.5479546936551636
2025-04-04,22904.44921875,23214.69921875,22857.44921875,23190.400390625,466800,23014.62734375,23001.1100390625,0.0005901606521248,45.92930540883512,116.8119602474544,111.95658988801544,4.855370359438965,23906.15446559152,22123.10022190848,0.0778475058122504,0.4382082034854884,340150.0,1.3723357342348963,4,4,0.0185161214072251,1,251.97140066964286,0.01100098056334725,-0.014866619775066536,0.009468904045338409,0.00828177244956676,26277.349609375,21281.44921875,-0.12835770885438333,0.07626360325922059,-0.02914129704270474,0.03721468273001727,-0.04583679401993357,1292200.0,1.2673348894686256,24.298828125,47.0,285.951171875,-0.0793882806147203,227.703515625,1.1124446648787316,0.24090877312922912
2025-04-07,22161.599609375,22254.0,21743.650390625,21758.400390625,647100,22995.47236328125,22980.2350390625,0.0006875552526589,33.68632486681098,26.07516750214927,94.78030541084222,-68.70513790869295,23941.36756385126,22049.57716271124,0.0853634410189299,0.0592150412626347,353900.0,1.828482622209664,0,4,0.0575590043976512,1,272.43568638392856,0.012293141794181697,-0.03243254628305536,0.013175427800983281,0.010976520815919745,26277.349609375,21281.44921875,-0.15662728780423193,0.04135763413374802,-0.05772906234867947,-0.007865819312532385,-0.061587400253634406,645100.0,0.6144570280129921,92.400390625,14.75,403.19921875,0.1925856673669644,230.28404715401786,1.2276051782090796,1.7184961372388916
2025-04-08,22535.849609375,22697.19921875,22270.849609375,22446.75,468300,22994.63984375,22969.108046875,0.0011329413941588,42.06514384497032,-15.45736433536149,72.73277146160147,-88.19013579696296,23942.12106802929,22047.15861947071,0.0840865767834317,0.2578895377457311,362825.0,1.2907048852752705,1,4,0.0583870057733533,1,284.41768973214283,0.012620677483303047,0.016887318902814252,0.013784796067259552,0.011668681653596863,26277.349609375,21281.44921875,-0.14238498385945061,0.058943372593244815,-0.027188888339930162,-0.0003925361473725575,-0.049437139600665536,1113400.0,1.0223636305203183,161.349609375,175.900390625,89.099609375,-0.16330914750249645,234.1415318080357,1.2390910389618912,0.9439203537273839
2025-04-09,22399.150390625,22468.69921875,22353.25,22460.30078125,383800,22991.58232421875,22960.508046875,0.001387297143054,40.07343790123171,-58.72572593927907,46.44107198142537,-105.16679792070444,23946.30802706381,22036.85662137369,0.0852465996428732,0.1897370983999286,367320.0,1.0448655123597952,2,4,0.077074369363026,1,283.18191964285717,0.012642529502430631,-0.006065856008070525,0.013665185469200264,0.011713693822755862,26277.349609375,21281.44921875,-0.14758715305771822,0.05251997457439367,-0.03999593844483784,-0.006799672292428727,-0.054447279033555174,729600.0,0.6492691717279584,8.3984375,45.900390625,61.150390625,-0.6132741384166216,237.94098074776784,1.2207554948830293,1.2096274778875669
2025-04-11,22828.55078125,22923.900390625,22695.400390625,22695.400390625,402200,23008.11484375,22957.9340625,0.0021981588639089,48.34678565823744,-57.7020381894763,25.61244994724504,-83.31448813672134,23939.23210669488,22076.997580805124,0.081574802699227,0.4035760211704765,370035.0,1.086924209872039,4,4,0.0586414455993207,1,282.1640625,0.012360139073381416,0.019170387409190415,0.01566216118530291,0.01247918068169322,26277.349609375,21281.44921875,-0.13124606854926374,0.07269719024289603,-0.01813105471406329,0.016395595214264258,-0.029666513027862162,1131800.0,0.9747485186716274,95.349609375,0.0,133.150390625,0.71610461619165,241.63096400669647,1.1758964802188305,0.3759298766237424
2025-04-15,23328.55078125,23368.349609375,23207.0,23368.349609375,388300,23051.0173828125,22961.2430859375,0.0038482586302426,55.969472182238704,-16.35639065684518,17.218681826426995,-33.57507248327217,23957.85074120099,22144.18402442401,0.0777445085973659,0.6530233729660635,370965.0,1.0467294758265604,1,4,0.0428830083308928,1,274.4105747767857,0.011762864198034085,0.02190239778210845,0.017423245210514974,0.013324271233649349,26277.349609375,21281.44921875,-0.11221827436785914,0.096191830803346,0.01851612140722514,0.03692124048034007,-0.004393624767940585,1520100.0,1.229441570993558,0.0,121.55078125,39.798828125,-3.05412965590795,244.88773716517858,1.1061847820916082,0.5965949384995399
2025-04-16,23437.19921875,23452.19921875,23273.05078125,23344.099609375,348400,23103.0173828125,22964.9970703125,0.0058889422414254,57.43927111816953,24.890432374781085,18.753031936097813,6.137400438683272,23972.420847054585,22233.61391857042,0.0741900477209366,0.6921903061594242,374010.0,0.9315258950295446,2,4,0.0345391099185772,1,267.54617745535717,0.011415450069704467,0.004657316201027051,0.01749158838185536,0.013278503260571707,26277.349609375,21281.44921875,-0.10808359415409674,0.10129714277638004,0.05755900439765127,0.043020814790503126,0.015214882293629994,1868500.0,1.3907651999806476,15.0,71.048828125,93.099609375,-0.6020307550232186,247.55271344866068,1.0642577524302077,0.7492957556805109
2025-04-17,23851.650390625,23872.349609375,23298.55078125,23401.849609375,505300,23170.16240234375,22971.8620703125,0.0083139040185324,62.57186388467556,89.98429965881951,32.99928548064216,56.98501417817735,24052.935363340526,22287.38944134697,0.0740219604546739,0.88599278545627,386720.0,1.3066301199834505,3,4,0.007869443651739,0,289.37472098214283,0.0121322724525546,0.017683476937954135,0.0174705828984583,0.01370751863914586,26277.349609375,21281.44921875,-0.09231141096073786,0.12077190540250082,0.05838700577335332,0.06493897552410899,0.02915076497509128,2373800.0,1.6222181978466554,20.69921875,103.298828125,449.80078125,-0.18363598468030978,251.22643694196432,1.1178490300008364,1.5048769193684992
2025-04-21,24125.55078125,24189.55078125,23903.650390625,23949.150390625,406100,23234.72490234375,22984.730078125,0.0103622431871292,65.53034405201471,161.807910034815,58.76101039147672,103.04689964333826,24195.24956118759,22274.200243499912,0.0796271693486345,0.9637183807329402,393395.0,1.032295784135538,0,4,0.0084122107963533,0,289.45326450892856,0.011997788864322513,0.011483498464016417,0.01763523631650041,0.01359197135089324,26277.349609375,21281.44921875,-0.08188797044270021,0.13364228785670326,0.07707436936302603,0.0718298786582996,0.039303137577136216,2779900.0,1.7486067254588684,64.0,45.5,176.400390625,0.10487505120792658,254.51354631696427,1.0943630750720121,1.8079070763643177
2025-04-22,24167.25,24242.599609375,24072.0,24185.400390625,440900,23297.707421875,23000.8540625,0.0122832907912567,65.97134066227866,219.56243806404385,90.92129592599017,128.64114213805368,24326.910438423634,22268.504405326363,0.0851733661503593,0.922434915241968,399240.0,1.1043482616972249,1,4,0.0069804888330282,0,284.9068080357143,0.011788962667896193,0.0017284255654137493,0.017480627173747144,0.01359389916219688,26277.349609375,21281.44921875,-0.08030108213889948,0.13560170416906892,0.05864144559932072,0.05837486470549291,0.036695973287402595,3220800.0,1.8702746646536206,57.19921875,95.25,18.150390625,-2.096416657583841,257.4970842633929,1.06580466271954,1.646954497171787
2025-04-23,24328.94921875,24359.30078125,24119.94921875,24357.599609375,415000,23354.62236328125,23012.648046875,0.0140562715360799,67.69719155420327,275.20865909191707,127.77876855917556,147.42989053274152,24475.64925599528,22233.595470567223,0.0921558002883303,0.9345689036548824,404305.0,1.026452801721473,2,4,0.0002157923037611,0,287.7890625,0.011829079008402252,0.006690840652122221,0.016173821695340162,0.013441766843385583,26277.349609375,21281.44921875,-0.07414752323156164,0.14319983421594254,0.04288300833089287,0.06204707754684646,0.04851701652806151,3635800.0,1.9552725620265827,1.701171875,209.0,28.650390625,-7.235462539797903,260.13241489955357,1.061313455315628,1.6942614930290196
2025-04-24,24246.69921875,24347.849609375,24216.150390625,24277.900390625,358800,23399.4373046875,23023.656015625,0.0154982451702913,65.8672360069573,309.10859113264814,164.04473307387008,145.06385805877807,24585.95508226061,22212.919527114384,0.0978704579017981,0.8570371763815768,395195.0,0.9079062235099128,3,4,0.0041242727143111,0,266.57114955357144,0.010994121185263505,-0.0033807460922566923,0.009837352149041714,0.013460826046709526,26277.349609375,21281.44921875,-0.0772775953744027,0.13933496584374852,0.03453910991857723,0.04553769775046557,0.03863606244444684,3277000.0,1.6788941943152242,69.94921875,30.548828125,31.201171875,1.26278560246344,261.97685546875,0.9813036720998539,1.3919871726568018
2025-04-25,24039.349609375,24365.44921875,23847.849609375,24289.0,387700,23418.4873046875,23032.376015625,0.0160616362479259,61.36389528963377,315.6050523411068,194.35679692731745,121.24825541378937,24632.926789277582,22204.047820097418,0.1010376324088625,0.7556168144092679,398985.0,0.9717157286614784,4,4,0.0175462642751991,1,289.8603515625,0.012057745166676999,-0.00855166336268387,0.010831795518689074,0.013384938667871965,26277.349609375,21281.44921875,-0.08516840675596699,0.12959175675851786,0.007869443651739028,0.029504813931439333,0.0440701249111326,2889300.0,1.4379670481437519,76.44921875,191.5,249.650390625,-0.4608475915519676,264.9200474330357,1.06533351500764,0.9965778084487971
2025-04-28,24328.5,24355.099609375,24054.05078125,24070.25,320500,23451.47978515625,23047.74703125,0.0165950532875536,64.96152009314287,340.16436163017715,223.51830986788937,116.64605176228778,24725.692308197173,22177.26726211533,0.1047506030409537,0.8441420481218985,398100.0,0.805074101984426,0,4,0.0021004011498859,0,299.8853236607143,0.012326502811957756,0.012028211882747275,0.009970623206850571,0.01361353005153511,26277.349609375,21281.44921875,-0.07416461851539649,0.14317872574981402,0.008412210796353348,0.02832616821079692,0.050664335042042374,3209800.0,1.5537618142872702,26.599609375,16.19921875,258.25,0.04027256776363883,267.9082449776786,1.078684185829891,1.3417127073780275
2025-04-29,24335.94921875,24457.650390625,24290.75,24370.69921875,357600,23493.934765625,23066.8340234375,0.0175501986114613,65.05180577924877,356.1237084477689,250.0393895838653,106.08431886390358,24825.33060582699,22162.538925423007,0.1094180324124113,0.8162149180957537,402050.0,0.8894416117398334,1,4,0.0032236742101088,0,286.28892299107144,0.011764033546326429,0.0003061930965739812,0.009465872890462452,0.013447268595273478,26277.349609375,21281.44921875,-0.07388113411302198,0.14352875918378885,0.006980488833028264,0.028193361983550824,0.04872150725616464,3567400.0,1.6560477029382614,86.951171875,45.19921875,34.75,1.2014950539222593,270.3676897321428,1.0219994630674683,1.2328327101758274
2025-04-30,24334.19921875,24396.150390625,24198.75,24342.05078125,424500,23531.047265625,23092.0819921875,0.0180390268646796,65.0094256790006,364.4294792199762,272.9174075110875,91.5120717088887,24911.76919139969,22150.325339850308,0.1134799557908457,0.7908449334120524,397760.0,1.0672264682220434,2,4,-0.002482039246784,0,263.93540736607144,0.010846274619248773,-7.191007773188485e-05,0.007902933196848275,0.013439229469728496,26277.349609375,21281.44921875,-0.0739477313926569,0.14344652794182727,0.0002157923037611198,0.0360776189002705,0.05378439655030953,3142900.0,1.431346250623359,54.099609375,135.44921875,7.8515625,-10.360945272312238,271.9821358816964,0.9380828038229749,1.1339223008786525
2025-05-02,24346.69921875,24589.150390625,24238.5,24311.900390625,421100,23572.41474609375,23118.1109765625,0.0186597684330604,65.18390314793311,367.7809579820205,291.8901176052741,75.89084037674638,24998.099920754903,22146.7295714326,0.1171152739721857,0.7715481953581642,404045.0,1.0422106448539148,4,5,-0.0139115046235572,-1,258.5283203125,0.010618618893250257,0.0005136803511647248,0.007987806084735554,0.013396863769237132,26277.349609375,21281.44921875,-0.07347203653812177,0.14403389395583852,0.00412427271431115,0.031991845735245716,0.06647417017972757,3564000.0,1.5678407876156415,242.451171875,73.400390625,34.798828125,4.8579446594551685,273.21926618303576,0.9157063910504327,1.0586897659439087
2025-05-05,24461.150390625,24526.400390625,24400.650390625,24419.5,291500,23637.1873046875,23146.7059765625,0.0200514415835888,66.81552010810762,375.34553245533607,308.5812005752865,66.76433188004955,25100.29460936376,22174.080000011243,0.1196270233665714,0.7815798551835601,402905.0,0.7234956131097902,0,5,0.0189504099652917,1,259.2640904017857,0.010599014611395851,0.004700890697612925,0.006381987270744168,0.012803965388461536,26277.349609375,21281.44921875,-0.06911652985360565,0.14941187224568933,0.01754626427519912,0.04004365753696648,0.0655087343050671,3855500.0,1.6193422249102758,65.25,18.849609375,41.650390625,1.1140445486250696,273.84657505580356,0.914217325271489,1.097800376045995
2025-05-06,24379.599609375,24509.650390625,24331.80078125,24500.75,302400,23689.5498046875,23175.71296875,0.0210765083992564,64.49617871491148,370.48927597482543,320.9628156551943,49.52646031963116,25179.97446273151,22199.12514664349,0.1222681817523267,0.7314943600010959,400975.0,0.7541617307812207,1,5,0.0081523077976872,0,255.64620535714286,0.010486070708841172,-0.0033338898599493128,0.005766467269682847,0.012830311341869563,26277.349609375,21281.44921875,-0.07221999281552115,0.14557985965990405,0.0021004011498859665,0.0524007662864967,0.05251887789264775,3553100.0,1.4464369313440126,8.900390625,47.798828125,121.150390625,-0.3210756259142596,274.3495954241072,0.9046293797738648,0.9025311675654574
2025-05-07,24414.400390625,24449.599609375,24220.0,24233.30078125,330100,23747.76484375,23204.8109765625,0.0222390826110965,65.05366541032495,365.2385473108952,329.81796198633447,35.42058532456076,25255.832507274463,22239.697180225536,0.1235391932134899,0.7210230890161204,403320.0,0.8184568084895368,2,5,0.010342256863165,1,260.52120535714283,0.010670800887544287,0.0014274549954715887,0.005763392932607694,0.012760050886517348,26277.349609375,21281.44921875,-0.07089562860956698,0.14721512335328726,0.003223674210108829,0.046375560085694545,0.05010432011978749,3883200.0,1.515300508065838,35.19921875,13.30078125,181.099609375,0.12091929726106888,275.4076171875,0.919076320500147,0.861706637637735
2025-05-08,24273.80078125,24447.25,24150.19921875,24431.5,411400,23816.232421875,23231.3809765625,0.024093937763725,60.89350403072259,345.74654265470235,333.00367812000803,12.74286453469432,25288.85706976915,22343.60777398085,0.1213344923743183,0.6553581084050581,400550.0,1.0270877543377857,3,5,0.0324752944637294,1,268.9428013392857,0.011079550489968068,-0.005758880297096702,0.005750042221601634,0.012259447133412309,26277.349609375,21281.44921875,-0.07624622946791375,0.14060844878287668,-0.002482039246784029,0.04402996929364633,0.0325585908826973,3471800.0,1.2995014298333607,15.75,123.6015625,157.69921875,-0.6839067647525432,276.25618722098216,0.9539591499250343,0.6056974129689985
2025-05-09,24008.0,24164.25,23935.75,23935.75,335600,23908.55244140625,23252.88296875,0.0273104578747188,53.8787458150248,305.3314163695977,327.469225769926,-22.137809400328308,25171.218043030047,22645.88683978245,0.1051870711116125,0.5393800062605096,384975.0,0.8717449185012014,4,5,0.0421443177794902,1,244.27859933035714,0.010174883344316776,-0.0109501096942064,0.006642476063511133,0.009658769358711121,26277.349609375,21281.44921875,-0.08636143458567684,0.12811866115056558,-0.01391150462355728,0.04818062947990964,0.022393588348064597,3136200.0,1.1215955968736087,156.25,0.0,72.25,2.1626297577555342,274.84833286830354,0.8841290510123938,0.15353152892737124
2025-05-12,24924.69921875,24944.80078125,24378.849609375,24420.099609375,368700,24027.994921875,23293.1139453125,0.0294840459302182,67.69893245502726,343.3145865437182,330.6382979246845,12.6762886190337,25197.142747673657,22858.847096076344,0.0938143979622547,0.8834862782481983,379995.0,0.9702759246832195,0,5,0.0008325075387225,0,264.2822265625,0.010603226311501063,0.038183073090219954,0.013556782176729027,0.012030654679017217,26277.349609375,21281.44921875,-0.05147590646441806,0.17119369844371868,0.018950409965291737,0.12467961059120158,0.06693399420008173,3504900.0,1.2020495443742134,20.1015625,41.25,504.599609375,-0.0419113235663275,273.8415597098214,0.9294963522676343,1.4951047552563261
2025-05-13,24578.349609375,24973.80078125,24547.5,24864.05078125,423000,24136.9548828125,23328.7629296875,0.0328822710218399,60.34187534711952,341.5320349460235,332.8170453289523,8.714989617071183,25058.5668951223,23215.3428705027,0.0749938077175261,0.7394688440834493,381955.0,1.107460302915265,1,5,0.0042944617082727,0,282.54659598214283,0.011495751361367655,-0.01389583907654357,0.014249201612239729,0.012530763373035039,26277.349609375,21281.44921875,-0.06465644462841283,0.15491897928268292,0.008152307797687275,0.09063337018145123,0.03534650881451595,3081900.0,1.0159936836240702,109.75,30.849609375,285.701171875,0.27616404268458633,273.8097935267857,1.0128274737681413,0.9336214301079766
2025-05-14,24666.900390625,24767.55078125,24535.55078125,24613.80078125,345500,24228.87236328125,23371.0339453125,0.0347769036394529,61.49403508815213,343.3072259598412,334.9150814551301,8.392144504711041,24956.44201494617,23501.30271161633,0.058991574956166,0.8010213704910568,379120.0,0.9113209537877188,2,5,0.0059411124139738,0,282.021484375,0.011433195087704908,0.0036027960647213586,0.014266609280085205,0.012061038377125612,26277.349609375,21281.44921875,-0.06128659254795766,0.15907991683631448,0.010342256863165034,0.10124267931828124,0.04095996325903317,3427400.0,1.0886977016770087,100.650390625,78.25,53.099609375,0.4218560341260165,273.80266462053567,1.0114461203605998,1.1735973566270979
2025-05-15,25062.099609375,25116.25,24494.44921875,24694.44921875,500800,24315.5498046875,23421.324921875,0.035680365841256,66.21196820845032,372.3115756748266,342.39438029906944,29.91719537575716,25005.50880429631,23625.59080507869,0.0550599519084759,1.0410102666323469,384745.0,1.301641346866106,3,5,-0.0180511767839184,-1,317.0287388392857,0.012649727827300412,0.01602143814146184,0.0149673814583648,0.011665481199638929,26277.349609375,21281.44921875,-0.046247053757903875,0.17765004402491827,0.03247529446372943,0.0978401497987118,0.06180266886444796,3928200.0,1.201809965826034,54.150390625,200.0,367.650390625,-0.39670734233863103,275.9335728236607,1.1146948119804292,2.109246322917398
2025-05-16,25019.80078125,25070.0,24953.05078125,25064.650390625,432700,24394.6798828125,23470.819921875,0.0369251525627591,65.28989232498522,387.4186488412706,351.3992340075097,36.01941483376095,25023.87864419032,23765.48112143468,0.0502960648551084,0.9967594795232976,388960.0,1.1124537227478404,4,5,-0.0066607401106841,0,288.41085379464283,0.011527304166657466,-0.0016877607536591732,0.015024927687704779,0.011722903912665675,26277.349609375,21281.44921875,-0.04785676054925809,0.175662452499068,0.04214431777949024,0.07249700231526246,0.06196327288083414,3495500.0,1.043457754215026,5.349609375,66.75,44.849609375,-1.3690284370203831,276.976806640625,1.0152864052944102,1.9367249942981741
2025-05-19,24945.44921875,25062.94921875,24916.650390625,25005.349609375,255300,24449.36982421875,23527.234921875,0.0369660571857185,63.612934865248775,388.908468714224,358.9010809488525,30.007387765371448,25070.353148439302,23828.386499998192,0.0497873033894936,0.8994305283108186,376460.0,0.678159698241513,0,5,0.0022329191744172,0,277.35728236607144,0.011118552323266986,-0.0029717088137536374,0.015114462756069669,0.01129449778940556,26277.349609375,21281.44921875,-0.05068625300588977,0.17216872602697736,0.0008325075387225489,0.06435282586126512,0.06688377337314266,3240200.0,0.9548985630253092,57.599609375,28.798828125,59.900390625,0.4808112426148171,276.3759347098214,0.9836762905156603,1.557266885792757
2025-05-20,24683.900390625,25010.349609375,24669.69921875,24996.19921875,414800,24477.2873046875,23578.5269140625,0.0364107931243456,57.972110625960745,364.7794071834724,360.07674619577654,4.702660987695822,25087.64122569976,23866.93338367524,0.0494536042807944,0.669256785960216,376895.0,1.1005717772854509,1,5,0.0057648437189061,0,289.7679966517857,0.011739149488783395,-0.010484831354666824,0.015560778031559827,0.011422317356106966,26277.349609375,21281.44921875,-0.060639647545789904,0.15987873461536978,0.004294461708272745,0.034892763660795634,0.06987315921543158,2825400.0,0.8320976346739744,14.150390625,14.201171875,312.298828125,-0.00016260467676014402,276.39167131696433,1.0397711393915219,0.6598844336866695
2025-05-21,24813.44921875,24946.19921875,24685.349609375,24744.25,332700,24509.597265625,23633.142890625,0.0353217469797676,59.870253692862256,352.05222096640136,358.47184114990154,-6.419620183500172,25119.29597402576,23899.898557224245,0.0491426002911392,0.7491820541345777,371485.0,0.8955947077270953,2,5,-0.0024583442415537,0,294.30008370535717,0.011860506820751572,0.00524831270888626,0.015609762768667077,0.011457855845606414,26277.349609375,21281.44921875,-0.05570959066978059,0.16596614091901857,0.005941112413973881,0.028513273903558956,0.07672727432985105,3158100.0,0.9309393405219935,132.75,58.900390625,69.19921875,1.0672029353500871,276.8613351004464,1.0501873712827494,0.971490494426182
2025-05-22,24609.69921875,24737.5,24462.400390625,24733.94921875,403300,24523.634765625,23678.590859375,0.0343378396760804,55.61584948411546,321.81522639785544,351.1405181994924,-29.32529180163692,25128.962483672407,23918.3070475776,0.0491942394473648,0.5710891394521106,370900.0,1.0873550822324076,3,5,0.0090980547399137,0,288.90359933035717,0.011739420167729765,-0.008211272774042211,0.015759052353901674,0.011578345412197998,26277.349609375,21281.44921875,-0.06346341679870296,0.1563920748906352,-0.018051176783918432,0.018307801622029718,0.06852813121895318,2754800.0,0.8227384994907909,3.55078125,147.298828125,124.25,-1.1569259305741897,276.9170619419643,1.0398785369936956,0.27715648895551265
2025-05-23,24853.150390625,24909.05078125,24614.05078125,24639.5,270500,24553.95732421875,23724.7598828125,0.0333638765457692,59.33424377417408,313.8784697042902,343.688108500452,-29.80963879616177,25161.51083297088,23946.403815466623,0.0488914684217503,0.7462277495695572,366485.0,0.7380929642413742,4,5,-0.0041222609715364,0,300.99288504464283,0.01211085437112963,0.009892488718005854,0.01530332215837375,0.011715543264284086,26277.349609375,21281.44921875,-0.05419873921538445,0.1678316704450821,-0.006660740110684182,0.0215463959072677,0.08390594505380689,3025300.0,0.9069338333715556,55.900390625,25.44921875,213.650390625,0.14252804212422662,278.63814871651783,1.0675003286187685,0.9599724948153081
2025-05-26,25001.150390625,25079.19921875,24900.5,24919.349609375,302800,24602.04736328125,23773.732890625,0.0331310543600767,61.44871101091153,315.8895182240958,338.1283904451808,-22.23887222108499,25191.0318845226,24013.062842039904,0.0471165935998052,0.8388060406940739,362240.0,0.8359098939929329,0,5,-0.0113815075228178,-1,301.05357142857144,0.012041588755910262,0.005954979456279652,0.009495390820079363,0.011520934886976161,26277.349609375,21281.44921875,-0.048566512137688686,0.1747860840509753,0.0022329191744172583,0.03111562382444122,0.08892399183889022,3328100.0,0.9911888697123167,78.048828125,18.849609375,81.80078125,0.7236999188106935,279.1978097098214,1.0614705550761236,1.320909120568869
2025-05-27,24826.19921875,25062.900390625,24704.099609375,24956.650390625,525700,24626.93232421875,23821.050859375,0.0324609279794673,57.63376066380722,299.9090266501662,330.48451768617787,-30.57549103601167,25209.60624675934,24044.25840167816,0.0469402438453427,0.6709934895167453,372500.0,1.4112751677852349,1,5,-0.0114274124786583,-1,310.2822265625,0.01249817677802888,-0.0069977248703164685,0.008549152460984139,0.011436732628886668,26277.349609375,21281.44921875,-0.05522438191815477,0.16656525425331004,0.005764843718906176,0.03273173451698286,0.08197314367031505,2802400.0,0.8397169580935573,106.25,122.099609375,130.451171875,-0.12149840547286002,279.71765485491073,1.1008859678791887,0.6666553506479863
2025-05-28,24752.44921875,24864.25,24737.05078125,24832.5,684400,24647.75732421875,23866.1418359375,0.0315772989320659,56.05392471943381,278.08774092528984,320.00516233400026,-41.917421408710425,25216.9592586302,24078.5553898073,0.0459915646634497,0.5919637550419613,388840.0,1.760106984878099,2,5,-0.0053429056183992,0,298.1499720982143,0.012045271539123709,-0.0029706520659956714,0.0085825708208925,0.011471735120172341,26277.349609375,21281.44921875,-0.058030981559911946,0.16309979477064368,-0.002458344241553778,0.017426031968678757,0.07934228977285551,2118000.0,0.6487291127143862,31.75,15.3984375,80.05078125,0.2042648709289859,280.31070731026784,1.0596798418907156,0.3585407230279279
2025-05-29,24833.599609375,24892.599609375,24677.30078125,24825.099609375,345400,24672.72734375,23913.403828125,0.0305764580072534,57.43649028891688,264.2957363653404,308.86327714026834,-44.56754077492792,25228.37162611557,24117.083061384423,0.0447493952633279,0.6447619193885242,384885.0,0.897410914948621,3,5,-0.0033301341751028,0,297.20703125,0.011967940045944873,0.003278479228775888,0.006753072020790263,0.011481092438887388,26277.349609375,21281.44921875,-0.05494275569880577,0.16691299328879264,0.009098054739913763,0.020449187584660855,0.0838142807082416,2463400.0,0.7624571709787147,59.0,147.798828125,8.5,-10.446920954653303,281.97428850446425,1.0477073265841341,0.5643858628955319
2025-05-30,24750.69921875,24863.94921875,24717.400390625,24812.599609375,853900,24692.92734375,23960.473828125,0.0295932453928464,55.51504944363494,243.8649809894232,295.8636179100993,-51.99863692067612,25228.71224790982,24157.14243959018,0.0432945267060523,0.5539133097549588,406525.0,2.1004858249800136,4,5,0.0101957346848944,1,267.24972098214283,0.010797663476904388,-0.00333823496911434,0.0067946421589006175,0.01152328844728069,26277.349609375,21281.44921875,-0.05809757883954686,0.1630175635286821,-0.004122260971536451,0.017115829300808905,0.08575220959155128,1609500.0,0.5137010894803783,51.349609375,33.298828125,61.900390625,0.29161013472535563,282.4103585379464,0.9445177833855023,0.21019277705167763
2025-06-02,24716.599609375,24754.400390625,24526.150390625,24669.69921875,311100,24705.6998046875,24004.6308203125,0.0283642974945908,54.70438932267897,222.35869405257108,281.1626331385937,-58.80393908602264,25230.84824515356,24180.55136422145,0.0424935831599475,0.5103778321019342,407505.0,0.763426215629256,0,6,0.0156412943319421,1,253.10323660714286,0.010240212675174819,-0.0013777230725331435,0.0067634372378485704,0.011497492286597407,26277.349609375,21281.44921875,-0.05939525953725445,0.16141524739764734,-0.011381507522817857,0.01519304063772764,0.09591701620679793,1298400.0,0.4320381726888254,37.80078125,143.548828125,46.900390625,-2.254737017400807,282.1023158482143,0.897163094021549,0.0404602380969739
2025-06-03,24542.5,24845.099609375,24502.150390625,24786.30078125,349300,24713.84482421875,24038.7948046875,0.0275053486617603,50.6386175612061,189.0867489062912,262.7474562921332,-73.66070738584204,25223.328962268897,24204.36068616861,0.0415185199592662,0.331844790227908,409850.0,0.852263023057216,1,6,0.0228888662524193,1,261.02818080357144,0.010635761670716979,-0.007043833380258491,0.006292805871394379,0.011593513709590417,26277.349609375,21281.44921875,-0.06602072260575532,0.1532344319096866,-0.011427412478658305,0.0033256657220086527,0.08847742435994199,949100.0,0.33011140520818477,58.798828125,40.349609375,243.80078125,0.07567333728519103,282.3714146205357,0.9312072145253678,0.6555896990621998
2025-06-04,24620.19921875,24644.25,24530.44921875,24560.44921875,280900,24724.134765625,24073.046796875,0.0264452762126371,52.3410460021076,167.0623791460239,243.6104408629114,-76.5480617168875,25217.055714125658,24231.213817124342,0.0400419951212469,0.3945717896640973,407390.0,0.6895112791182896,2,6,0.0211696569651664,1,224.74246651785714,0.009128377253206792,0.003165904807986175,0.006111204472356695,0.011608161663587802,26277.349609375,21281.44921875,-0.06306383312089346,0.15688546234240466,-0.00534290561839923,0.009868890926431728,0.09204452265975083,1230000.0,0.44850734567518585,24.05078125,30.0,59.75,-0.09956851464268505,280.5824776785714,0.8046624679617224,0.41103483371377836
2025-06-05,24750.900390625,24899.849609375,24613.099609375,24691.19921875,388400,24747.98974609375,24104.251796875,0.0260086679296152,55.14359691077222,158.32927832506175,226.55420835534147,-68.22493003027972,25195.514003914304,24300.4654882732,0.0361622608274941,0.5032519405153867,406240.0,0.956085072863332,3,6,0.0055472255941446,0,236.87109375,0.009570201084067254,0.005308696762106768,0.005766557974803861,0.011558641924580594,26277.349609375,21281.44921875,-0.05808992312548169,0.16302701645047007,-0.0033301341751028612,0.013782849245366435,0.11869997173337277,1618400.0,0.6107722963589155,148.94921875,78.099609375,59.701171875,1.186737331088834,278.97889229910714,0.849258674935665,0.012678398169997418
2025-06-06,25003.05078125,25029.5,24671.44921875,24748.69921875,335600,24797.74228515625,24137.3048046875,0.0264142758516499,60.02718057973716,169.79734413257393,215.202835510788,-45.40549137821404,25104.125969825283,24491.35860048722,0.0245077040677605,0.8350512875963534,406240.0,0.8261126427727452,4,6,-0.0113766585671342,-1,251.99623325892858,0.010078619423830579,0.01018752395450262,0.005819963848292405,0.011369793206619377,26277.349609375,21281.44921875,-0.04849419165433515,0.17487538204029293,0.01019573468489443,0.030042678794797606,0.13037256595581392,1954000.0,0.7542508636828595,26.44921875,77.25,254.3515625,-0.19972663328852275,279.36477399553576,0.8947578381434702,1.306270398063196
2025-06-09,25103.19921875,25160.099609375,25077.150390625,25160.099609375,279200,24806.66728515625,24166.201796875,0.0255133014202777,61.80579135541008,184.8363326526124,209.12953493915285,-24.29320228654052,25136.802885766007,24476.53168454649,0.0263022730874216,0.9491062657981432,401765.0,0.6949336054658818,0,6,-0.0062422011387679,0,233.58900669642858,0.00930514890396747,0.004005448710087123,0.005651492410128403,0.007605207325541529,26277.349609375,21281.44921875,-0.04468298394165662,0.1795812851237993,0.015641294331942168,0.045618094749666716,0.13678379971125887,2233200.0,0.8837129238860101,0.0,26.048828125,56.900390625,-0.4577969999576291,277.83011300223217,0.8308783543113077,1.750938564676569
2025-06-10,25104.25,25199.30078125,25055.44921875,25196.05078125,307300,24832.9623046875,24194.9137890625,0.0254159560881125,61.82498459031922,194.59644201843184,206.22291635500864,-11.62647433657682,25169.87342768774,24496.051181687257,0.0268409630242083,0.9026101793503368,395980.0,0.7760492954189605,1,6,-0.0099923164155472,0,225.23200334821428,0.008971867446675932,4.18584595869298e-05,0.0050287384418064626,0.006826518088361229,26277.349609375,21743.650390625,-0.044642995842947265,0.1545554471766138,0.02288886625241937,0.007203729107187362,0.12387124325570187,2540500.0,1.0162020324040648,3.25,48.80078125,91.80078125,-0.49619165141368343,274.96438337053576,0.81024890368291,1.5696634476989313
2025-06-11,25141.400390625,25222.400390625,25081.30078125,25134.150390625,301200,24856.6873046875,24228.0048046875,0.0250058664287622,62.54168014306887,202.98919200426465,205.57617148485988,-2.586979480595261,25209.91400386554,24503.460605509463,0.0280992063838856,0.9030175049055316,393765.0,0.7649232410193897,2,6,-0.0130998911857674,-1,215.66057477678572,0.008577906219464354,0.0014798446727146697,0.004818461049496115,0.0068017056645654755,26277.349609375,21743.650390625,-0.043229215869804695,0.15626400990447192,0.021169656965166483,0.022908404762671086,0.11518012046554049,2841700.0,1.1501552185404196,81.0,52.849609375,7.25,3.8828124994644395,271.646337890625,0.7847886033553828,1.5712514950663277
2025-06-12,24888.19921875,25196.19921875,24825.900390625,25164.44921875,328300,24847.99228515625,24253.9298046875,0.0238692432203452,54.96730297548737,187.05305714838323,201.8715486175645,-14.81849146918131,25188.91228268616,24507.072287626343,0.027396116089674,0.5589682827130457,385140.0,0.8524173027989822,3,6,-0.0038150296819573,0,221.0390625,0.00888127986107874,-0.010071084662786611,0.005997723952843108,0.006243243573333365,26277.349609375,21743.650390625,-0.052864935439660594,0.1446191771681909,0.005547225594144667,0.008971489105664254,0.10356719737279674,2513400.0,1.0472630907886349,31.75,62.298828125,276.25,-0.11058399321226939,266.84685407366067,0.8267970011394304,0.22990068978783945
2025-06-13,24718.599609375,24754.349609375,24473.0,24473.0,318700,24832.9322265625,24277.9148046875,0.0224534330684533,50.551073937068594,158.90650906729206,193.27854070751005,-34.37203164021798,25168.73586605972,24497.128587065286,0.0271701184374421,0.3297626890544025,379440.0,0.839921990301497,4,6,0.0159313548288813,1,228.37123325892858,0.00923884187890298,-0.006814458847919758,0.006319972952971744,0.006405091405595759,26277.349609375,21743.650390625,-0.05931914836052883,0.1368192168888385,-0.011376658567134212,-0.013705954622872274,0.10054624157171754,2194700.0,0.9399425250435773,35.75,0.0,245.599609375,0.1455621207657079,263.844873046875,0.869344388960723,0.663707223838813
2025-06-16,24946.5,24967.099609375,24703.599609375,24732.349609375,305800,24832.984765625,24313.5308203125,0.02082271842994,55.70147800480522,153.22355801011872,185.2675441680318,-32.04398615791308,25168.85912663621,24497.110404613788,0.0269275738890193,0.6689846674114144,381965.0,0.8005969133297554,0,6,0.0010181945613612,0,221.56403459821428,0.008881567939318713,0.00921979376770854,0.0069420097300694275,0.006737587483012391,26277.349609375,21743.650390625,-0.05064626490718041,0.1473004556197216,-0.006242201138767944,-0.002929710827471177,0.10883680551787611,2500500.0,1.0881461479713397,20.599609375,28.75,214.150390625,-0.038059191025404844,261.05521065848217,0.8446153690819521,0.658823520272807
2025-06-17,24853.400390625,24982.05078125,24813.69921875,24977.849609375,242400,24841.459765625,24343.9518359375,0.0200177006714609,53.260965990923815,139.59821659911177,176.13367865424783,-36.53546205513607,25170.340311203006,24512.579220046995,0.0264656377323775,0.5181534377155294,373345.0,0.6492654247411911,1,6,0.0076830218701995,0,224.50348772321428,0.00903310952202338,-0.0037319707924959866,0.006588370029552401,0.006340773320180034,26277.349609375,21743.650390625,-0.054189225318293746,0.1430187638291315,-0.009992316415547209,-0.003690004830853577,0.10604572175185245,2258100.0,0.9949417953982675,4.201171875,39.701171875,124.44921875,-0.2852569132718219,257.79198521205353,0.8702236738901292,0.07077512962569209
2025-06-18,24812.05078125,24947.55078125,24750.44921875,24788.349609375,237600,24841.38984375,24375.190859375,0.0187892161145863,52.16770414741013,124.03368435716766,165.71367979483182,-41.67999543766416,25170.294774130434,24512.484913369564,0.0265117086274047,0.4553988709350394,368590.0,0.6446186820043951,2,6,0.0174390751721733,1,223.20368303571428,0.008995777294006874,-0.0016637405234334324,0.006611671878299368,0.00624808202711389,26277.349609375,21743.650390625,-0.0557628090316317,0.14111707719270417,-0.013099891185767487,0.005191658878743066,0.10781935450564673,2020500.0,0.9131377954535184,135.5,37.900390625,23.701171875,4.117923362001782,254.23716517857142,0.8787530986322252,0.17388721301665364
2025-06-19,24793.25,24863.099609375,24733.400390625,24803.25,274600,24850.5673828125,24412.966875,0.017649985694191,51.64859008825798,108.92598356239978,154.35614054834542,-45.43015698594565,25162.92763013001,24538.20713549499,0.0251972006346492,0.4082511566296753,362155.0,0.7582388756195552,3,6,0.0304820868583182,1,222.00013950892858,0.008954055620337333,-0.0007577278241026608,0.006427369012360801,0.005946556517302363,26277.349609375,21743.650390625,-0.05647828382378092,0.1402524210327566,-0.0038150296819573493,-0.0008140431655401237,0.10149386349752865,1745900.0,0.8074440803697991,59.849609375,59.849609375,10.0,0.0,250.8919921875,0.8867411180922452,0.3577028430811083
2025-06-20,25112.400390625,25136.19921875,24783.650390625,24787.650390625,574700,24863.5298828125,24471.982890625,0.015591778806365,59.09057245226435,121.30743451592934,147.74639934186223,-26.438964825932885,25196.105872459088,24530.953893165915,0.0264869932362773,0.8741558554436872,377365.0,1.5229287294794165,4,6,0.0209219502099506,1,230.87862723214286,0.009193809577770782,0.01287247095983779,0.006928008898289886,0.006227906229200584,26277.349609375,21743.650390625,-0.044332827932326166,0.15493028720938556,0.015931354828881306,0.020426953105221024,0.09976655870477202,2320600.0,1.0910099575932526,23.798828125,4.0,324.75,0.0609663683600894,247.386279296875,0.9238283739645552,1.4587280703635785
2025-06-23,24971.900390625,25057.0,24824.849609375,24939.75,248500,24862.0673828125,24520.70390625,0.0136699038208023,55.071964062988286,118.4176033881704,141.88064015112388,-23.463036762953493,25192.459855219186,24531.67491040581,0.0264611397001024,0.6662159658366924,374650.0,0.6632857333511277,0,6,0.0218305528252731,1,222.96442522321428,0.008928612630015136,-0.0055948454872697395,0.0070459805727010535,0.006234596493177175,26277.349609375,21743.650390625,-0.04967963809730085,0.14846863070388094,0.0010181945613612076,0.004778066286710958,0.09011423354916581,2072100.0,1.0038174225615486,85.099609375,114.900390625,32.150390625,-0.9269181701916906,243.48182198660712,0.9114354012122372,0.6480291343324052
2025-06-24,25044.349609375,25317.69921875,24999.69921875,25179.900390625,450200,24872.97490234375,24573.607890625,0.011953475190535,56.7069634822824,120.58342718108906,137.62119755711691,-17.03777037602785,25212.1965804234,24533.753224264103,0.0270896775816182,0.7525998751044017,370875.0,1.213886080215706,1,6,0.019862810559424,1,237.55008370535714,0.009485176792789764,0.0029012296868362597,0.007128043911748873,0.006043165178291487,26277.349609375,21743.650390625,-0.04692254045134374,0.1518006019896793,0.007683021870199536,0.0017278892400967027,0.07993304144239843,2522300.0,1.2302612165065616,137.798828125,44.650390625,135.55078125,0.6871848073491854,239.84521484375,0.9833723237152454,0.9848156136650651
2025-06-25,25244.75,25266.80078125,25125.05078125,25150.349609375,260600,24897.58994140625,24621.931875,0.0109194215195734,60.941142761338696,136.89248351108108,137.47545474790977,-0.5829712368286835,25268.24585037478,24526.934032437723,0.0293649894705654,0.9683050373590898,349685.0,0.7452421465032816,2,6,0.0082651002931302,0,227.19294084821428,0.00899961143795103,0.008001820520425307,0.0075842292221143855,0.0062115343751927175,26277.349609375,21743.650390625,-0.03929618567797257,0.1610171036821184,0.017439075172173357,0.01685923719382254,0.08112707181396206,2782900.0,1.335710788784042,22.05078125,25.298828125,94.400390625,-0.03440713384193788,236.29736328125,0.9479983995204676,1.8257891559081478
2025-06-26,25549.0,25565.30078125,25259.900390625,25268.94921875,428900,24933.3599609375,24666.340859375,0.0104512545133861,66.32587616044496,172.38086116550767,144.45653603142935,27.92432513407832,25398.457677587387,24468.262244287616,0.0364082912560088,1.1618394554772005,353860.0,1.2120612671678064,3,6,-0.0056244557027672,0,223.43219866071428,0.00874524242282337,0.012052010814129765,0.007403212225540954,0.00667330039588127,26277.349609375,21743.650390625,-0.027717772918587874,0.1750096943710848,0.030482086858318214,0.03218068540250196,0.07991472025063828,3211800.0,1.5143713930066764,16.30078125,9.048828125,280.05078125,0.02589513620567379,232.60862165178574,0.9371098592496313,2.580325224724214
2025-06-27,25637.80078125,25654.19921875,25523.55078125,25576.650390625,564000,24977.7150390625,24710.352890625,0.0104284353684904,67.72446175241916,205.30451439999524,156.62613170514254,48.6783826948527,25526.368644471444,24429.061433653555,0.0428003642036409,1.1015505372424363,339365.0,1.661927423275824,4,6,-0.0068960977877362,0,226.83928571428572,0.008847844932166834,0.003475704773181043,0.006614938916711355,0.006589815157245395,26277.349609375,21743.650390625,-0.024338406941042008,0.17909368117434427,0.02092195020995069,0.03238359257316059,0.08319656415242704,3775800.0,1.6937952938168264,16.3984375,53.099609375,61.150390625,-0.6001788622981478,230.58809988839283,0.9581135997946792,2.345275749802963
2025-06-30,25517.05078125,25669.349609375,25473.30078125,25661.650390625,271000,25017.73759765625,24743.6608984375,0.0107409238461108,63.84160323498923,219.12726819453744,169.12635900302155,50.00090919151592,25600.106821584395,24435.368373728103,0.0456454963326773,0.9286912521113556,337360.0,0.8032961821199905,0,6,-0.0021848136165079,0,230.56766183035714,0.009035827212437062,-0.004709842354665206,0.00678268268168986,0.006714862806485916,26277.349609375,21743.650390625,-0.028933619235851218,0.17354033581463124,0.02183055282527313,0.030962824756055607,0.08643991023234654,3504800.0,1.4980882789808998,7.69921875,43.75,144.599609375,-0.2493145134040974,229.46132114955353,0.9848922805899524,1.6713461886982108
2025-07-01,25541.80078125,25593.400390625,25501.80078125,25551.349609375,260700,25067.70263671875,24771.9858984375,0.0115777560405347,64.29348643788433,229.4342431823497,181.1879358388872,48.24630734346255,25649.87630642483,24485.52896701267,0.0455859533704803,0.9071793085133908,332930.0,0.7830474874598264,1,7,-0.0007556546781998,0,227.03194754464286,0.008888642953918304,0.0009699396772837598,0.006475271833461169,0.006402746407823154,26277.349609375,21743.650390625,-0.02799174342387169,0.17467859914923078,0.01986281055942407,0.03338651695284178,0.08264902337744662,3765500.0,1.5181417026329105,42.05078125,40.0,9.548828125,0.21476784616282243,227.76150948660717,0.9781631554555921,1.5874771926156566
2025-07-02,25453.400390625,25608.099609375,25378.75,25588.30078125,309800,25109.3626953125,24797.70890625,0.0122440925094348,61.34460656020463,227.84299022342748,190.51894671579527,37.32404350763221,25676.535181797703,24542.19020882729,0.0445655572757271,0.8032919469035935,334375.0,0.9265046728971964,2,7,0.0008917951394171,0,216.96414620535714,0.00852397490612961,-0.0034610085397696055,0.006634520110679293,0.0065107195940398545,26277.349609375,21743.650390625,-0.031355872300608226,0.17061302648609072,0.008265100293130212,0.03711522422837943,0.08223232416593151,3455700.0,1.333413077534515,19.798828125,74.650390625,134.900390625,-0.40660788486574034,227.37259347098217,0.941162694586031,1.182449693161669
2025-07-03,25405.30078125,25587.5,25384.349609375,25505.099609375,293400,25142.08271484375,24819.2359375,0.0127078510159588,59.73906851786323,220.1627748755673,196.4477123477497,23.715062527817565,25698.15740054576,24586.008029141736,0.0437762725574511,0.7366751024405586,329625.0,0.8901023890784983,3,7,-0.0019700920560223,0,211.37848772321428,0.00832025133428922,-0.00188971251922454,0.00670696240228138,0.006498845466703313,26277.349609375,21743.650390625,-0.03318633123539515,0.16840090439477257,-0.0056244557027672615,0.031888513798137286,0.09667748602586101,3162300.0,1.1849079085661613,82.400390625,20.951171875,99.798828125,0.6157308648195539,226.09796316964284,0.9250522327368736,0.9227294200092784
2025-07-04,25461.0,25470.25,25331.650390625,25428.849609375,193500,25164.98017578125,24843.521953125,0.0126255144203389,61.0116094494705,216.0797771685502,200.3741253119098,15.7056518566404,25733.83653062979,24596.12382093271,0.04468452573336,0.7601885534860264,322520.0,0.5999627930050849,4,7,-0.012220666534111,-1,202.45703125,0.007951652772868308,0.0021924250859925998,0.0056286347314194116,0.006162225622379301,26277.349609375,21743.650390625,-0.03106666469451508,0.17096253584806412,-0.006896097787736255,0.028689849588016125,0.09123172017659553,3355800.0,1.2252341720505093,9.25,97.19921875,32.150390625,-2.7355567704634836,223.62100306919643,0.8946493870573998,1.0144017286800102
2025-07-07,25461.30078125,25489.80078125,25407.25,25450.44921875,196100,25182.88525390625,24871.9609765625,0.0122116415031206,61.01877467340441,210.44239368392664,202.3877789863132,8.05461469761346,25765.2193402138,24600.551167598704,0.045742681515815,0.7390513743658063,318365.0,0.6159596689334569,0,7,-0.0148853353273725,-1,196.32840401785714,0.007710855219244559,1.1813410706551508e-05,0.005110548256727181,0.006121755887695614,26277.349609375,21743.650390625,-0.031055218287077833,0.1709763689094221,-0.002184813616507908,0.018327763440117772,0.09510501929133208,3551900.0,1.2663467434862594,28.5,43.19921875,10.8515625,-1.3545716341444312,221.75797293526784,0.8754083361433699,0.9319938335144189
2025-07-08,25522.5,25548.05078125,25424.150390625,25427.849609375,210400,25203.79775390625,24895.8409765625,0.0120660898165833,62.52775632585916,208.5094252850431,203.6121082460592,4.897317038983942,25803.12620473444,24604.46930307805,0.0469647135529975,0.7658827940283398,313520.0,0.6710895636642,1,7,-0.0128004395631305,-1,191.09974888392858,0.007487501180680913,0.0024036171315751087,0.005102721680989085,0.006130632296030467,26277.349609375,21743.650390625,-0.028726246010202315,0.17379094777040244,-0.0007556546781998241,0.0167030814517386,0.11430315377794886,3762300.0,1.3127675832975683,25.55078125,3.69921875,94.650390625,0.2308660572394667,220.05136021205354,0.8572744558423703,1.0366019652863803
2025-07-09,25476.099609375,25548.69921875,25424.349609375,25514.599609375,239100,25220.53271484375,24918.643984375,0.01184988028378,60.61196895138957,200.9173599051792,203.0731585778832,-2.155798672704009,25830.553476958656,24610.511952728844,0.0478896512000151,0.7094739313832654,310415.0,0.7702591691767473,2,7,-0.0103645704080946,-1,190.71763392857142,0.007486139434718997,-0.00181801902732881,0.00473028416791368,0.006156933263232379,26277.349609375,21743.650390625,-0.03049204017570087,0.17165697349324952,0.000891795139417173,0.014812217428323837,0.14956050368304052,3523200.0,1.2148944570785223,34.099609375,51.75,38.5,-0.4584517045335468,218.80421316964285,0.8625092621981112,0.8166797319160791
2025-07-10,25355.25,25524.05078125,25340.44921875,25511.650390625,219600,25243.88525390625,24939.065,0.0120219778509875,55.81533787047571,183.0390793308652,199.0663427284796,-16.027263397614405,25836.74662450428,24651.023883308226,0.0467643876986444,0.5939214052531494,304980.0,0.7200472162108991,3,7,-0.0096153964662151,0,178.64997209821428,0.007045876972154259,-0.004743646446198069,0.0030077043112201524,0.005770459838030392,26277.349609375,21743.650390625,-0.03509104316388215,0.16609904705477507,-0.001970092056022388,0.008505875013022024,0.12510734849118443,3303600.0,1.1238588678744623,12.400390625,14.80078125,156.400390625,-0.015347727811882839,216.68475864955357,0.8204596935368865,0.36617304863095157
2025-07-11,25149.849609375,25322.44921875,25129.0,25255.5,250000,25265.44775390625,24955.1280078125,0.0123388310830326,48.75340513349062,150.5607476705809,189.3652237168999,-38.804476046319,25809.69804370013,24721.19746411237,0.0432805999437068,0.3938005668540566,301545.0,0.8290636555074699,4,7,-0.0072147238082235,0,175.88560267857142,0.006993505146567847,-0.008100901810276007,0.003399915559960308,0.005867862332614566,26277.349609375,21743.650390625,-0.04290767587906737,0.15665259317352795,-0.012220666534111024,0.010513030224696962,0.1228037300870699,3053600.0,1.0238527926610919,66.94921875,20.849609375,105.650390625,0.4363411162216293,214.06047712053572,0.8251483626343985,0.4140416137632329
2025-07-14,25082.30078125,25151.099609375,25001.94921875,25149.5,259500,25272.23779296875,24967.551015625,0.012147481206011,46.66247728261689,118.0104588251088,175.09427073854167,-57.08381191343287,25803.638760405865,24740.83682553164,0.0423725855192961,0.3212865393952939,299230.0,0.8672258797580457,0,7,0.0003348352120184,0,163.82491629464286,0.006531494766903855,-0.002685854157148504,0.0032728914099715402,0.005573977635791289,26277.349609375,21743.650390625,-0.045478286276582514,0.1535459929977762,-0.014885335327372573,0.01471366410810182,0.0987250580028538,2794100.0,0.9322554168307119,1.599609375,80.3515625,67.19921875,-1.171917688757774,211.1735212053571,0.7814710840130973,0.6967533388647743
2025-07-15,25195.80078125,25245.19921875,25088.44921875,25089.5,241300,25289.3578125,24983.8750390625,0.012124352628825,50.50370054123229,100.21737829004996,160.11889224884334,-59.90151395879337,25786.64865028989,24792.066974710106,0.0394741046023798,0.40593328476974,299175.0,0.806551349544581,1,7,-0.005354082285227,0,164.89634486607142,0.006544596311810125,0.004525103218794291,0.0037542873103971275,0.0055664840242956,26277.349609375,21743.650390625,-0.04115897699740367,0.15876590768371765,-0.012800439563130595,0.00999341716272828,0.08004140580823282,3035400.0,0.999800724965868,49.3984375,1.05078125,106.30078125,0.4548193877883205,208.1931640625,0.7948719827691901,0.36673957121611883
2025-07-16,25212.05078125,25255.30078125,25121.05078125,25196.599609375,228800,25309.3578125,24999.828046875,0.0122770562502274,51.04727094755348,86.43114848862024,145.3813434967987,-58.9501950081785,25758.054873276826,24860.66075172317,0.0355938566576678,0.3915671175987521,298735.0,0.765896195624885,2,7,0.0003113435492854,0,152.67131696428572,0.006055489824644735,0.0006449487413033861,0.0037229615337704813,0.005538776355320908,26277.349609375,21743.650390625,-0.04054057368650802,0.15951325229734362,-0.010364570408094687,0.014430636652853712,0.0757279718423054,3264200.0,1.0535828984019702,43.25,75.548828125,15.451171875,-2.090380482736661,204.66654575892858,0.748838654502737,0.42274920199149874
2025-07-17,25111.44921875,25238.349609375,25101.0,25230.75,243400,25325.2677734375,25016.581015625,0.0122926699739022,47.56467080666373,66.61980507167755,129.6290358117745,-63.00923074009694,25718.811484342576,24931.724062532423,0.0313437673371099,0.2283420510065363,297175.0,0.8190460166568521,3,7,-0.0019652234701831,0,153.14997209821428,0.0060988105769642946,-0.003990217351728331,0.00383955063992424,0.005633422968860482,26277.349609375,21743.650390625,-0.044369025337663445,0.1548865423984678,-0.00961539646621512,0.012066654229413887,0.052818098852403406,3020800.0,0.9553643575848333,7.599609375,10.44921875,119.30078125,-0.023885923839883604,201.22403738839287,0.7677499651796988,1.0591176643873614
2025-07-18,24968.400390625,25144.599609375,24918.650390625,25108.55078125,317000,25318.0677734375,25035.7890234375,0.0113054398993852,43.06557167403083,38.92759468009172,111.48874758543796,-72.56115290534623,25731.68311846588,24904.452428409124,0.033131104801065,0.0773036626717622,284290.0,1.1150585669562771,4,7,-0.0052626675545597,0,155.28571428571428,0.006219289656377832,-0.0056965580472427835,0.0038852899175883466,0.0050090922818059455,26277.349609375,21743.650390625,-0.04981283265657069,0.14830766417171537,-0.007214723808223522,0.007064438531656725,0.034935973773914775,2703800.0,0.8499588978009145,36.048828125,49.75,140.150390625,-0.09776049723302183,197.44439174107143,0.7978542449644159,1.647973708094964
2025-07-21,25090.69921875,25111.400390625,24882.30078125,24999.0,305200,25324.00771484375,25039.1090234375,0.0113547529673205,47.62671342785274,26.543831007995323,94.49976426994944,-67.95593326195412,25720.630259052705,24927.385170634792,0.0316151049240241,0.2058809446156538,287125.0,1.06295167609926,0,7,-0.0163326986048584,-1,165.10714285714286,0.006580412184518164,0.004898144302865282,0.004428078374192423,0.004972012260252346,26277.349609375,21743.650390625,-0.04515867879619174,0.15393224081491463,0.00033483521201849165,-0.000864161590984458,0.03821076948142621,3009000.0,0.932173460473243,20.701171875,116.69921875,91.69921875,-1.0468796592005112,194.55152762276785,0.8570912503010684,1.1466871782867913
2025-07-22,25060.900390625,25182.0,25035.55078125,25166.650390625,483700,25324.83525390625,25048.7600390625,0.0110161730241354,46.64614935509851,14.161843767655228,78.4321801694906,-64.27033640183537,25719.18289864604,24930.48760916646,0.0314711473724473,0.1653525552873443,288800.0,1.674861495844875,1,7,-0.0095687216944411,0,159.18568638392858,0.006351953996173184,-0.0011876443882732346,0.004221033667849559,0.004941187265904147,26277.349609375,21743.650390625,-0.04629269073301084,0.15256177966466325,-0.0053540822852270464,0.003564005886929289,0.03008560564181262,2525300.0,0.782289217462958,15.349609375,25.349609375,105.75,-0.0945626477532429,190.6333077566964,0.8445681896654378,1.304695928650319
2025-07-23,25219.900390625,25233.5,25085.5,25139.349609375,271500,25323.5927734375,25059.8200390625,0.0104589126162073,52.2904868164586,16.98322876434031,66.14238988846054,-49.15916112412023,25719.096787840244,24928.08875903476,0.0313644390562117,0.3689110868203358,289345.0,0.9383262195648792,2,7,-0.0144667347500954,-1,155.24637276785714,0.006155709196439448,0.006344544590244583,0.004947245297643357,0.004812953661363229,26277.349609375,21743.650390625,-0.04024185218332418,0.15987425926875742,0.0003113435492854144,0.00700959633562559,0.040137470386997,2796800.0,0.8662081866708374,13.599609375,53.849609375,80.55078125,-0.49968478734649535,187.03597935267857,0.8342478380190751,0.5110786710580149
2025-07-24,25062.099609375,25246.25,25018.69921875,25243.30078125,338700,25299.24775390625,25059.8200390625,0.0095533781516927,46.97865309389378,6.41207800659322,54.19632751208708,-47.78424950549386,25696.194547466486,24902.30096034601,0.0316770581672854,0.2012847208006709,284835.0,1.189109484438359,3,7,-0.0117208855035479,-1,161.60002790178572,0.006447984423513179,-0.006256994627491075,0.0050954402555255076,0.004077299481793274,26277.349609375,21743.650390625,-0.046247053757903875,0.15261693225994766,-0.0019652234701831306,-0.0072351831816516166,0.04254482823450201,2458100.0,0.7702986431011251,2.94921875,43.400390625,181.201171875,-0.22323901913107738,183.94437081473214,0.8876764166874263,1.164606557601712
2025-07-25,24837.0,25010.349609375,24806.349609375,25010.349609375,278100,25259.20771484375,25056.1640234375,0.0081750489755706,40.63711089796766,-19.899898725336243,39.37708226460242,-59.27698098993866,25672.68674059816,24845.728689089337,0.0332954081213038,-0.0105551775853823,270540.0,1.0279441117764472,4,7,-0.0109373269970205,-1,170.27497209821428,0.006855698035117538,-0.008981674037030651,0.0052346405205840815,0.0043099168335303,26277.349609375,21743.650390625,-0.05481335183290802,0.14226450268482654,-0.00526266755455973,-0.027868018317742327,0.020901411924286295,2180000.0,0.7006694929145602,0.0,30.650390625,173.349609375,-0.1768125739384764,181.11615513392857,0.9569272658538104,1.9905105270384842
2025-07-28,24680.900390625,24889.19921875,24646.599609375,24782.44921875,262100,25217.4001953125,25050.873046875,0.0067472071845788,36.9156255315168,-52.74030632898212,20.953604545885515,-73.69391087486763,25683.83850082746,24750.96188979754,0.0377975112846478,-0.0751026430978818,270095.0,0.9703993039486106,0,7,0.0016956273358201,0,178.75348772321428,0.007242583734551009,-0.006284962329387578,0.005463910660873612,0.004383940609331692,26277.349609375,21743.650390625,-0.06075381431087833,0.13508541331525573,-0.01633269860485842,-0.037323809432391775,0.014174551761853005,1917900.0,0.6325600724282767,106.75,34.30078125,101.548828125,0.7134421941344934,178.52544642857143,1.0237415686370464,2.2421628757703407
2025-07-29,24821.099609375,24847.150390625,24598.599609375,24609.650390625,284700,25181.36513671875,25053.61703125,0.0051467544741852,42.04878219312465,-66.68495801184326,3.4258920343397588,-70.11085004618302,25653.3124578382,24709.417815599296,0.0380279140365881,0.1183201903877708,271295.0,1.0494111575959748,1,7,-0.0069114112921977,0,187.625,0.007559092987529589,0.005680474234370125,0.005617832819705686,0.0046508195263129225,26277.349609375,21743.650390625,-0.05541845055334089,0.14153323675940238,-0.009568721694441118,-0.027273965860756366,0.02000889309107956,2202600.0,0.7456784773615183,26.05078125,11.05078125,211.44921875,0.07093901830710388,176.55509905133928,1.078615591134682,1.4880618439411357
2025-07-30,24855.05078125,24902.30078125,24771.94921875,24890.400390625,243900,25151.44765625,25054.4490625,0.0039025707331554,43.252984900841085,-74.14195678176475,-12.087677728881143,-62.0542790528836,25626.4735789162,24676.4217335838,0.0382236935942652,0.188020315463631,268000.0,0.9100746268656716,2,7,-0.0112995770948843,-1,183.82142857142858,0.0073957373971691364,0.001367835124523431,0.005652799110655763,0.0046645971957485445,26277.349609375,21743.650390625,-0.054126418732030904,0.1430946660164529,-0.014466734750095411,-0.026887297645205033,0.020879691244080734,2446500.0,0.8426443844373416,11.900390625,83.1015625,35.349609375,-2.014199679483327,174.89796316964285,1.0638697888581736,1.2163207299726433
2025-07-31,24768.349609375,24956.5,24635.0,24642.25,346300,25119.60009765625,25057.6220703125,0.0025023075142758,40.91483312731572,-86.05574495014298,-26.881291173133512,-59.17445377700947,25607.511052791306,24631.6891425212,0.0393979383228969,0.1400465242843081,270645.0,1.2795359234421475,3,7,-0.0069523897016061,0,192.96791294642858,0.007790907185571574,-0.0034882717656889994,0.005629529732469434,0.004691048366364064,26277.349609375,21743.650390625,-0.057425882839479074,0.13910724116747805,-0.011720885503547995,-0.026913919976771283,0.012558657865401779,2100200.0,0.736846352343913,188.150390625,7.25,126.099609375,1.4345832752391539,173.97743443080358,1.1249977714387325,1.4033570005988163
2025-08-01,24565.349609375,24784.150390625,24535.05078125,24734.900390625,263400,25074.817578125,25051.8660546875,0.0009343047749151,36.00690532484156,-110.60294941311076,-43.62562282112897,-66.9773265919818,25592.66229037616,24556.97286587384,0.0421605815089668,0.0080880844227859,274140.0,0.9608229371853796,4,8,-0.0082249522737462,0,200.10714285714286,0.008145910644022545,-0.008195943742782208,0.005892760063620206,0.004860909681004253,26277.349609375,21743.650390625,-0.06515116727712934,0.1297711823018735,-0.010937326997020547,-0.03306204398473067,0.007619075086392035,1836800.0,0.6620757270739879,49.25,30.298828125,169.55078125,0.11177283723007457,173.85994001116072,1.1746124208930326,1.9178257107553998
2025-08-04,24722.75,24736.25,24554.0,24596.05078125,259300,25037.8900390625,25046.298046875,-0.0003400919320261,41.83313364666909,-116.01850067283522,-58.10419839147022,-57.914302281365,25545.45780409044,24530.322274034555,0.0410607853113381,0.1895586552416807,277300.0,0.9350883519653804,0,8,-0.0055697371348252,0,201.92857142857142,0.008167722904149879,0.006407415043054421,0.006093878153224718,0.005184435775997521,26277.349609375,21743.650390625,-0.05916120280335897,0.1370100951705639,0.0016956273358201823,-0.028995326185145887,0.012629825203219092,2096100.0,0.7758979683621968,13.5,42.05078125,126.69921875,-0.22534299367788846,174.13994838169643,1.1738909503541248,1.2103231773931535
2025-08-05,24649.55078125,24733.099609375,24590.30078125,24720.25,251800,24994.242578125,25042.765078125,-0.0019684942914623,40.00883628523377,-124.77855970056773,-71.43907065328972,-53.33948904727799,25477.147067329664,24511.338088920333,0.0391816056600912,0.1431056196612511,279370.0,0.9013136700433118,1,8,-0.0065782290340293,0,202.53920200892858,0.00821675022828378,-0.0029608040671041946,0.0061108617207257165,0.005112406697638443,26277.349609375,21743.650390625,-0.061946842140588196,0.13364363105644436,-0.006911411292197744,-0.031881717551437205,0.015479652460946403,1844300.0,0.7078175401968442,12.849609375,59.25,70.69921875,-0.6563069782768101,174.7119210379464,1.1747808744546557,1.391430451190707
2025-08-06,24574.19921875,24671.400390625,24539.19921875,24641.349609375,225100,24949.14755859375,25039.200078125,-0.0036645149137774,38.16383067098533,-136.23082677698767,-84.39742187802932,-51.83340489895835,25411.654366744657,24486.640750442846,0.0376416585569156,0.0946564102020586,278670.0,0.8077654573509886,2,8,0.0018373087246135,0,202.17145647321428,0.008226980446994927,-0.003056914228121266,0.005431994532532647,0.005121076622811933,26277.349609375,21743.650390625,-0.06481439018558269,0.13017817971104892,-0.011299577094884383,-0.037155481682828895,0.023583772856964336,1619200.0,0.6449929593314253,30.05078125,35.0,67.150390625,-0.07370349902452702,175.28461216517854,1.1700469057739722,1.5803202434973478
2025-08-07,24596.150390625,24634.19921875,24344.150390625,24464.19921875,616700,24911.192578125,25034.45109375,-0.0050112929733908,39.045684014607296,-141.89982200891973,-95.89790190420742,-46.00192010471231,25358.504311653185,24463.880844596813,0.036372499470379,0.1478494035746684,298525.0,2.0658236328615693,3,8,0.0014291013051537,0,206.75,0.008405786951067118,0.0008932609229541644,0.005363939142729664,0.005104944718572949,26277.349609375,21743.650390625,-0.06397902542462641,0.13118772371496024,-0.006952389701606165,-0.03454018598773989,-0.01318165668686766,2235900.0,0.9100010988876814,38.048828125,120.048828125,131.951171875,-0.621441998840744,176.68961356026784,1.184026916440066,1.372935776702412
2025-08-08,24363.30078125,24585.5,24337.5,24544.25,312600,24871.86513671875,25026.703125,-0.00635537810215,33.575750972947816,-163.29914811503477,-109.37815114637289,-53.92099696866188,25364.35558826612,24379.37468517138,0.0404288775128851,-0.0163190005723739,301655.0,1.0362831711723657,4,8,0.0210828755147702,1,208.10002790178572,0.008541536705976209,-0.009466912735407229,0.005437197216010706,0.005205958976556779,26277.349609375,21743.650390625,-0.07284025430944233,0.12047886824718675,-0.0082249522737462,-0.03912204449768786,-0.008749522711767987,1923300.0,0.8012030751734524,41.25,25.80078125,180.94921875,0.0853787535344892,178.30033482142855,1.1901723684598768,2.012982045956803
2025-08-11,24585.05078125,24600.849609375,24347.44921875,24371.5,241100,24847.00263671875,25024.0721484375,-0.0072023244244747,41.92035488205784,-160.51458425954115,-119.60543776900654,-40.90914649053461,25344.66731503445,24349.337958403044,0.040485145444178,0.23681891956317,300735.0,0.8017024955525629,0,8,0.0160910633414963,1,215.73939732142858,0.008775226833615658,0.009101804471857822,0.006187147511158389,0.005715815092906056,26277.349609375,21743.650390625,-0.06440142758998939,0.13067724782082124,-0.005569737134825226,-0.022457344155030756,-0.0033181959662069715,2164400.0,0.9136228751852024,15.798828125,24.05078125,213.55078125,-0.038641643344310445,180.89605887276787,1.2039149919559042,1.026068746584117
2025-08-12,24487.400390625,24702.599609375,24465.650390625,24563.349609375,237000,24811.5826171875,25022.97015625,-0.0086325022538296,39.56331573504213,-164.29349463048493,-128.54304914130222,-35.75044548918271,25305.73092170969,24317.434312665308,0.0403593927194802,0.1719788132472067,300520.0,0.7886330360708106,1,8,0.0229975571780416,1,222.09291294642858,0.009069681117782386,-0.003971941790719136,0.005883509188839985,0.0055992858367894804,26277.349609375,21743.650390625,-0.06811757065908192,0.1261862636083864,-0.006578229034029381,-0.02371793544034495,-0.022931008483224713,1927400.0,0.8330631950657624,139.25,21.75,75.94921875,1.5470863549660003,183.7558872767857,1.223126290027321,1.2788620192067928
2025-08-13,24619.349609375,24664.55078125,24535.25,24586.19921875,236000,24781.94755859375,25022.9531640625,-0.0097892758863529,44.1342502385448,-154.85602525294962,-133.8056443636317,-21.05038088931792,25246.689805267928,24317.205311919573,0.0377542261715317,0.3250665284011232,300880.0,0.7843658601435788,2,8,0.0188632274204416,1,215.07505580357142,0.00873601696292055,0.005388453516712133,0.0062168280432048795,0.005788188267823673,26277.349609375,21743.650390625,-0.06309616550553765,0.13225466594099983,0.0018373087246135178,-0.022878858936842272,-0.016005370121695783,2163400.0,0.9578542364926791,45.201171875,50.94921875,33.150390625,-0.17339303599311984,186.87607421875,1.1572125507560789,0.6820162286784495
2025-08-14,24631.30078125,24673.650390625,24596.900390625,24607.25,270200,24757.94013671875,25020.561171875,-0.0106620855101637,44.54336601487869,-144.74388567365168,-135.99329262563572,-8.750593048015958,25201.228476424523,24314.65179701297,0.0359939041500574,0.3571591624169448,302220.0,0.8940506915492026,3,8,0.0096949337043044,0,205.98577008928572,0.008362764594474343,0.00048543816407109475,0.006162249348905693,0.0057599803070340575,26277.349609375,21743.650390625,-0.06264135662820947,0.1328043055672952,0.0014291013051537238,-0.023034619636412068,-0.012593416728846618,2433600.0,1.0916773953338148,42.349609375,10.349609375,24.05078125,1.330518109413576,189.51786411830355,1.0914045788720108,0.5568961071843425
2025-08-18,24876.94921875,25022.0,24852.849609375,24938.19921875,363100,24753.367578125,25018.039140625,-0.0106392291181956,52.27903702577672,-115.5758794713729,-131.90980999478316,16.33393052341026,25189.71015864753,24317.02499760247,0.0350800716507192,0.6416107963575438,304525.0,1.1923487398407355,0,8,0.0036499966475616,0,200.73939732142858,0.008069293206183391,0.009973019276634965,0.006329579108382019,0.006133799652983268,26277.349609375,21743.650390625,-0.0532930608087422,0.1441017847433729,0.021082875514770283,-0.009338369839081428,0.00782083969996572,2796700.0,1.2519500867326954,83.80078125,24.099609375,61.25,0.974713010188168,191.7905482700893,1.0405429117979814,0.5521005236400508
2025-08-19,24980.650390625,25012.650390625,24873.94921875,24891.349609375,252300,24747.86513671875,25015.5881640625,-0.0107172160515174,55.12484004969343,-83.13389076478416,-122.15462614878336,39.02073538399921,25169.583891755294,24326.146381682203,0.0337636329272525,0.775995851650087,301880.0,0.8357625546574798,1,8,-0.0107523064922201,-1,192.89299665178572,0.007721696338385834,0.004168564680625764,0.0061655053444467,0.006104197658592312,26277.349609375,21743.650390625,-0.049346651699126276,0.14887104703429493,0.016091063341496348,0.0004906201361862816,0.006738328492785994,3049000.0,1.3636719405154583,32.0,17.400390625,89.30078125,0.16348803639202777,193.17984095982143,0.9884465035576423,1.0760299224202872
2025-08-20,25050.55078125,25088.69921875,24929.69921875,24965.80078125,287100,24747.34765625,25014.5141796875,-0.0106650957805474,56.986831551326105,-51.19288394178875,-107.96227770738444,56.769393765595694,25167.551348581303,24327.143963918697,0.0335484593533024,0.8607811289303766,292050.0,0.9830508474576272,2,8,-0.0219416489251966,-1,194.93931361607142,0.0077818374261846915,0.0027981813736617234,0.0060158304355403935,0.006135312392039681,26277.349609375,21743.650390625,-0.04668655120710171,0.15208579659884544,0.02299755717804164,-0.0016001322701281184,0.01791373224765458,3336100.0,1.4655060698510596,38.1484375,36.1015625,84.75,0.024151917403844814,194.96752232142856,0.987111164135697,1.4065837868673257
2025-08-21,25083.75,25153.650390625,25054.900390625,25142.0,226500,24740.54013671875,25013.361171875,-0.0108764054479991,57.88072452069734,-22.936113180847315,-90.95704480207702,68.0209316212297,25133.424170223843,24347.65610321366,0.0313257813130087,0.9367826559650718,289800.0,0.7815734989648033,3,8,-0.0261882848706832,-1,179.02859933035714,0.00713723423851526,0.0013252889742787488,0.005791813213416878,0.0059622266353701395,26277.349609375,21743.650390625,-0.04542313540438485,0.153612643202501,0.018863227420441664,0.0009117633053419283,0.009278486057123114,3562600.0,1.5391162156732716,11.650390625,28.849609375,58.25,-0.29526555793484527,196.15663364955358,0.8997433769808871,1.7028922884261437
2025-08-22,24870.099609375,25084.849609375,24859.150390625,25064.150390625,210200,24730.94013671875,25012.9991796875,-0.0113412912452681,50.59383482021025,-17.57957336750769,-76.28155051516316,58.70197714765547,25100.62413188656,24361.256141550937,0.0297291929645876,0.6882140888910833,283375.0,0.7417732686369651,4,8,-0.0098531502476422,0,177.35714285714286,0.007131340269754551,-0.008517482060098724,0.006697849077137167,0.0061018102811937,26277.349609375,21743.650390625,-0.05355372672356324,0.1437867682097207,0.00969493370430441,-0.013870030247226217,-0.005241790045754979,3352400.0,1.420857668410033,20.69921875,10.94921875,194.05078125,0.05024457998645525,196.94448939732143,0.8951447024985696,0.7337936068856964
2025-08-25,24967.75,25021.55078125,24894.349609375,24949.150390625,213000,24737.47763671875,25017.9821875,-0.0112346747616925,53.476758720416846,-5.392742371386703,-62.10378888640787,56.71104651502117,25118.871585291407,24356.083688146096,0.030550926581102,0.8018825602018984,280120.0,0.7603884049692988,0,8,-0.0155460700553714,-1,173.42508370535714,0.006945963641311577,0.003926417350905487,0.005591458284958913,0.0058187235655584885,26277.349609375,21743.650390625,-0.04983758365447072,0.14827775242215557,0.003649996647561604,-0.0037646330852386667,0.005701669434083012,3565400.0,1.468034207741622,53.80078125,54.80078125,18.599609375,-0.05376456998555839,197.10199497767857,0.8713820831209126,1.176954892227272
2025-08-26,24712.05078125,24919.650390625,24689.599609375,24899.5,750500,24739.03515625,25013.293203125,-0.0110981500201144,45.92062070464328,-16.180858130872366,-52.91920273530077,36.738344604428406,25119.746002667824,24358.324309832176,0.030811756562647,0.4645605381959815,304540.0,2.464372496223813,1,8,0.0001213982613808,0,179.65736607142858,0.00727003062844714,-0.010241179872034878,0.006337469798049626,0.006113387096723581,26277.349609375,21743.650390625,-0.05956836786791262,0.13651803341654428,-0.010752306492220143,-0.0050307693662681174,-0.0016320985912536834,2814900.0,1.1380046411216314,20.150390625,22.451171875,187.44921875,-0.012274157584280281,197.1471888950893,0.9118798054845748,0.1381684583575978
2025-08-28,24500.900390625,24702.650390625,24481.599609375,24695.80078125,326600,24723.0251953125,25006.243203125,-0.0115594938674526,40.79455491107537,-41.29259413895488,-50.5938810160316,9.30128687707672,25115.33908954748,24330.71130107752,0.0320244471003273,0.2169042341456593,306635.0,1.0651099841831493,3,8,0.0095261964623269,0,186.00376674107142,0.007591711478988899,-0.008544430103923584,0.0068434115553496965,0.00625349747010878,26277.349609375,21743.650390625,-0.06760382021618398,0.12680713451816797,-0.021941648925196677,-0.007293088872412978,-0.013397140325335788,2488300.0,1.0001909298282636,6.849609375,19.30078125,194.900390625,-0.0638847969211766,197.06612723214286,0.9520334740616241,1.103710483865917
2025-08-29,24426.849609375,24572.44921875,24404.69921875,24466.69921875,325500,24701.61513671875,24998.5391796875,-0.0121556421608619,39.14424033865326,-66.4036451380016,-53.75583384042561,-12.647811297575984,25109.21110535255,24294.019168084946,0.0333727824219598,0.1629437623429899,310715.0,1.0475837986579342,4,8,0.0128608639938745,1,177.26813616071428,0.007257101877463516,-0.0030223697933294824,0.0066315566655764,0.0062567150201952495,26277.349609375,21743.650390625,-0.07042186626537841,0.12340150667189209,-0.026188284870683254,-0.015883663745948295,-0.013084463049418238,2162800.0,0.8743390307401239,105.75,22.150390625,39.849609375,2.097877763021413,196.73846261160713,0.910863772782061,1.314087132429557
2025-09-01,24625.05078125,24635.599609375,24432.69921875,24432.69921875,229300,24694.4501953125,24995.1751953125,-0.0122121575574161,45.49940798875656,-69.5098891029229,-56.90664489292507,-12.603244209997824,25102.139844730584,24286.760545894416,0.0331117814163864,0.4148869560932472,304865.0,0.7521361914289931,0,9,0.0060141849326769,0,174.04673549107142,0.007067873160431979,0.008114070174605414,0.007205324990505009,0.006531078271288317,26277.349609375,21743.650390625,-0.06287920405547702,0.1325168653312852,-0.009853150247642217,-0.009253652387365308,-0.003703941058715632,2392100.0,0.9613641798302813,10.548828125,0.0,192.3515625,0.054841395556353534,195.79240373883928,0.8911566717357013,0.3318317340075198
2025-09-02,24579.599609375,24756.099609375,24522.349609375,24653.0,271600,24695.1626953125,24984.5191796875,-0.0117722212311641,44.35548649233296,-74.77715504720254,-60.48074692378057,-14.296408123421967,25101.99627157901,24288.329119046,0.0331033525958114,0.3579725314242506,305275.0,0.8896896241094095,1,9,0.0117577179690824,1,172.64313616071428,0.007023838423098877,-0.0018457290617897026,0.006299740815899736,0.006274796124611838,26277.349609375,21743.650390625,-0.06460887514295931,0.13042654603997628,-0.015546070055371453,-0.007620612716503161,0.00151164752470212,2120500.0,0.8473797364151502,103.099609375,57.25,73.400390625,0.6246507543620494,194.41920340401788,0.8919137962172733,0.5537250110079746
2025-09-03,24715.05078125,24737.05078125,24533.19921875,24616.5,340300,24694.777734375,24979.3821875,-0.0115154306436187,48.51013770913215,-67.2465473605589,-61.83390701113625,-5.412640349422659,25101.520726096514,24288.034742653483,0.0329145989074875,0.5249211999808491,309325.0,1.1001373959427787,2,9,0.0104409588476657,1,170.27901785714286,0.0068896891762134085,0.0055107151470170646,0.006439197475196517,0.006230006465772069,26277.349609375,21743.650390625,-0.05945420110282419,0.13665600472982908,0.00012139826138080068,0.00609399720563597,0.0038525911856863715,2460800.0,0.9762541878995737,22.0,83.30078125,98.55078125,-0.6220222759459654,192.83672572544643,0.8820362787741877,0.09716072441555744
2025-09-04,24734.30078125,24980.75,24708.19921875,24980.75,314100,24699.015234375,24973.1812109375,-0.0110844441889511,49.09188171325081,-59.044543647538376,-61.27603433841668,2.231490690878303,25105.55103166551,24292.47943708449,0.0328722288037092,0.5433978349633302,312440.0,1.0053130200998592,3,9,0.0109644991038349,1,180.51116071428572,0.007298009444888913,0.0007788776228048189,0.006335958386922478,0.006192381460010492,26277.349609375,21743.650390625,-0.05872163102684012,0.13754132065673985,0.009526196462326997,0.00046721263815707736,-0.0006706668894068679,2774900.0,1.0809115821415285,0.0,26.1015625,246.44921875,-0.10591051021497341,191.7353236607143,0.939837690514183,0.16919590895880626
2025-09-05,24741.0,24832.349609375,24621.599609375,24818.849609375,210100,24707.3552734375,24963.1062109375,-0.0103371301685461,49.30653634290071,-51.411189457594446,-59.30306536225224,7.8918759046577875,25110.13296153602,24304.577585338982,0.0325595317973015,0.5417658767561497,311690.0,0.6740671821360967,4,9,0.0150761893213693,1,190.08258928571428,0.007682898398840559,0.00027084730671167456,0.006296962760271147,0.006145077249361272,26277.349609375,21743.650390625,-0.0584666883157377,0.13784942065971306,0.012860863993874538,0.0037099750645177565,-0.010480752270699445,2985000.0,1.1326231514243164,13.5,119.400390625,77.849609375,-1.3603201284353224,191.1308803013393,0.9928820997872716,0.16283336454892694
2025-09-08,24773.150390625,24885.5,24751.55078125,24802.599609375,213200,24716.2052734375,24947.58921875,-0.0093401098230955,50.38769492255239,-42.28005527649657,-55.89846334510111,13.618408068604538,25116.59142495483,24315.81912192017,0.0323242014200059,0.5711127457476959,291515.0,0.7313517314717939,0,9,0.0119503907842515,1,187.56821986607142,0.007571431848936484,0.0012994782193525012,0.005802425539395199,0.00614761642321683,26277.349609375,21743.650390625,-0.057243186284409185,0.13932803119876322,0.006014184932676914,0.008095937129182218,-0.01314767991318333,3198200.0,1.1917617817923005,82.900390625,21.599609375,29.44921875,2.0815758057391056,190.17179129464287,0.9837808286970818,0.27724852323864
2025-09-09,24868.599609375,24891.80078125,24814.0,24864.099609375,226900,24741.47021484375,24932.2051953125,-0.0076697113413996,53.554708558654085,-27.03002608587485,-50.12477589325586,23.094749807381007,25112.269745417543,24370.67068426996,0.0298207005137521,0.6714260456782724,287230.0,0.7899592660933746,1,9,0.0148983057276907,1,183.21819196428572,0.00736745111675753,0.003852930178235292,0.005796415492403421,0.00573259823587329,26277.349609375,21743.650390625,-0.05361081010610745,0.14371778255307832,0.011757717969082426,0.011076904898656315,-0.009386872367228682,3425100.0,1.2415720562007917,23.201171875,50.099609375,4.5,-5.9774305542272375,188.92769949776786,0.9646348327755554,0.6683417650269909
2025-09-10,24973.099609375,25035.69921875,24915.05078125,24991.0,244100,24760.87265625,24921.326171875,-0.0064250540835853,56.80569817314366,-6.437780696232949,-41.38737685385128,34.94959615761833,25137.46726638757,24384.27804611243,0.0301600214653526,0.7817710973710854,287380.0,0.8493980096040086,2,9,0.0143014041593347,1,180.47879464285714,0.0072269280732418445,0.0042020862308871365,0.004776739157142148,0.005468674765407222,26277.349609375,21743.650390625,-0.04963400112219389,0.14852378329916538,0.010440958847665716,0.025029401130831186,-0.006694168925958421,3669200.0,1.2947436766034326,44.69921875,58.048828125,17.900390625,-0.7457719584962537,187.16466936383927,0.9559252187391895,1.0985459753532665
2025-09-11,25005.5,25037.30078125,24940.150390625,24945.5,224600,24786.77763671875,24910.60015625,-0.0049518113827457,57.79217192425278,12.353756461707237,-30.63915019073957,42.99290665244681,25155.76316459367,24417.79210884383,0.0295123495131007,0.796383390076199,286760.0,0.783233365880876,3,9,0.0167203059077003,1,180.36453683035714,0.007212994614399118,0.0012974116602184615,0.00339030978332123,0.00535249598167354,26277.349609375,21743.650390625,-0.04840098519377467,0.15001389144765592,0.010964499103834902,0.017101824295220114,0.004713108418130441,3893800.0,1.3279267727061905,31.80078125,5.349609375,60.0,0.4408528645759858,185.0782505580357,0.9659434530669563,1.1555151801142731
2025-09-12,25114.0,25139.44921875,25038.05078125,25074.44921875,225700,24811.51015625,24903.8121484375,-0.0036753202272637,61.00393865631343,35.59095786508624,-17.393128579574416,52.984086444660655,25198.17796694789,24424.84234555211,0.0307930087359948,0.8911495027269598,286245.0,0.7884853883910636,4,9,0.0084833471868279,0,171.48590959821428,0.006828299338942991,0.004339045410009845,0.002936379520525529,0.005312838363978528,26277.349609375,21743.650390625,-0.044271953856409876,0.15500385394478938,0.015076189321369338,0.025588653731283495,0.015996067611979026,4119500.0,1.3595507657477035,25.44921875,36.3984375,39.55078125,-0.2768395061658399,182.89879324776786,0.9262580070493229,1.524981504459511
2025-09-15,25069.19921875,25138.44921875,25048.75,25118.900390625,185400,24833.405078125,24897.0901171875,-0.0025403698980088,59.007309823263896,49.81729598322636,-3.951043667014261,53.76833965024062,25226.317399429747,24440.49275682025,0.0313462203460312,0.8000594888981801,282005.0,0.6574351518590096,0,9,0.0053113140736227,0,168.80719866071428,0.006733649415273638,-0.0017838966811339896,0.0025867151797889917,0.005348710802087828,26277.349609375,21743.650390625,-0.04597687394599213,0.15294344640304025,0.01195039078425153,0.01827219713406647,0.004918494327861733,3934100.0,1.2669923705423711,19.548828125,20.44921875,49.701171875,-0.01811608441037154,181.03986467633928,0.9236243096947362,1.1698472517980718
2025-09-16,25239.099609375,25261.400390625,25070.44921875,25073.599609375,240100,24851.51259765625,24892.652109375,-0.0016299912578288,63.84071075378266,73.94887642783578,11.628940351955748,62.31993607588004,25282.33385441995,24420.691340892547,0.0341391938247808,0.949823454198009,275855.0,0.8703848036105926,1,9,-0.0027576106300221,0,166.01436941964286,0.006577666081161518,0.006777256391098607,0.002675006414195756,0.005105445435663788,26277.349609375,21743.650390625,-0.03951121461768665,0.1607572397437506,0.014898305727690797,0.024675872115843545,0.01551897175790451,4174200.0,1.3151456625744933,22.30078125,3.150390625,165.5,0.1157123300597238,179.30361328125,0.9115539657760982,1.7537346798139077
2025-09-17,25330.25,25346.5,25275.349609375,25276.599609375,268900,24868.992578125,24890.03109375,-0.0008305688110066,66.14689374967335,99.28391931688384,29.15993614494137,70.12398317194247,25345.319506375647,24392.66564987435,0.0376093349454228,0.9841815510714556,276685.0,0.971863310262573,2,9,-0.0107914295901145,-1,155.30719866071428,0.006131293558520515,0.003611475529465391,0.002512147499462999,0.0050872154277545835,26277.349609375,21743.650390625,-0.03604243287295238,0.1649492861107351,0.014301404159334785,0.018221719120941948,0.020884981387415014,4443100.0,1.3697840395850354,16.25,1.25,53.650390625,0.2795878990810314,177.4243233816964,0.8591623383909189,1.8876872015359474
2025-09-18,25423.599609375,25448.94921875,25329.75,25441.05078125,272200,24887.64501953125,24888.0530859375,-1.6050693549269973e-05,68.37168175556903,125.44856370354682,48.41766165666246,77.03090204688436,25417.19275476673,24358.09728429577,0.0416579668789471,1.0060493645633493,275940.0,0.9864463289120824,3,9,-0.0209549398269923,-1,151.83928571428572,0.005972375589894623,0.0036853015416349333,0.0024631048968642546,0.005110219631233429,26277.349609375,21743.650390625,-0.03248995856474835,0.16924247551076557,0.01672030590770035,0.017731692803171883,0.025424242863480995,4715300.0,1.4234395235177095,7.8984375,93.849609375,17.451171875,-4.925237828481061,175.26932198660717,0.8476397476596442,1.972943633886653
2025-09-19,25327.05078125,25428.75,25286.30078125,25410.19921875,380400,24899.81005859375,24885.072109375,0.0005819054632946,63.708256549619215,136.81641488308742,66.09741230194746,70.71900258113996,25457.26221188123,24342.35790530627,0.0440202973573353,0.8832084243792682,283635.0,1.3411602940398752,4,9,-0.026546776737138,-1,147.52134486607142,0.005824655469766883,-0.0037976065391384095,0.003157248325710333,0.0052074269569508365,26277.349609375,21743.650390625,-0.03616418102478496,0.16480215263992748,0.008483347186827972,0.01103768146315387,0.008547585546825553,4334900.0,1.293526993860454,18.55078125,40.75,83.1484375,-0.2669829935136546,173.69395926339286,0.8344467688519983,1.4940214814482171
2025-09-22,25202.349609375,25331.69921875,25151.05078125,25238.099609375,254500,24916.42255859375,24882.0141015625,0.0013652876642282,58.18787074992008,134.21601773876318,79.72113338931061,54.494884349452576,25488.94198741575,24343.90312977175,0.0454338137273542,0.7497094739383481,285850.0,0.8903270946300508,0,9,-0.022515726809016,-1,143.72837611607142,0.005702975252061658,-0.004923635718664832,0.003910425666036522,0.004934917787077433,26277.349609375,21743.650390625,-0.040909757490019884,0.15906709115601186,0.0053113140736227304,0.004728145088952029,0.009228341261384942,4080400.0,1.2045016789048375,93.599609375,51.298828125,35.75,1.183238636330539,172.01252092633928,0.8254603872629763,0.9735467553704009
2025-09-23,25169.5,25261.900390625,25084.650390625,25209.0,299200,24926.51005859375,24882.407109375,0.0017522377964898,56.79181169085924,128.02866062154135,89.38263883575677,38.64602178578458,25509.308653972246,24343.71146321525,0.0463099064644506,0.708468194100949,290160.0,1.0311552247036118,1,9,-0.0221855972754723,-1,141.82826450892858,0.00563492578354471,-0.0013034343973540308,0.003938669695590208,0.004891956195929894,26277.349609375,21743.650390625,-0.042159868702273964,0.1575563232405581,-0.0027576106300221115,0.012038568213540213,0.004997150757636515,3781200.0,1.1126363319370942,52.900390625,84.849609375,39.5,-0.8088409809921813,170.43267996651784,0.8234235047464137,0.8127586461337771
2025-09-24,25056.900390625,25149.849609375,25027.44921875,25108.75,244400,24943.7525390625,24881.8991015625,0.0024685191119307,52.17125828213856,112.73969505965944,94.05405008053732,18.68564497912212,25520.52525136256,24366.979826762446,0.0460370359708061,0.5980870359758244,264855.0,0.9227690623171168,2,9,-0.008803946455306,0,131.10323660714286,0.005232220847882483,-0.00447365300760838,0.004155979676466493,0.004373293085454715,26277.349609375,21743.650390625,-0.04644491308646207,0.15237781791361685,-0.010791429590114587,0.003570621727027934,-0.007441135656918729,3536800.0,1.0297829967011305,41.099609375,29.451171875,51.849609375,0.22465815345933535,168.00497349330357,0.7761327434485104,0.38241366701906027
2025-09-25,24890.849609375,25092.69921875,24878.30078125,25034.5,342500,24963.25,24875.800078125,0.0035133361555509,46.20154475689294,86.2301617697558,92.48927241838102,-6.259110648625224,25504.06632431046,24422.43367568954,0.0434550312904357,0.4330637895247427,265650.0,1.2892904197252024,3,9,0.000136612075456,0,131.36383928571428,0.005277595636439699,-0.006626948212322681,0.00467661417324082,0.004176503336644379,26277.349609375,21743.650390625,-0.05276407326503495,0.1447410697932739,-0.02095493982699237,0.007235288957105235,-0.025760319019335398,3194300.0,0.920597957813252,58.19921875,12.548828125,143.650390625,0.3177881412369617,165.2729771205357,0.7965348099286076,0.26096539108908967
2025-09-26,24654.69921875,24868.599609375,24629.44921875,24818.55078125,291500,24974.64248046875,24864.653046875,0.0044611955156241,39.31214549350087,45.63969670051301,83.11935727480741,-37.4796605742944,25478.08938263939,24471.195578298102,0.0408398332264195,0.1822472634757576,263950.0,1.1043758287554462,4,9,0.0171549921628466,1,138.87820870535714,0.005632930561154025,-0.009487437927231501,0.005125865151064994,0.004704572308632991,26277.349609375,21743.650390625,-0.061750915322376546,0.1338804099508576,-0.02654677673713801,0.0062772724950079795,-0.03834578366873742,2902800.0,0.82776084247507,50.048828125,25.25,163.8515625,0.15134935393032126,163.35348074776783,0.8607140950063525,1.2388282301598275
2025-09-29,24634.900390625,24791.30078125,24606.19921875,24728.55078125,394400,24975.1349609375,24855.1220703125,0.0048716612903647,38.789894877388086,11.738546078457148,68.84319503553736,-57.104648957080215,25477.230449312883,24473.039472562115,0.0407629404149293,0.1611853938248015,272205.0,1.448907992138278,0,9,0.0192166553596115,1,146.54255022321428,0.005948574903878327,-0.0008030448049409777,0.0051362672965398195,0.004351809859546264,26277.349609375,21743.650390625,-0.06250437137556755,0.13296985317822219,-0.022515726809016035,0.00851729897948661,-0.034571016775700736,2508400.0,0.7141098181559375,62.75,28.701171875,93.650390625,0.3635737971555997,161.978271484375,0.9167845274178621,1.320942514961768
2025-09-30,24611.099609375,24731.80078125,24587.69921875,24691.94921875,303000,24976.7099609375,24847.9760546875,0.0052307254975702,38.13404936736562,-16.854594891290617,51.70363705017177,-68.5582319414624,25474.00731817684,24479.41260369816,0.040412445208251,0.1324026799658422,273775.0,1.1067482421696648,1,9,0.017677015174254,1,148.2177734375,0.006022395414670543,-0.0009661407544825362,0.004210840552273013,0.004336283522031255,26277.349609375,21743.650390625,-0.06341012410953083,0.13187524482946664,-0.022185597275472313,-0.0005665438824443703,-0.03643835373417437,2205400.0,0.6270917037024399,39.8515625,23.400390625,80.849609375,0.20347868099760402,160.75700334821428,0.9353799844385003,1.4331581920291672
2025-10-01,24836.30078125,24867.94921875,24605.94921875,24620.55078125,308900,24982.7724609375,24842.8880859375,0.0056322548286098,47.226178718824734,-21.0997874115601,37.1429521578254,-58.2427395693855,25470.017253805912,24495.527668069088,0.0392365028238226,0.3496939507293443,272205.0,1.134806487757389,2,10,0.013911089378529,1,159.99274553571428,0.006441891123194148,0.009150390492475902,0.005322785509639,0.00464209450728196,26277.349609375,21743.650390625,-0.05483996101383358,0.14223234530842294,-0.008803946455306022,0.01044366775515293,-0.024244289560709897,2514300.0,0.7143821147335806,31.6484375,14.6015625,215.75,0.0790121668594252,160.24268973214288,1.0040263038494501,0.5860008604082184
2025-10-03,24894.25,24904.80078125,24747.55078125,24759.55078125,365900,24990.769921875,24839.555078125,0.00607428798819,49.29135689589164,-19.562609828732093,25.801839760513904,-45.36444958924599,25466.5548110301,24514.9850327199,0.0382244806857085,0.3985676888074368,274795.0,1.3315380556414782,4,10,0.0157104395342297,1,163.98214285714286,0.006587149356061856,0.0023332467769816567,0.005178831796682801,0.004664286226300214,26134.69921875,21743.650390625,-0.04746368834656631,0.14489745524667808,0.00013661207545601073,0.0072506109874534985,-0.02011591146471181,2880200.0,0.8171220576428233,10.55078125,12.0,134.69921875,-0.010758924687447314,159.4162388392857,1.0323851966446869,0.39545595084467416
2025-10-06,25077.650390625,25095.94921875,24881.650390625,24916.55078125,268800,25007.60244140625,24836.710078125,0.0068145284992542,55.25874763461642,-3.505102101975353,19.94045138801605,-23.445553489991408,25470.49612929645,24544.70875351604,0.0369168307779948,0.5756631069414859,277730.0,0.96784646959277,0,10,0.0059694276145569,0,172.88211495535714,0.006893872123681379,0.007367178791287232,0.0059201715463885266,0.004922120622762,25907.599609375,21743.650390625,-0.032034971640123394,0.15333211949717002,0.01715499216284666,0.013881516700697594,-0.015056345366442847,3149000.0,0.8913079781829092,18.298828125,34.900390625,161.099609375,-0.103051537892017,158.55621512276787,1.0871791130269075,0.29498909713889904
2025-10-07,25108.30078125,25220.900390625,25076.30078125,25085.30078125,288000,25024.3599609375,24837.6341015625,0.0074368178476833,56.1867067151653,11.560555934396689,18.264472297292183,-6.703916362895495,25476.224749067293,24572.49517280771,0.0359932591270555,0.5928826747708298,281470.0,1.0231996305112443,1,10,0.0014815506263881,0,169.5712890625,0.006753594778868106,0.0012222193924698033,0.0057819111444041655,0.004921645350368771,25669.349609375,21743.650390625,-0.021856760559297257,0.15474174437957777,0.01921665535961159,0.014845834091184784,-0.01386417775874016,3437000.0,0.9695482305815315,112.599609375,9.0,23.0,4.504330842195464,157.6563685825893,1.071969912941275,0.3621233316744591
2025-10-08,25046.150390625,25192.5,25008.5,25079.75,227400,25033.2375,24841.817109375,0.0076427070683345,53.75220810365313,18.27452402204653,18.26648264224305,0.0080413798034797,25479.454096613987,24587.02090338601,0.0356315513286233,0.5144693078686307,281495.0,0.8078296239720066,2,10,0.0110755699498168,1,177.63197544642858,0.0070921867303375226,-0.0024752925801897474,0.005814965731043831,0.00491057594207201,25669.349609375,21743.650390625,-0.024277951262247573,0.15188342070767966,0.017677015174254018,0.011019995264845761,-0.01866390868351453,3209600.0,0.9081610276797273,112.75,37.650390625,33.599609375,2.235133406897379,157.37705775669642,1.1281777930702939,0.056411747242849725
2025-10-09,25181.80078125,25199.25,25024.30078125,25074.30078125,286300,25043.67255859375,24851.8351171875,0.0076180986051278,58.02693619124629,34.14761252778408,21.44270861935126,12.704903908432817,25493.52207324474,24593.82304394276,0.0357281449852421,0.6535271442533567,283605.0,1.0095026533382698,3,10,0.0160234767761502,1,181.61411830357142,0.007212117984778858,0.005416017571936882,0.005899882261173904,0.004967641753664241,25669.349609375,21743.650390625,-0.018993423500957604,0.15812204155505527,0.013911089378529029,0.012594242409891487,-0.011551957820760794,3495900.0,0.991601215143341,17.44921875,50.0,107.5,-0.30279796511346235,157.43382393973215,1.1473908139779045,0.598559000552709
2025-10-10,25285.349609375,25330.75,25156.849609375,25167.650390625,232900,25057.6650390625,24861.1201171875,0.007773075117068,60.99102273468494,54.4549517769774,28.04515725087649,26.409794526100907,25519.153455300657,24596.176622824343,0.0365024350754518,0.7466850329294079,284020.0,0.8200126751637209,4,10,0.0167883777190334,1,183.86063058035714,0.007271429243445679,0.0041120501676790155,0.005413140225282259,0.005033009470182021,25669.349609375,21743.650390625,-0.014959475243570445,0.16288429749022457,0.015710439534229792,0.01250345391177543,-0.0027568409155894757,3728800.0,1.0601434070839233,45.400390625,10.80078125,117.69921875,0.29396634694914686,157.60862862723212,1.156289293795529,0.9617553135612285
2025-10-13,25227.349609375,25267.30078125,25152.30078125,25177.30078125,234300,25063.33251953125,24868.56609375,0.0077204474031973,58.49908729206813,65.11791042774712,35.45970788625061,29.658202541496507,25530.20179684365,24596.463242218848,0.0370129470230914,0.6756563323120522,284450.0,0.8236948497099666,0,10,0.0244100466670171,1,179.17145647321428,0.007102270323578918,-0.0022938183927065925,0.0040955628182042444,0.004989835259933636,25669.349609375,21743.650390625,-0.017218979316818064,0.16021685210005185,0.005969427614556988,0.008872032527843965,0.0030815293611581307,3494500.0,1.0024354491237835,39.951171875,25.0,50.048828125,0.2987317073111044,157.99290597098212,1.1269351305542743,0.6848344585629565
2025-10-14,25145.5,25310.349609375,25060.55078125,25277.55078125,292100,25067.14755859375,24876.1091015625,0.0075973218679784,55.07905169510301,66.20068229313256,41.607902767627,24.59277952550556,25535.39121241448,24598.90390477303,0.0372427395614103,0.5836663142862878,289785.0,1.0079886812636956,1,10,0.0287566208417013,1,184.353515625,0.007331471461096419,-0.003244479132464395,0.004365390175757595,0.0050314835326747305,25669.349609375,21743.650390625,-0.02040759183020667,0.15645255273427974,0.0014815506263881062,0.001254280481006509,0.002519673904765707,3202400.0,0.9283866151604978,32.798828125,84.94921875,132.05078125,-0.39492678597541486,158.77022181919642,1.1578116716916704,0.3261913435743352
2025-10-15,25323.55078125,25365.150390625,25159.349609375,25181.94921875,289900,25071.3701171875,24891.273125,0.0071118380571198,60.4902973842534,80.49806522421204,49.385935258944016,31.112129965268025,25547.20183145547,24595.53840291953,0.0375801733633881,0.7649893402444395,292275.0,0.9918740911812506,2,10,0.0224237751759301,1,190.31068638392858,0.007515165942875513,0.007080820872521931,0.004485173615320276,0.0050528957739270465,25669.349609375,21743.650390625,-0.013471273459873982,0.16464118610776188,0.011075569949816844,0.010145978747887696,0.005070289335477929,3492300.0,1.022536621644175,41.599609375,22.599609375,141.6015625,0.13417931034388,159.98503766741072,1.1781002686237356,1.0331186411707325
2025-10-16,25585.30078125,25625.400390625,25376.849609375,25394.900390625,372800,25084.12265625,24908.524140625,0.0068632578184771,66.81839556675563,111.66270352948412,61.84128891305204,49.821414616432094,25599.08527435036,24569.16003814965,0.0402545682384737,0.986616025497926,297470.0,1.2532356203986956,3,10,0.0082019598350309,0,192.75013950892858,0.007533628045138485,0.010336228211479837,0.004681158323550931,0.0054974993437971915,25669.349609375,21743.650390625,-0.003274287405174596,0.17667918319186035,0.016023476776150236,0.013716859049377694,0.014804428375877476,3865100.0,1.1413494446954462,40.099609375,18.05078125,190.400390625,0.11580243114264462,161.8571847098214,1.1681544281059544,1.897178530165177
2025-10-17,25709.849609375,25781.5,25508.599609375,25546.849609375,422100,25098.43515625,24929.7301171875,0.0065618835436899,69.33518796509603,144.74245255321875,78.42152164108538,66.32093091213338,25663.789055191697,24533.081257308306,0.0439795570593724,1.0407360365511984,304965.0,1.3840932566032167,4,10,0.0099650980370409,0,195.16085379464286,0.007590898303951113,0.004867983737610659,0.004710454457622221,0.005539590801290087,25781.5,21743.650390625,-0.002779139717433043,0.1824072383200232,0.01678837771903341,0.014986019063175426,0.023829783196192,4287200.0,1.2740469981649467,71.650390625,38.25,163.0,0.20491037193125825,164.02326311383928,1.1624479336528875,2.1081771772353135
2025-10-20,25843.150390625,25926.19921875,25788.5,25824.599609375,301100,25124.24013671875,24955.109140625,0.0065445192841156,71.80048567853984,179.64382875354568,98.66598306357744,80.97784568996823,25770.32726570664,24478.153007730863,0.0500006476936545,1.0563570466358354,301000.0,1.0003322259136214,0,10,0.0036005218682144,0,191.77497209821428,0.007420727318438064,0.005184813729964155,0.004545608547933829,0.005530580835176874,25926.19921875,21743.650390625,-0.003203278175265217,0.1885377996036738,0.024410046667017182,0.016502414594953274,0.035034282786030824,4588300.0,1.3584115794943001,83.048828125,36.099609375,18.55078125,2.530848599568773,166.23594447544644,1.1226684415881991,2.16907908633685
2025-10-21,25868.599609375,25934.349609375,25825.80078125,25901.19921875,42500,25157.55263671875,24980.558125,0.0068420600415727,72.25902567129566,206.97112580504108,120.32701161187018,86.6441141931709,25880.45212806017,24434.653145377328,0.0558901140577734,0.9918020977832094,290400.0,0.1463498622589531,1,10,0.007163154714523,0,189.23549107142858,0.007315258418660129,0.0009847568259027106,0.004556654294402459,0.00535106961739777,25934.349609375,21743.650390625,-0.002535247692359019,0.189708220314677,0.028756620841701386,0.021382230122344748,0.031003535766101153,4630800.0,1.3599141317068086,33.150390625,42.798828125,32.599609375,-0.29596788687606884,168.51130022321428,1.0933774430656467,1.9173975621746802
2025-10-23,25891.400390625,26104.19921875,25862.44921875,26057.19921875,448400,25193.64765625,25011.1201171875,0.0070497360632756,72.68753127418799,227.84162170515992,141.82993363052813,86.01168807463179,25984.24883897528,24403.04647352473,0.0610705617152745,0.9412798447693844,297860.0,1.5054052239307056,3,10,-0.0005233699624415,0,187.7890625,0.007252951160107833,0.0008814076368377499,0.004219946070101172,0.005316906029065298,26104.19921875,21743.650390625,-0.008151900249525825,0.19075683822567094,0.022423775175930194,0.027340735761941737,0.03313927221508295,5079200.0,1.463697888974861,47.0,28.951171875,165.798828125,0.10885980515666652,170.80934012276788,1.071112842835756,1.7204255581900063
2025-10-24,25795.150390625,25944.150390625,25718.19921875,25935.099609375,284900,25230.56015625,25035.322109375,0.0075687888583103,67.91820855540553,233.91860143653685,160.24766719172987,73.67093424480697,26060.151166605418,24400.969145894585,0.0643214711131843,0.8402822760417299,299885.0,0.9500308451573104,4,10,-0.0028319579511562,0,192.6962890625,0.007470252591841202,-0.0037174505259611745,0.004682018363116655,0.005275251997661083,26104.19921875,21743.650390625,-0.011839046489616808,0.18633025859111707,0.008201959835030914,0.024857481897733402,0.022809368438815758,4794300.0,1.3570092188203193,9.05078125,76.951171875,139.94921875,-0.4851787757801601,173.88899274553572,1.0852691267013719,1.3266645455045067
2025-10-27,25966.05078125,26005.94921875,25827.0,25843.19921875,266300,25284.32021484375,25064.8951171875,0.0084504609308818,71.494643054077,249.6471084390469,178.12755544119327,71.5195529978536,26157.114182297377,24411.52624739012,0.0672257768273233,0.8905449578181646,296075.0,0.8994342649666469,0,10,-0.0078063920302184,0,190.17131696428572,0.007323844452372704,0.006625291500029773,0.004847511755705376,0.0050318745002329935,26104.19921875,21743.650390625,-0.005292192123663054,0.19419004236958903,0.009965098037040931,0.03628343396237299,0.036068453400323275,5060600.0,1.3955251971359277,39.8984375,16.19921875,122.8515625,0.19290937996663324,176.8293666294643,1.0484156641107343,1.5226245545018908
2025-10-28,25936.19921875,26041.69921875,25810.05078125,25939.94921875,395200,25348.39521484375,25091.232109375,0.0099152193927797,70.02618737966469,256.7437102679214,193.8507864065389,62.89292386138251,26215.02755587757,24481.762873809927,0.0668280139063174,0.8391311263580631,301260.0,1.311823673902941,1,10,-0.0130531395625714,-1,196.38909040178572,0.007572007322484267,-0.001149638146805021,0.004729379670705518,0.004312843339894567,26104.19921875,21743.650390625,-0.006435746164522441,0.1928171559423463,0.003600521868214468,0.041997345441405765,0.044256521268671634,4665400.0,1.2560187484772247,101.75,126.1484375,3.75,-6.506249998265,179.70491071428575,1.0691023146816565,1.3221765378138286
2025-10-29,26053.900390625,26097.849609375,25960.30078125,25982.0,321900,25419.34521484375,25119.6841015625,0.0115015835935673,72.43062066172783,268.7671389698262,208.8340569191964,59.93308205062982,26272.95434219606,24565.73608749144,0.065526398316888,0.8716895446921287,297635.0,1.081526030204781,2,10,-0.0208875125687829,-1,193.07114955357142,0.0074104508982864,0.0045381040946781415,0.004242190167381229,0.004259612680815146,26104.19921875,21743.650390625,-0.0019268481558657273,0.19823028436193074,0.007163154714523001,0.056751905973807304,0.055630061232349926,4987300.0,1.2993241940610363,43.94921875,21.69921875,71.900390625,0.3094558987271224,182.03134068080357,1.0356042772275689,1.449112620891538
2025-10-30,25877.849609375,26032.05078125,25845.25,25984.400390625,257400,25482.68271484375,25139.702109375,0.0132538294582443,64.14245920648966,261.0803938477329,219.2833243049037,41.797069542829234,26272.61628855937,24692.749141128133,0.0610509440034338,0.7501266610763854,295355.0,0.8714936263140965,3,10,-0.0148987969999379,-1,193.91768973214286,0.007493578201408612,-0.0067571756478100875,0.00513110296574441,0.004703680543577302,26104.19921875,21743.650390625,-0.008671003752239934,0.19013363186397178,-0.0005233699624415111,0.050454810006985706,0.04257466496773832,4729900.0,1.193031840498612,47.650390625,32.599609375,106.55078125,0.14125453678791064,184.31633649553572,1.0365655326848051,0.9751732502657845
2025-10-31,25722.099609375,25953.75,25711.19921875,25863.80078125,334400,25526.97265625,25154.53109375,0.0144794386211091,57.837002412913726,239.65823862275647,223.35830716847423,16.299931454282216,26264.57066621624,24789.374646283763,0.0573513065548819,0.6322718814913367,296630.0,1.127330344199845,4,10,-0.0057440878561153,0,198.8212890625,0.007729590199939786,-0.006018660837397216,0.004840582214660275,0.004800790996376126,26104.19921875,21743.650390625,-0.014637476758932613,0.1829706211826028,-0.0028319579511562054,0.04514223328634981,0.03488421068843994,4395500.0,1.082991574815857,89.94921875,10.900390625,141.701171875,0.5578558531200725,186.257763671875,1.059773860306307,0.5156907305986076
2025-11-03,25763.349609375,25803.099609375,25645.5,25696.849609375,23300,25570.42763671875,25168.7870703125,0.0155896097555612,58.98693853744321,223.43394904622983,223.37343554402537,0.0605135022044578,26254.24391602431,24886.61135741319,0.0530844233900957,0.6410627229086815,279500.0,0.0833631484794275,0,11,-0.0026549494402742,0,201.86411830357142,0.00783532115832156,0.0016036793506921665,0.004621703289393771,0.004799014863379099,26104.19921875,21743.650390625,-0.013057271227465049,0.18486772674026875,-0.00780639203021849,0.03732636499654851,0.04017223657176516,4418800.0,1.0684798680721879,39.75,51.349609375,66.5,-0.1744302161627905,188.1518624441964,1.065156106088088,0.5499637399636365
2025-11-04,25597.650390625,25787.400390625,25578.400390625,25744.75,305100,25596.42763671875,25179.065078125,0.0163047214187519,52.7618767800577,194.95818393304216,217.6903852218288,-22.73220128878657,26241.78260621677,24951.07266722073,0.0504229848950804,0.5009473498803322,281315.0,1.0845493485949913,1,11,0.0108662469554967,1,198.94991629464286,0.0077721944498275975,-0.006431586779760301,0.004693774153340324,0.004935607049363499,26104.19921875,21743.650390625,-0.019404879034219082,0.17724714713320133,-0.01305313956257148,0.02825553654458357,0.0420226374818633,4113700.0,0.9832378466620297,42.650390625,19.25,147.099609375,0.1590785368109746,189.45525251116072,1.0503040769198322,0.0036934497824690576
2025-11-06,25509.69921875,25679.150390625,25491.55078125,25593.349609375,371900,25616.49755859375,25191.8570703125,0.0166462365800507,49.76012274075014,163.41031796620518,206.834371770704,-43.42405380449884,26223.72291041152,25009.27220677598,0.0476074097629071,0.4120603746829396,285510.0,1.3025813456621484,3,11,0.0144827725606206,1,197.64983258928572,0.00774802677579241,-0.0034359080045569534,0.004700092103035024,0.005035367471024474,26104.19921875,21743.650390625,-0.022774113659574945,0.17320223423702447,-0.020887512568782962,0.017228441317074683,0.031830974254482225,3741800.0,0.8911020773647498,85.80078125,18.1484375,83.650390625,0.8087510798661168,190.8591796875,1.0400498659357043,0.3428517770897874
2025-11-07,25492.30078125,25551.25,25318.44921875,25433.80078125,305600,25638.805078125,25202.3480859375,0.0171211298631984,49.16424448426641,135.44319357092536,192.55613613074829,-57.112942559822926,26190.853912629864,25086.756243620133,0.0433110247083626,0.3673085715266487,289420.0,1.0559049132748255,4,11,0.0163873007613051,1,196.52483258928572,0.007709183814974948,-0.0006820322478444663,0.004641924708340251,0.004989633786359166,26104.19921875,21743.650390625,-0.023440613227487497,0.17240207248003167,-0.014898796999937902,0.015293747010022951,0.034189264034825584,3436200.0,0.8161219836595098,58.94921875,115.3515625,58.5,-0.9641426281886472,191.80382254464286,1.0305681236618616,0.5173264258591277
2025-11-10,25574.349609375,25653.44921875,25503.5,25503.5,243600,25658.43251953125,25219.5940625,0.0171593203242353,52.07866251233541,118.53332235871494,177.7515733763416,-59.21825101762667,26170.562664974244,25146.302374088253,0.0400502967438327,0.4179086498769602,287285.0,0.8479384583253563,0,11,0.0171695318192584,1,187.74260602678572,0.007341051048976173,0.0032185728871263475,0.0047964601700307375,0.00490837363358032,26104.19921875,21743.650390625,-0.020297485662552794,0.17617553400332658,-0.005744087856115354,0.02108903805623208,0.04069920576951658,3679800.0,0.872074215653398,79.099609375,0.0,70.849609375,1.1164438318243524,192.11024693080358,0.9805109271250627,0.32005100285454285
2025-11-11,25694.94921875,25715.80078125,25449.25,25617.0,297700,25678.9125,25243.4750390625,0.0169464223194398,56.065650816614166,113.55452232938842,164.912163166951,-51.35764083756257,26161.642331029416,25196.18266897058,0.0375739081575737,0.5166104492815404,290525.0,1.0246966698218742,1,11,0.0083713558127227,0,196.9462890625,0.007664786078611327,0.0047156471705849246,0.004494318744738257,0.004931706398833271,26104.19921875,21743.650390625,-0.015677554272802433,0.18172196283236064,-0.0026549494402742235,0.020377749866168582,0.04467360992164915,3977500.0,0.9398562864629977,20.8515625,167.75,77.94921875,-1.8845402154606643,192.76452985491073,1.021068458044918,0.06475945324876538
2025-11-12,25875.80078125,25934.55078125,25781.150390625,25834.30078125,312600,25711.33505859375,25272.4540625,0.0169610594780807,61.269557892682926,122.78658971576442,156.48704847671368,-33.70045876094926,26153.82165812351,25268.848459064,0.0342008043167801,0.6858426027263089,294440.0,1.0616764026626817,2,11,0.006834555995776,0,200.14997209821428,0.007735025238068999,0.0070384090258497345,0.0051675561428809295,0.005061819197970644,26104.19921875,21743.650390625,-0.008749490286449663,0.19003940536160477,0.010866246955496761,0.023351513069689966,0.06208107897941395,4290100.0,1.0042815574662731,58.75,53.150390625,41.5,0.13493034638229084,193.81345563616074,1.0261007601478722,0.7245478517101912
2025-11-13,25879.150390625,26010.69921875,25808.400390625,25906.099609375,385200,25748.017578125,25297.5360546875,0.0174071218196054,61.36084501925217,128.8876188749964,150.96716255637023,-22.07954368137382,26111.350065294737,25384.685090955263,0.0280791665634709,0.6804584191211328,299095.0,1.287885120112339,3,11,0.0120946783520909,1,197.33203125,0.0076251356119281894,0.00012944949620363744,0.004897414390620037,0.004958187583962829,26104.19921875,21743.650390625,-0.008621173407355588,0.19019345536309137,0.014482772560620694,0.02583706934508001,0.05263766265481773,4675300.0,1.0759057451981437,104.599609375,70.75,26.94921875,1.256051601634795,194.46238141741074,1.0095567590834187,0.7035564395841252
2025-11-14,25910.05078125,25940.19921875,25740.80078125,25767.900390625,518900,25777.342578125,25324.145078125,0.0174911853251928,62.244915756743175,134.66381112795716,147.70649227068762,-13.04268114273046,26090.05204901781,25464.633107232195,0.0241380824401239,0.7121908919901099,310545.0,1.6709333590944953,4,11,0.0061018641263879,0,195.43540736607142,0.0075428415411481825,0.001194026471448284,0.004420066474869204,0.004777816078222244,26104.19921875,21743.650390625,-0.007437440845170534,0.19161457785493952,0.016387300761305124,0.03040507372094403,0.05809724053720555,5194200.0,1.172360090733656,30.1484375,27.099609375,142.150390625,0.021447905359764482,194.71861746651786,0.9984782133224017,0.8272723944259406
2025-11-17,26013.44921875,26024.19921875,25906.349609375,25948.19921875,281800,25798.75,25350.113046875,0.01724634627851,65.12073392769265,145.9029959571635,147.34579300798282,-1.4427970508193084,26114.546391905864,25482.953608094136,0.0242794709190847,0.8399329825370518,305995.0,0.920930080556872,0,11,-0.0020738971712799,0,191.07114955357142,0.007345090916119303,0.0039906690408659795,0.003983991628252601,0.004325397522559782,26104.19921875,21743.650390625,-0.00347645216922864,0.19636991725942982,0.0171695318192584,0.027243353171894524,0.056626175406523815,5476000.0,1.2138959609584812,10.75,41.849609375,65.25,-0.47662236589307855,194.63466796875,0.9735159414205307,1.3253027487197615
2025-11-18,25910.05078125,26029.849609375,25876.5,26021.80078125,280000,25808.76005859375,25373.628046875,0.0167939466963004,60.18387402600536,144.79760448765956,146.83615530391816,-2.0385508162586063,26125.34096916682,25492.17914802068,0.0244369193442234,0.659976042890417,298890.0,0.9367994914517046,1,11,-0.0009745252995904,0,185.47837611607142,0.007158549308992255,-0.003974806902018679,0.004289756476151189,0.004343796591340635,26104.19921875,21743.650390625,-0.007437440845170534,0.19161457785493952,0.008371355812722747,0.012692834951465226,0.05191565038958146,5196000.0,1.1403401927122254,8.048828125,33.55078125,111.75,-0.2282053970896805,194.15054408482143,0.9515180386366936,0.6237014360584255
2025-11-19,26052.650390625,26074.650390625,25856.19921875,25918.099609375,250100,25819.23505859375,25399.8610546875,0.0160971723651257,64.21329191694599,153.6569093037142,148.20030610387738,5.45660319983682,26153.06814602441,25485.401971163086,0.0256275720454754,0.8495988576622606,296340.0,0.8439630154552203,2,11,0.0058593036921852,0,191.25711495535714,0.007341176889403186,0.005503640675154298,0.003749706293116389,0.004362836000557667,26104.19921875,21743.650390625,-0.001974733171970805,0.19817279631472873,0.006834555995776093,0.013333441714299177,0.047260665346732456,5446100.0,1.1840827929578155,22.0,61.900390625,134.55078125,-0.2965452170104249,194.12465122767856,0.9763091590901736,1.362987267523189
2025-11-20,26192.150390625,26246.650390625,26063.19921875,26132.099609375,240400,25835.41259765625,25428.2410546875,0.0155455560882274,67.66114321397333,169.97508932422716,152.55526274794735,17.419826576279803,26206.5237351623,25464.3014601502,0.0283375845030946,0.9806347168210956,306235.0,0.7850180417000017,3,11,0.000893412349731,0,191.01785714285714,0.007292942896785919,0.005354541588221684,0.003408600819977993,0.004500240772010387,26246.650390625,21743.650390625,-0.002076455440556589,0.20458846238247175,0.012094678352090993,0.013504545487867725,0.04849753633534948,5686500.0,1.2223222941354754,54.5,68.900390625,60.05078125,-0.2398035516775262,194.21376953125,0.9700384227406021,1.8738590959295052
2025-11-21,26068.150390625,26179.19921875,26052.19921875,26109.55078125,235600,25844.25009765625,25452.2320703125,0.0150381987777979,61.94786611713221,170.93121225398136,156.23045264915416,14.700759604827198,26228.46035287977,25460.03984243273,0.02947736985296,0.7913772991802258,295595.0,0.7970364857321673,4,11,0.005171016205794,0,182.76422991071428,0.007011016400167868,-0.0047342428227803435,0.0040323685863178195,0.0046562973406088,26246.650390625,21743.650390625,-0.006800867819070662,0.1988856481000335,0.0061018641263879125,0.007714015612104497,0.040621845733494144,5450900.0,1.167017606210506,69.6484375,15.951171875,41.400390625,1.2970231636239056,193.9625279017857,0.9340420894181862,1.1359978447406436
2025-11-24,25959.5,26142.80078125,25912.150390625,26122.80078125,464700,25852.467578125,25471.960078125,0.0146577360889077,57.37622414405274,161.0651097444861,157.19738406822057,3.867725676265536,26239.14801987224,25465.787136377763,0.0297910546618569,0.6383990633084093,304585.0,1.5256824860055485,0,11,0.0083302837111653,0,187.98214285714286,0.00724136223182815,-0.004167936312968079,0.004485049284433411,0.004678050177312408,26246.650390625,21743.650390625,-0.01094045854809598,0.19388876907222108,-0.002073897171279926,0.0026302018565074192,0.03491304131160611,4986200.0,1.0653385722129993,20.0,47.349609375,163.30078125,-0.16747996651015729,193.72682059151785,0.9662030590508317,0.5395788830317685
2025-11-25,25884.80078125,26032.599609375,25857.5,25998.5,260500,25848.405078125,25489.54609375,0.0138636950466679,54.4035808585839,145.54084548781975,154.86607635214042,-9.325230864320671,26231.92118835152,25464.88896789848,0.0296325332744553,0.5474500316342678,304295.0,0.856077161964541,1,11,0.0056944010790598,0,185.56068638392858,0.007168712170206925,-0.002877529180069005,0.004523675530189607,0.004483321807971872,26246.650390625,21743.650390625,-0.013786506239449454,0.19045331930145915,-0.0009745252995904119,0.0034754746247800394,0.04080004454395114,4725700.0,1.0133061157099221,34.099609375,27.30078125,113.69921875,0.05979661249818573,193.4962890625,0.9575004480149405,0.18499427999729903
2025-11-26,26205.30078125,26215.150390625,25842.94921875,25842.94921875,275300,25861.86015625,25511.372109375,0.0133747004012935,63.21062053612769,157.28632681963063,155.35012644563847,1.9362003739921647,26274.526845782937,25449.193466717064,0.031494901964888,0.9161235128872548,298300.0,0.9228964130070398,2,11,-0.008368565699002,0,198.74651227678572,0.007584210306755558,0.012381783530362567,0.005548960694142995,0.005275151466498537,26246.650390625,21743.650390625,-0.0015754242449836418,0.20519325460405152,0.005859303692185236,0.009213954097816224,0.04956597135304541,5001000.0,1.0684927116661413,9.849609375,0.0,362.3515625,0.0271824669583778,193.61416015625,1.0129145697416184,1.6223481208586656
2025-11-27,26215.55078125,26310.44921875,26141.900390625,26261.25,240300,25869.94267578125,25534.299140625,0.0128032227114721,63.45374163541803,165.5138540531625,157.38287196714327,8.13098208601923,26303.1585682425,25436.72678332,0.0330502987388001,0.8988866884652253,294220.0,0.8167357759499694,3,11,-0.0069348449997101,0,194.15708705357142,0.007406179968281928,0.0003911422381892571,0.00554354637376396,0.005190107220599589,26310.44921875,21743.650390625,-0.0036068725665227767,0.2056646565911079,0.0008934123497310598,0.010770720881032148,0.060840761995389014,5241300.0,1.116803835397523,49.19921875,73.650390625,45.69921875,-0.5350457303926002,193.66845703125,0.9891658133739369,1.5551466077392857
2025-11-28,26202.94921875,26280.75,26172.400390625,26237.44921875,202500,25886.19765625,25553.5761328125,0.0126940490805319,62.90336588751481,169.06847178253156,159.71999193022094,9.348479852310618,26343.12793488456,25429.26737761544,0.0348762480757392,0.8466081996651063,291475.0,0.6947422591989021,4,11,-0.000629700109795,0,191.18568638392858,0.007296342285284519,-0.0004806903583736144,0.005572530303178927,0.00492237566027007,26310.44921875,21743.650390625,-0.004085829136029753,0.20508510521525278,0.005171016205794077,0.00572078751704419,0.06946882771607332,5038800.0,1.0701338198221542,43.30078125,30.548828125,34.5,0.3696218296994313,193.5318568638393,0.9757811827576383,1.3513275361427868
2025-12-01,26175.75,26325.80078125,26124.19921875,26325.80078125,213800,25908.88017578125,25570.4861328125,0.0129277687542381,61.66021511635801,167.7569842140001,161.3273903869768,6.429593827023325,26375.902413924672,25441.85793763783,0.0356835802713138,0.7857142577189163,285445.0,0.749005938096656,0,12,-0.0082213200672378,0,186.54645647321428,0.007126690026960613,-0.0010380212747401751,0.005513146211307141,0.004688419501164899,26325.80078125,21743.650390625,-0.005699761329078754,0.20383420123816678,0.008330283711165398,0.011511790783306663,0.07159746011429058,4825000.0,1.0200748618670648,0.0,51.55078125,150.05078125,-0.34355556712342306,192.918115234375,0.9569505357304761,1.1139192445453654
2025-12-02,26032.19921875,26154.599609375,25997.849609375,26087.94921875,254800,25922.32265625,25582.658125,0.0130478615500664,55.43353819450387,153.3663605866495,159.73518442691133,-6.368823840261797,26387.28787851497,25457.357433985027,0.0357223159179017,0.6181556783588706,297020.0,0.8578546899198707,1,12,-0.0073965640208497,0,186.78571428571428,0.007175179965247794,-0.005484113396941881,0.005671770621340912,0.004894576434322702,26325.80078125,21743.650390625,-0.011152616588556407,0.19723223796745978,0.00569440107905983,0.012055765823330233,0.05714296591710699,4570200.0,0.9646625992192274,66.650390625,34.349609375,55.75,0.5793862107519393,192.16419503348214,0.9677507764584755,0.46065563905368684
2025-12-03,25986.0,26066.44921875,25891.0,26004.900390625,265700,25941.74013671875,25595.837109375,0.0133111301217482,53.55898658277614,136.6584829089552,155.11984412332012,-18.461361214364928,26382.66308750844,25500.81718592906,0.0339354229808118,0.5501900198231714,295050.0,0.9005253346890357,2,12,-0.0087739552066496,0,184.86788504464286,0.0071141339584638984,-0.0017746951904364927,0.0054174698263771874,0.004650631869511764,26325.80078125,21743.650390625,-0.012907519283972399,0.19510751567290344,-0.008368565699002017,0.008642136756316088,0.05721819773209735,4304500.0,0.9067536240126981,61.548828125,95.0,18.900390625,-1.7698666941297745,191.46009347098214,0.9637943249812568,0.19567672055112978
2025-12-04,26033.75,26098.25,25938.94921875,25981.849609375,248100,25967.94267578125,25612.4651171875,0.0136544892147212,55.24361167031109,125.82002053573524,149.25987940580313,-23.43985887006789,26362.94653443093,25572.93881713157,0.0303455213827958,0.5832995966719303,288860.0,0.8588935816658589,3,12,-0.0051932287415373,0,182.00376674107142,0.006991069928115289,0.0018375278996383138,0.005119680630719366,0.004548384993809546,26325.80078125,21743.650390625,-0.01109370931113355,0.19730355907601976,-0.006934844999710199,0.017036704647498402,0.05335612013997659,4552600.0,0.9508959948367638,64.5,42.900390625,51.900390625,0.4161743122638362,190.67779017857143,0.9520034768282284,0.3247616151063113
2025-12-05,26186.44921875,26202.599609375,25985.349609375,25999.80078125,249300,26002.65009765625,25632.8041015625,0.0141235641764265,60.21389476078801,128.0756356075908,145.02303064616066,-16.94739503856985,26342.520083551823,25662.780111760672,0.0259576991944538,0.7703962231460796,286045.0,0.8715411910713349,4,12,-0.0053271827285432,0,189.10379464285714,0.007221437051780781,0.005865433091659877,0.005262676573034374,0.004653315821372148,26325.80078125,21743.650390625,-0.005293345629176463,0.2043262629921864,-0.0006297001097950172,0.026529125027965117,0.05870990453066738,4801900.0,0.9888632160758487,16.150390625,14.451171875,186.6484375,0.009103846636760065,190.30673828125,0.9866501323858389,1.0541985514453052
2025-12-08,25960.55078125,26178.69921875,25892.25,26159.80078125,320700,26021.96015625,25650.877109375,0.0142941130179338,51.16208492476368,110.36291581366096,138.09100767966072,-27.72809186599977,26300.682783062137,25743.23752943786,0.0214727822349166,0.3898378368086529,289900.0,1.1062435322525008,0,12,0.0025712089301359,0,198.61090959821428,0.007650489054402534,-0.00862653945989178,0.0058544242150009905,0.005132677811727116,26325.80078125,21743.650390625,-0.013874221834123339,0.19393709496190026,-0.008221320067237858,0.018368291038853846,0.04929270365991667,4481200.0,0.9152684306737063,18.8984375,68.30078125,199.25,-0.24794149937140306,190.85015345982146,1.0430656971507755,0.42949117968101186
2025-12-09,25839.650390625,25923.650390625,25728.0,25867.099609375,276000,26029.19521484375,25669.853125,0.0139066157789085,47.08266078945259,85.58325614390196,127.58945737250896,-42.00620122860701,26279.668881893114,25778.721547794383,0.0193867690361817,0.121627242393127,288815.0,0.9556290358880252,1,12,0.0007913891419142,0,196.98228236607142,0.007623256483281966,-0.004657081109092687,0.005978008293466193,0.005180375035907908,26325.80078125,21743.650390625,-0.018466689566808938,0.1883768330715082,-0.007396564020849761,0.01037370589290565,0.04305064084233701,4205200.0,0.8569038611820635,56.55078125,111.650390625,27.44921875,-2.0073288742686954,190.85195312499997,1.0396471465412302,1.4751685816241777
2025-12-10,25758.0,25947.650390625,25734.55078125,25864.05078125,207900,26023.30517578125,25691.919140625,0.0128653635824307,44.50191867731431,58.68026363319223,113.80761862464564,-55.1273549914534,26292.752176328388,25753.858175234112,0.0209214225131716,0.0076857874785713,283580.0,0.7331264546159814,2,12,0.0023507563184252,0,199.10002790178572,0.007729638477435582,-0.0031598875909956137,0.004071905384280963,0.004979548892903194,26325.80078125,21743.650390625,-0.02156822449459559,0.18462169586325894,-0.008773955206649697,0.002453820037285448,0.035763991724315325,3997300.0,0.8169767995593521,83.599609375,23.44921875,106.05078125,0.5671847950147262,190.79945591517856,1.0541940699799364,1.919394152983795
2025-12-11,25898.55078125,25922.80078125,25693.25,25771.400390625,206100,26024.2751953125,25717.1921484375,0.011857151756048,49.62100861097864,48.14572767883874,100.67524043548426,-52.52951275664552,26291.77198730554,25756.778403319466,0.0206572787992987,0.2649982769405088,274625.0,0.7504779244424215,3,12,-0.0032048125279693,0,206.42508370535714,0.007970526437904182,0.0054565875164998,0.004638370200385325,0.005138943853833888,26325.80078125,21743.650390625,-0.016229325882626138,0.19108568782068114,-0.005193228741537381,0.0008791998436039616,0.037057921777863045,4203400.0,0.8632629590076398,24.25,78.150390625,127.150390625,-0.4239105390052834,191.25410853794642,1.0844928971583063,0.9162053861320348
2025-12-12,26046.94921875,26057.599609375,25938.44921875,25971.19921875,216300,26031.1201171875,25745.909140625,0.0109498803167777,54.40322939801253,51.18155660145203,90.77650366867782,-39.59494706722579,26293.532961421253,25768.707272953747,0.020149219168044,0.530160683652359,259495.0,0.8335420721015819,4,12,-0.0030924476969846,0,198.46079799107142,0.007619349057900748,0.005729990019651465,0.005135462433427538,0.0052899654928702826,26325.80078125,21743.650390625,-0.010592329738307758,0.19791059692444338,-0.005327182728543267,0.006483938830765812,0.041648806012677175,4419700.0,0.9149617791211009,10.650390625,32.75,75.75,-0.29174401814796375,191.40537806919642,1.036171367775993,0.11758799234300502
2025-12-15,26027.30078125,26047.150390625,25904.75,25930.05078125,181600,26031.8126953125,25769.729140625,0.0100695633746355,53.67670636273644,51.4093927191534,82.90308147877295,-31.493688759619545,26294.108420584747,25769.51697004025,0.0201554304441131,0.4913991849127236,254485.0,0.7135980509656757,0,12,0.0055749003938021,0,196.12513950892858,0.0075353622397224,-0.0007543469807149705,0.005133465561278878,0.0052205844460318455,26325.80078125,21743.650390625,-0.01133868642706589,0.19700695668248697,0.0025712089301359597,0.004525270945622717,0.03636620137174473,4238100.0,0.8887551430404859,19.849609375,25.30078125,97.25,-0.05605318123335678,191.6580775669643,1.0234257455413365,0.03353215034126554
2025-12-16,25860.099609375,25980.75,25834.349609375,25951.5,264400,26029.31513671875,25789.0461328125,0.009291108987807,47.82388171816535,37.66404955388498,73.85527509379536,-36.19122553991038,26297.094860248337,25761.53541318916,0.0207098756442925,0.1840396929361749,253705.0,1.0421552590607202,1,12,0.0122602304723937,1,179.99651227678572,0.006960395164585214,-0.006424068837574293,0.0052411879182709354,0.005346906830255631,26325.80078125,21743.650390625,-0.017689914762504998,0.1893173015937034,0.0007913891419142338,-0.005895012540838573,0.03154868983742665,3973700.0,0.8441273594174359,29.25,25.75,91.400390625,0.03829305297306224,191.383984375,0.94660957468626,1.231840053626016
2025-12-17,25818.55078125,25929.150390625,25770.349609375,25902.400390625,206500,26017.61015625,25803.864140625,0.0082787766608584,46.46795154093237,23.15124967877273,63.71447001079083,-40.563220332018105,26300.33505779698,25734.885254703026,0.0219009117856684,0.147962783060826,251525.0,0.8209919491104264,2,12,0.0125316417201839,1,179.30022321428572,0.006944627711037038,-0.001606677033445636,0.005237452346659325,0.0051899858506229924,26325.80078125,21743.650390625,-0.019268169816178134,0.18740645279975324,0.0023507563184252955,-0.0035314481153473354,0.02295847240365756,3767200.0,0.8147904626777867,26.75,48.201171875,83.849609375,-0.2558291211448374,190.7861397879464,0.9470188681693607,1.3724937420865075
2025-12-18,25815.55078125,25902.349609375,25726.30078125,25764.69921875,197600,25998.78017578125,25818.009140625,0.0070024086136308,46.36573132921675,11.277674281707732,53.227110864974215,-41.94943658326648,26282.66014481549,25714.900206747003,0.0219929430473689,0.1772766406263332,249385.0,0.7923491789802916,3,12,0.0087834655135341,0,184.13588169642858,0.007132750459469865,-0.00011619552256891819,0.005171035764269027,0.005009632059778322,26325.80078125,21743.650390625,-0.019382126463686335,0.18726848148646844,-0.0032048125279693362,-0.00910078651576729,0.019158941631053805,3569600.0,0.7901409463938862,86.798828125,38.3984375,50.8515625,0.9517975111197066,190.442041015625,0.9737361876754804,1.258207285629217
2025-12-19,25966.400390625,25993.349609375,25880.44921875,25911.5,382900,25993.69267578125,25836.414140625,0.0060570018481667,52.07467706330196,13.88008206284212,45.3577051045478,-31.47762304170568,26276.06043412088,25711.324917441623,0.0217487024841205,0.451672447809314,256750.0,1.491333982473223,4,12,-0.0009358548310289,0,177.80008370535714,0.0068473134909200085,0.005843362036054733,0.0051678645663894105,0.00511978328791157,26325.80078125,21743.650390625,-0.013652021209587493,0.19420612105779084,-0.0030924476969846904,-0.008618994493892473,0.02135027256525235,3952500.0,0.8896506784641511,26.94921875,31.05078125,54.900390625,-0.07470916788081217,190.19383370535712,0.9358150940471303,0.18841548495577395
2025-12-22,26172.400390625,26180.69921875,26047.80078125,26055.849609375,253000,26004.3376953125,25856.2261328125,0.0056590744558934,58.56141280256768,32.19387639777415,42.72493936319307,-10.531062965418926,26296.62479191441,25712.050598710583,0.0223355207959154,0.7874959197076619,246165.0,1.027765929356326,0,12,-0.0089235522063026,0,176.09640066964286,0.006728324419670765,0.00793332910611566,0.005044222308045438,0.005334627959193533,26325.80078125,21743.650390625,-0.0058269980806910995,0.20368015123668018,0.005574900393802151,0.003999132981735931,0.033377340957551516,4205500.0,0.9549880555530325,8.298828125,8.048828125,116.55078125,0.0021449877668482382,189.59954659598216,0.9227881095292075,1.1208654417422361
2025-12-23,26177.150390625,26233.55078125,26119.05078125,26205.19921875,216600,26018.95517578125,25874.0621484375,0.0055350955005263,58.70022254291742,46.55432635935722,43.4908167624259,3.0635095969313184,26315.083686172387,25722.82666539012,0.0226249615387617,0.7671056809673599,243970.0,0.8878140755010862,1,12,-0.0018164995249838,0,171.74288504464286,0.006560793764097039,0.00018148889399149937,0.0046788193295481196,0.005278606964483964,26325.80078125,21743.650390625,-0.00564656672213645,0.20389860581604777,0.012260230472393774,0.008384228919085412,0.03867896431717566,4422100.0,1.0076471901817006,28.3515625,58.099609375,28.048828125,-1.0605807394650082,188.90865652901783,0.9035781501217828,1.0413696562851882
2025-12-24,26142.099609375,26236.400390625,26123.0,26170.650390625,188800,26015.7951171875,25892.3571484375,0.0047218077581547,57.17815503262558,54.47878379240137,45.688410168420994,8.79037362398038,26305.1739763924,25726.4162579826,0.0221389148942823,0.7182337931225092,239645.0,0.787832001502222,2,12,0.0001702683388675,0,168.46428571428572,0.006444175801926467,-0.0013389838361685946,0.004518281179698722,0.004497122281428326,26325.80078125,21743.650390625,-0.006977989896734207,0.20228660504247423,0.01253164172018395,0.00994015099051393,0.038641991671467535,4233300.0,0.9731377387702277,65.75,19.099609375,28.55078125,1.633944451988194,187.39454520089285,0.8945396525623469,0.8508319602589961
2025-12-26,26042.30078125,26144.19921875,26008.599609375,26121.25,142200,26007.1326171875,25910.2931640625,0.0037185444534426,52.96690356380303,52.10540336908525,46.971808808553845,5.133594560531407,26282.08718345292,25732.178050922084,0.0211159965146688,0.5639526823288891,234740.0,0.6057766039021897,4,12,0.0109917323513173,1,162.63211495535714,0.0062449211504557005,-0.0038175521330050532,0.004565296989711957,0.004570257202870383,26325.80078125,21743.650390625,-0.010768903189524892,0.19769681324891095,0.00878346551353415,-0.006220115592667663,0.0393265078785916,4091100.0,0.9530487613114991,22.94921875,33.701171875,78.94921875,-0.13618821433700143,185.81829659598216,0.8739241514763353,0.24933345698275863
2025-12-29,25942.099609375,26106.80078125,25920.30078125,26063.349609375,234300,25994.09013671875,25922.664140625,0.0027532850913863,49.05993390282125,41.65886763578965,45.90922057400101,-4.250352938211357,26255.04342459731,25733.1368488402,0.0201181316707498,0.4003834598781793,236330.0,0.9914103160834428,0,12,0.0118803480256324,1,155.49288504464286,0.0059938434970949915,-0.003847631310177624,0.004360949072496944,0.004637937558418919,26325.80078125,21743.650390625,-0.0145750997306142,0.1930885174901545,-0.0009358548310289816,-0.010430876473157213,0.042234396032992505,3856800.0,0.9110095676318546,43.451171875,21.798828125,121.25,0.17857603092636226,184.03365652901783,0.8465027080319484,0.3883767719623584
2025-12-30,25938.849609375,25976.75,25878.0,25940.900390625,396900,25982.2451171875,25929.7351171875,0.0020243765930552,48.93385566382872,32.74025567795252,43.27542759479131,-10.535171916838792,26230.329059615506,25734.16117475949,0.0191283689264567,0.4125386605279902,245485.0,1.6167993971118395,1,12,0.0092467327189527,0,148.57142857142858,0.005727757044311281,-0.00012527898855285713,0.00435972215054318,0.004636750760029127,26325.80078125,21743.650390625,-0.01469855276541475,0.1929390485674293,-0.008923552206302698,-0.01007900321334898,0.05208542108874714,3459900.0,0.8306504469076583,35.849609375,60.849609375,2.05078125,-12.190476184531882,182.13490513392856,0.816994322249713,0.3409870755809491
2025-12-31,26129.599609375,26187.94921875,25969.0,25971.05078125,246300,25987.11513671875,25938.1301171875,0.0018746946093148,56.06966955158195,40.59615507648414,42.73957309112988,-2.14341801464574,26242.64274961149,25731.587523826005,0.0195584790209386,0.7788044529576117,245060.0,1.00505998530972,2,12,0.0004267340790402,0,148.9892578125,0.00570193420641028,0.0073538342244390265,0.004397415146825017,0.004788469546939349,26325.80078125,21743.650390625,-0.007452809261351707,0.20171172457045425,-0.0018164995249838611,-0.0017630971653151972,0.06067405165229811,3706200.0,0.8991070063972403,58.349609375,2.05078125,158.548828125,0.3550882639148798,180.24508231026783,0.8219472288671382,1.086979866154527
2026-01-01,26146.55078125,26197.55078125,26113.400390625,26173.30078125,425600,25995.14267578125,25944.198125,0.0019484233774263,56.64939909390267,47.64065800180833,43.71979007326557,3.920867928542762,26259.945039178,25730.34031238451,0.0202552425069111,0.7858888861990634,253055.0,1.681847819643951,3,1,-0.0103149808986815,-1,138.603515625,0.005301024857335837,0.0006487344669803274,0.004303072719983385,0.004766545399530127,26325.80078125,21743.650390625,-0.006808909688614945,0.2024913163855576,0.0001702683388675741,0.004392696964981679,0.062388564356958165,4131800.0,1.004459754634486,24.25,33.150390625,26.75,-0.33272488316513177,177.9318638392857,0.774273562640703,1.1146000716962678
2026-01-02,26328.55078125,26340.0,26118.400390625,26155.099609375,357500,26009.88271484375,25953.3971484375,0.0021454111498789,62.3884323472671,67.1354604874432,48.4029241561011,18.732536331342097,26311.85176046933,25707.913669218167,0.0229385238963194,1.0276502194886818,258525.0,1.382844985978145,4,1,-0.0245076155296598,-1,145.92131696428572,0.005542322407969536,0.006960765170238581,0.0046197819115483315,0.00498511422019062,26340.0,21743.650390625,-0.0004346704157175399,0.21086157605816855,0.01099173235131734,0.013182128117062986,0.0600834243852677,4489300.0,1.0922100387077311,11.44921875,36.69921875,173.451171875,-0.14557411014813548,176.12774135044643,0.8181742657581511,2.0571592701351937
2026-01-05,26250.30078125,26373.19921875,26210.05078125,26333.69921875,338800,26013.07529296875,25960.57515625,0.0019999822918695,58.78506715071018,75.40192442362604,53.8027242096061,21.599200214019945,26323.67078161316,25702.47980432435,0.0236641470307458,0.8818881744171859,263000.0,1.288212927756654,0,1,-0.0175255432341028,-1,147.4033203125,0.005615300241351401,-0.0029720587604740167,0.004641523147032572,0.004882100268722602,26373.19921875,21743.650390625,-0.00465997456283671,0.20726282430332346,0.011880348025632426,0.008318078695923603,0.054472449712283044,4150500.0,1.0178482092934287,39.5,40.25,83.3984375,-0.008992974238768046,174.0427176339286,0.8388926597535912,1.4888741995003838
2026-01-06,26178.69921875,26273.94921875,26124.75,26189.69921875,383000,26023.98271484375,25968.2461328125,0.002129081417129,55.619482117060834,75.30741198703254,58.10366176509139,17.20375022194115,26341.67464462856,25706.290785058944,0.0242710248611028,0.74350084059587,266115.0,1.4392274016872404,1,1,-0.0170519716724609,-1,147.60323660714286,0.00563829529396269,-0.0027276473171363724,0.004088394089647731,0.004487268697546484,26373.19921875,21743.650390625,-0.007374911112858861,0.203969837099534,0.00924673271895271,-0.00029595459603015684,0.04390558170220826,3767500.0,0.9320800042552823,84.25,53.94921875,11.0,2.7546164770223074,171.492333984375,0.8551817882207369,0.9493410464285027
2026-01-07,26140.75,26187.150390625,26067.900390625,26143.099609375,338200,26039.0376953125,25971.7401171875,0.0025744318018803,53.96092150906759,71.34787155110462,60.75250372229404,10.59536782881058,26348.80017065273,25729.27521997227,0.0236995859216151,0.6641778988494037,269225.0,1.256198347107438,2,1,-0.0181766166091256,-1,144.77818080357142,0.0055384096020034395,-0.001449622016468255,0.004114204233468075,0.004351217815143013,26373.19921875,21743.650390625,-0.008813842295808408,0.20222453591651082,0.0004267340790402585,0.006941271018030548,0.04111983633400618,3429300.0,0.8566311287856836,44.05078125,72.849609375,2.349609375,-12.256857850145044,168.88212890625,0.8535267133849177,0.6400832864178329
2026-01-08,25876.849609375,26133.19921875,25858.44921875,26106.5,328500,26044.98017578125,25970.553125,0.0028762021615755,44.11025065354498,46.38070333575888,57.87814364498701,-11.497440309228132,26337.000888469785,25752.95946309272,0.0225700359276145,0.2121256145525981,275255.0,1.193438811284082,3,1,-0.0070526359566537,0,151.82826450892858,0.0058673396028055234,-0.010095364158449915,0.005190723231058946,0.00490658550936465,26373.19921875,21743.650390625,-0.018820227506647004,0.19008764142621018,-0.010314980898681547,0.0014396177265423304,0.03316674242525264,3100800.0,0.7833438383797555,26.69921875,18.400390625,229.650390625,0.03613679080788136,166.51854073660715,0.9173826862367949,1.1223409728349496
2026-01-09,25683.30078125,25940.599609375,25623.0,25840.400390625,348800,26034.21767578125,25963.1411328125,0.002767422442081,38.55165958463047,10.851184076323989,48.47275173125441,-37.62156765493042,26360.847212693123,25707.58813886937,0.0254351681424319,-0.0371787527989653,282390.0,1.2351712171110876,4,1,-0.003807952181964,0,166.44963727678572,0.006480850677818705,-0.007479613285493514,0.005529170980888547,0.005033946242933241,26373.19921875,21743.650390625,-0.02615907276844583,0.181186246092497,-0.024507615529659854,-0.002900039550819189,0.01991517621620642,2752000.0,0.7082114700920906,100.19921875,60.30078125,157.099609375,0.25396904332529335,164.5197684151786,1.0252475426205585,2.0943083319689935
2026-01-12,25790.25,25813.150390625,25473.400390625,25669.05078125,275800,26021.38271484375,25961.389140625,0.0023262114255871,42.8381625999692,-8.577432469686755,37.062714891066186,-45.64014736075294,26364.74773406113,25678.01769562637,0.0266275060705016,0.1634300206663987,285365.0,0.9664815236626776,0,1,-0.0216263898178574,-1,181.22474888392858,0.0070268705764360015,0.004164153963733375,0.005708368218896133,0.00494489423181387,26373.19921875,21743.650390625,-0.02210384921126872,0.18610488748107049,-0.017525543234102825,-0.004181731331793559,0.01996810004310956,3027800.0,0.7933966590239109,22.900390625,195.650390625,121.19921875,-1.4253392206670032,163.65796595982144,1.1168600020387975,1.3121913484782206
2026-01-13,25732.30078125,25899.80078125,25603.30078125,25897.349609375,339500,26006.63271484375,25961.5931640625,0.0017503118420747,41.16263792958842,-28.32426422260687,23.985319068331577,-52.30958329093845,26372.33198280339,25640.933446884108,0.0284233633881747,0.1249214072476288,293260.0,1.1576757825820092,1,1,-0.0223377142268146,-1,194.22474888392858,0.007547896728513746,-0.002246942885392733,0.005729301373365536,0.004960436497116059,26373.19921875,21743.650390625,-0.0243011260099364,0.18343977754281535,-0.017051971672460975,-0.012080049561946304,0.020016021488335367,2688300.0,0.7190351881372433,2.451171875,129.0,165.048828125,-0.7667356961080106,163.56294642857142,1.199553089896501,1.4623255626768592
2026-01-14,25665.599609375,25791.75,25603.94921875,25648.55078125,393100,25996.90771484375,25959.6381640625,0.0014521207900257,39.25922808909005,-48.79353626722877,9.429548001219503,-58.22308426844828,26387.194760095943,25606.62066959156,0.0304132419419206,0.0755584133536027,299695.0,1.3116668613089977,2,1,-0.0146382404645931,-1,199.5390625,0.007774572405747083,-0.00259211846006413,0.004972919068052133,0.004793120678461178,26373.19921875,21743.650390625,-0.026830253072669803,0.18037216144907245,-0.018176616609125618,-0.013896991275237025,0.02068360578930628,2295200.0,0.6279900460622709,126.150390625,44.6015625,17.048828125,4.783251231246532,164.54007393973214,1.2276352287291001,1.6547779425685165
2026-01-16,25694.349609375,25873.5,25662.400390625,25696.05078125,434000,25990.69765625,25961.5721484375,0.0011335374607759,40.535594195614486,-61.98121623076804,-4.852604845178005,-57.128611385590034,26395.80969095832,25585.58562154168,0.0315331612488457,0.1342393936922055,311070.0,1.3951843636480534,4,1,-0.0251300082923447,-1,204.93191964285714,0.007975758202032264,0.0011201764399650926,0.0050006487703200785,0.004794769612287736,26373.19921875,21743.650390625,-0.025740131250074984,0.18169438653471842,-0.00705263595665373,-0.006409488072501857,0.014642450078507396,2729200.0,0.7574935434583194,177.44921875,31.94921875,1.701171875,85.52927664317912,165.8216587611607,1.2492332708211646,1.4259973636441128
2026-01-19,25585.5,25653.30078125,25494.349609375,25653.099609375,443100,25979.1951171875,25963.0881640625,0.0006295344286802,37.3366679778916,-80.29026519814943,-19.940136915772293,-60.350128282377135,26415.41555413152,25542.97468024349,0.0340990355431017,0.048742924625941,323345.0,1.370362925049096,0,1,-0.0160285946874205,-1,202.96414620535714,0.007932780137396461,-0.004236324757381116,0.003989322669858678,0.004877413608493565,26373.19921875,21743.650390625,-0.029867412452183124,0.17668834534938316,-0.0038079521819640583,-0.00902648577081433,7.7864533116756e-06,2286100.0,0.6460172489798687,0.201171875,91.150390625,67.599609375,-1.3454104186331266,166.76307198660714,1.234765390207842,1.7593239641224823
2026-01-20,25232.5,25585.0,25171.349609375,25580.30078125,409800,25942.50009765625,25957.8921484375,-0.0006100089480331,29.26958158683007,-121.87951706491732,-40.328012945601294,-81.55150411931601,26486.908171048643,25398.09202426386,0.0431513384240476,-0.1520844678441305,324690.0,1.262126951861776,1,1,0.0043693649063707,0,225.45703125,0.008935184038442484,-0.013796877137441155,0.005284154018168768,0.005485787083080609,26373.19921875,21743.650390625,-0.043252212569608206,0.16045372081953882,-0.021626389817857472,-0.022585254375958264,-0.01856679897500979,1876300.0,0.546237936505626,4.69921875,61.150390625,347.80078125,-0.16230892774867134,169.14591936383928,1.3685551578585244,2.5422932814066312
2026-01-21,25157.5,25300.94921875,24919.80078125,25141.0,395600,25891.755078125,25949.55515625,-0.0022975286942264,27.89074588403168,-159.05765437289665,-64.07394123106036,-94.98371314183628,26523.224890601072,25260.285265648927,0.0502013167028578,-0.0813857318419488,331820.0,1.192212645410162,2,1,0.0103905551276954,1,237.04268973214286,0.009422346804417881,-0.0029723570791637677,0.005278510168849993,0.005030441312006253,26373.19921875,21743.650390625,-0.04609600862855121,0.15700443798741892,-0.02233771422681463,-0.031151810742202413,-0.02653122317756318,1480700.0,0.44887243801364773,143.44921875,221.19921875,16.5,-4.712121211835629,172.1932338169643,1.4139984614444892,2.266658865306734
2026-01-22,25289.900390625,25435.75,25168.5,25344.150390625,486400,25847.392578125,25941.4541796875,-0.0037193346003595,33.81793778088279,-175.8113472637924,-86.42142243760678,-89.38992482618563,26516.001368478024,25178.783787771976,0.0528755574380101,0.0830953798815259,345310.0,1.4085893834525498,3,1,0.0012159003999636,0,250.12123325892858,0.009890162847444383,0.00526285960946038,0.006009225696697679,0.00526722406984641,26373.19921875,21743.650390625,-0.04107574584105935,0.16309358991206935,-0.014638240464593166,-0.03371872609422988,-0.022370720776870856,1967100.0,0.6193717805010138,91.599609375,121.400390625,54.25,-0.5493231566719019,176.11215122767857,1.4480287592335126,1.6253934374774508
2026-01-23,25048.650390625,25347.94921875,25025.30078125,25344.599609375,393900,25792.7201171875,25924.911171875,-0.0052773723384704,29.120886372822994,-206.17892605564705,-110.37292316121484,-95.80600289443218,26531.170367483563,25054.269866891435,0.0589612804506581,-0.0038049118841665,355565.0,1.1078143236820273,4,1,0.0015869118447546,0,257.33900669642856,0.010273567744501846,-0.009539381186706164,0.005941426552246107,0.005548534820787826,26373.19921875,21743.650390625,-0.05022328983065935,0.15199839680208366,-0.025130008292344796,-0.04311011638624185,-0.03254941746237683,1573200.0,0.5169974580629684,3.349609375,23.349609375,295.94921875,-0.06757916133182028,180.5558872767857,1.4631466903928998,1.9641931464150897
2026-01-27,25175.400390625,25246.650390625,24932.55078125,25063.349609375,618700,25749.37509765625,25910.836171875,-0.0064134461304882,34.28513499287635,-217.5104601398016,-131.8004305569322,-85.71002958286937,26524.97308416444,24973.77711114807,0.0616155433060763,0.1299792437475622,379390.0,1.6307757189172092,1,1,0.0219321393923337,1,268.12123325892856,0.010650127866835179,0.005060152863462841,0.006260005198561468,0.005756736689269361,26373.19921875,21743.650390625,-0.04541727449104567,0.15782768478836628,-0.016028594687420572,-0.036978637263065384,-0.024025833949983144,2191900.0,0.7435222922698308,71.25,130.798828125,112.05078125,-0.5314450060960066,185.8303431919643,1.4706430050833001,1.4426064858007914
2026-01-28,25342.75,25372.099609375,25187.650390625,25258.849609375,574900,25719.4076171875,25899.49015625,-0.0071058799484074,40.4539692253019,-210.55986461296925,-147.55231736813963,-63.00754724482962,26509.09127768601,24929.72395668899,0.0623202817767217,0.2615136059990629,396420.0,1.4502295545128905,2,1,0.017095619062651,1,270.6390904017857,0.010679152436171518,0.006647346488174222,0.00657217407404906,0.006020601856315115,26373.19921875,21743.650390625,-0.03907183236296199,0.16552416658275507,0.004369364906370743,-0.026862095907964623,-0.024004450522760457,2766800.0,0.9562138521061899,29.349609375,71.19921875,83.900390625,-0.49880112670215826,191.5876534598214,1.4284422584080656,0.929791134544582
2026-01-29,25418.900390625,25458.150390625,25159.80078125,25345.0,582400,25693.41015625,25887.5991796875,-0.0076395524768301,43.07270766765674,-196.64002368467845,-157.3698586314474,-39.27016505323104,26486.7113429463,24900.1089695537,0.0624182143605932,0.3269826326819229,405695.0,1.4355611974512874,3,1,0.0088084215754502,0,283.43191964285717,0.011150439841504416,0.0030048195489833507,0.006734055827505249,0.006088957889125495,26373.19921875,21743.650390625,-0.03618441661967738,0.16902635638331556,0.010390555127695489,-0.02016795967281404,-0.019945051461165098,3349200.0,1.159711353342844,39.25,185.19921875,73.900390625,-1.974945159473236,198.33067801339286,1.4392833054765901,0.6745458789316077
2026-01-30,25320.650390625,25370.69921875,25213.650390625,25247.55078125,508400,25652.9626953125,25875.811171875,-0.0088010565733733,40.592273047933766,-191.3308602943107,-164.16205896402008,-27.16880133029062,26435.59958761881,24870.32580300619,0.0618180718293145,0.2876970099708512,418800.0,1.2139446036294177,4,1,0.0147329875958921,1,275.02469308035717,0.01086167570096009,-0.003865234077404689,0.006775120735420443,0.005788786342873682,26373.19921875,21743.650390625,-0.03990978945689272,0.1645077958732385,0.0012159003999636653,-0.023832946644116615,-0.028143578850245654,2840800.0,0.9986325399252642,50.048828125,33.900390625,73.099609375,0.22091003820468896,204.63244977678573,1.3568268635898235,0.8277094330405818
2026-02-02,25088.400390625,25108.099609375,24679.400390625,24796.5,449200,25600.05517578125,25856.526171875,-0.0102226922442448,35.40230173932687,-203.51791621018856,-172.0332304132538,-31.48468579693477,26385.130944204924,24814.979407357576,0.0625847607818823,0.1741366848045867,419980.0,1.0695747416543644,0,2,0.0310462356506417,1,282.9603794642857,0.011278534105746415,-0.00917235522852089,0.007133608977120384,0.006004522035421218,26373.19921875,21743.650390625,-0.04871607791941956,0.1538265167031072,0.0015869118447546793,-0.03984749993553016,-0.030506755030526134,2391600.0,0.8672507324997825,19.69921875,117.099609375,291.900390625,-0.33367680809237127,211.85029296875,1.3581919936675404,1.2704490870905227
2026-02-03,25727.55078125,26341.19921875,25641.30078125,26308.05078125,637300,25570.00517578125,25847.2341796875,-0.0107755692045234,53.15359129471928,-159.76053095242605,-169.57869052108825,9.818159568662196,26284.03725392014,24855.97309764236,0.0555071941522914,0.6103210978135524,433970.0,1.468534691338111,1,2,0.0080691555577958,0,308.68526785714283,0.011998237627893822,0.025475932330218942,0.011259937773765149,0.008411258720286051,26373.19921875,21743.650390625,-0.02448123309366946,0.18322132296344776,0.021932139392333738,-0.01602505827653833,0.0002119256187396168,3028900.0,1.1282248031408073,33.1484375,86.25,580.5,-0.0914755598620302,219.98849051339283,1.3907976475023518,0.43011082091272645
2026-02-04,25776.0,25818.55078125,25563.94921875,25675.05078125,429800,25546.29013671875,25841.391171875,-0.0114486745482715,54.18142497830379,-119.7921514803602,-159.62138271294265,39.82923123258246,26197.07316327781,24895.507110159688,0.0504952689757187,0.6764872883177452,438520.0,0.9801149320441483,2,2,0.0068998141439711,0,305.69252232142856,0.011859579543817061,0.0018831648283172964,0.010058367829685791,0.008425061254342014,26373.19921875,21743.650390625,-0.022644170462467892,0.18544952374296772,0.017095619062651002,-0.020986752588125768,0.0004910227442007642,3458700.0,1.3051353360477271,42.55078125,111.1015625,100.94921875,-0.6790620283955485,227.90295061383932,1.3267100736377728,0.6880741214820958
2026-02-05,25642.80078125,25757.650390625,25579.5,25755.900390625,343800,25519.49521484375,25835.0571875,-0.0123060649789466,50.876487517117454,-97.73832003950884,-147.2447701782559,49.506450138747056,26104.74839749096,24934.242032196547,0.0456465881117901,0.6053437811722061,436560.0,0.7875206157229246,3,2,0.0064110952193727,0,305.00320870535717,0.011894301691427378,-0.00516756745616076,0.010206143745303656,0.008470798702072109,26373.19921875,21743.650390625,-0.027694722640275053,0.17932363336315227,0.008808421575450254,-0.023142591967324155,0.0017638490227032122,3114900.0,1.1900559325142124,1.75,63.30078125,113.099609375,-0.5442174521166934,235.77294921875,1.285607854297714,0.4107056682357762
2026-02-06,25693.69921875,25703.94921875,25491.900390625,25605.80078125,375500,25497.14267578125,25831.23515625,-0.0130028952866757,52.0793689129144,-75.28557594722224,-132.85293133204917,57.567355384826925,26016.18087203276,24978.10447952975,0.040401982745461,0.6893468962287183,438425.0,0.8564748816787364,4,2,-0.0086635874219527,0,305.07101004464283,0.01187337827252282,0.0019849016468285186,0.010140670814625283,0.008495974890432271,26373.19921875,21743.650390625,-0.02576479229402363,0.18166447478515863,0.014732987595892144,-0.018526512564559616,0.007212942748645146,3490400.0,1.3319620911316374,10.25,113.900390625,87.8984375,-1.17920629276056,243.7875906808036,1.2408640046585335,0.7382101029471195
2026-02-09,25867.30078125,25922.25,25780.900390625,25888.69921875,359400,25496.665234375,25824.47515625,-0.0126727533207722,56.03381819170808,-42.98788170458283,-114.8799214065559,71.89203970197306,26014.32117309476,24979.00929565524,0.0400239625384483,0.8579941029862762,439970.0,0.816873877764393,0,2,-0.0071345202505153,0,303.81375558035717,0.011745089220927821,0.006756581098813275,0.009430631931384291,0.00836311980562072,26373.19921875,21743.650390625,-0.019182293103838993,0.18964848664063116,0.031046235650641796,-0.010460649321461735,0.014710323843182493,3849800.0,1.44841221319478,33.55078125,86.400390625,21.3984375,-2.4697882437692105,251.386865234375,1.190880513422758,1.3957179593835782
2026-02-10,25935.150390625,25989.44921875,25870.44921875,25922.650390625,460900,25509.25771484375,25818.8671484375,-0.0119378306634253,57.50963465675699,-11.781025562006109,-94.26014223764597,82.47911667563984,26055.902635805483,24962.612793882014,0.0421547523517993,0.8895514798088318,445575.0,1.034393760870785,1,2,-0.008087479611293,0,282.76729910714283,0.010902859433942482,0.0026229876069705504,0.00941043391586052,0.00818995437433778,26373.19921875,21743.650390625,-0.016609620413953027,0.1927689198777409,0.00806915555779586,0.002253009239149284,0.014107916203575321,4310700.0,1.5756173516382297,54.298828125,52.201171875,12.5,0.167812499986575,257.2027483258929,1.0812439584727347,1.518751264164037
2026-02-11,25953.849609375,26009.400390625,25899.80078125,25997.44921875,331400,25517.4376953125,25813.88515625,-0.0114220998194586,57.92877508279918,14.294722775481205,-72.54916923502051,86.84389201050172,26085.14719757972,24949.72819304528,0.0437476143856633,0.8843619952807162,448355.0,0.7391464353023831,2,2,-0.0051822755400191,0,263.37095424107144,0.010147664342862536,0.0007209990483325601,0.009342775743608275,0.008145380941838185,26373.19921875,21743.650390625,-0.015900596886132184,0.19362890513385328,0.006899814143971117,0.01053403650992224,0.010075925366533678,4642100.0,1.648124774772376,11.951171875,54.048828125,43.599609375,-0.9655512251716005,261.31005859375,0.9910152233737339,1.4985189287836804
2026-02-12,25807.19921875,25906.69921875,25752.400390625,25906.69921875,419400,25521.1826171875,25806.514140625,-0.0110562762359037,53.47371194981854,22.86293065071368,-53.46674925787367,76.32967990858735,26095.462253043013,24946.902981331987,0.0445053824700415,0.7490220649530925,452350.0,0.927158173980325,3,2,-0.0136725262739336,-1,255.30301339285714,0.009892705180009186,-0.00565042923620962,0.009677936944732325,0.008237470479473303,26373.19921875,21743.650390625,-0.021461180924823214,0.1868843894711001,0.0064110952193727755,0.0006571948216864687,-0.002651186066856326,4222700.0,1.4594677731252905,0.0,54.798828125,99.5,-0.550741991200495,264.3639718191964,0.9551795972708773,0.9708667417663829
2026-02-13,25471.099609375,25630.349609375,25444.30078125,25571.150390625,453500,25511.4576171875,25795.2921484375,-0.0111433952833952,44.94290481672745,2.504002960075013,-42.27259881428394,44.77660177435895,26082.20204831772,24940.713186057284,0.0448150601963133,0.4646444138468574,455370.0,0.9958934492830006,4,2,0.0039319225381277,0,245.5458984375,0.00964017660027223,-0.01302348257655217,0.010634323023497963,0.00873713828928153,26373.19921875,21743.650390625,-0.034205164185528665,0.1714270213044415,-0.008663587421952723,-0.010150711904678422,-0.01576754936274183,3769200.0,1.2703676927821397,59.19921875,26.798828125,100.05078125,0.32383945652274615,266.6643136160714,0.9224885111775407,0.137841450869856
2026-02-16,25682.75,25697.0,25372.69921875,25423.599609375,275800,25510.87763671875,25789.2271484375,-0.0108379948299443,50.31798271587606,3.4085323353865533,-33.13637258434984,36.5449049197364,26080.90060123635,24940.85467220115,0.0443895583235907,0.6507591570689639,447460.0,0.6163679435033299,0,2,0.0011778333706475,0,246.27455357142858,0.009589103720256927,0.008309432803093486,0.01027223105889683,0.00894595138926774,26373.19921875,21743.650390625,-0.026179956895753694,0.18116091542169863,-0.007134520250515308,0.0006682248178895289,-0.008772687601773743,4045000.0,1.3337487903112795,14.25,50.900390625,259.150390625,-0.1414251799369001,268.7314453125,0.9105723339213403,0.5877673998188087
2026-02-17,25725.400390625,25764.400390625,25570.30078125,25637.94921875,344100,25517.87265625,25783.06015625,-0.0103083915497245,51.34873481814146,7.480675886297831,-25.012962890220308,32.49363877651814,26094.77885473709,24940.96645776291,0.0448510957829315,0.6798626318448556,442510.0,0.7776095455469932,1,2,-0.011690780140767,-1,246.9638671875,0.009600000911064537,0.00166066292063749,0.006329675852168662,0.008895485406600493,26373.19921875,21743.650390625,-0.024562770058796965,0.18312242555724556,-0.00808747961129308,0.0012084672981436118,-0.01107307322849671,4389100.0,1.3987134933420013,39.0,67.6484375,87.451171875,-0.3275935231676666,270.93143136160717,0.9044476164136964,0.7012336331627289
2026-02-18,25819.349609375,25828.05078125,25645.150390625,25752.650390625,310200,25547.21513671875,25775.7181640625,-0.0088500690683849,53.63085713988405,18.080376450270705,-16.394295022122108,34.474671472392814,26122.773124482497,24971.657148955004,0.044583461355259,0.7364092571398334,437530.0,0.7089799556601833,2,2,-0.0130464018060583,-1,238.71749441964286,0.00924568194130516,0.003652002197183979,0.006412025985311529,0.00827297952746266,26373.19921875,21743.650390625,-0.02100047115183664,0.18744319125491826,-0.0051822755400191545,0.009139927278145832,-0.0035006172948389702,4699300.0,1.4331044599059803,8.701171875,107.5,66.69921875,-1.4812591507830628,271.5944545200893,0.869793857364828,0.9216929642198392
2026-02-19,25454.349609375,25885.30078125,25388.75,25873.349609375,298200,25562.0576171875,25765.594140625,-0.0079961392281079,44.83215238681437,-2.937868138644262,-13.70300964542654,10.765141506782278,26111.361744287424,25012.753490087576,0.0431599420554522,0.4019595862303554,432660.0,0.6892247954513937,3,2,0.0016579159366718,0,262.96763392857144,0.010330950818390534,-0.014136684522350174,0.007734997790297014,0.008919479682973696,26373.19921875,21743.650390625,-0.0348402786386926,0.17065668147193475,-0.013672526273933672,0.008792216759140103,-0.02296506391016928,4401100.0,1.2849458048976314,11.951171875,65.599609375,419.0,-0.12803923030995695,272.8907017299107,0.9677552029269818,0.3822319001968224
2026-02-20,25571.25,25663.55078125,25379.75,25406.55078125,296600,25576.12509765625,25760.2261328125,-0.0071995320978148,47.78671247519976,-10.046286520118883,-12.971665020365007,2.9253785002461257,26111.051669073644,25041.19852623886,0.0418381245670346,0.495443208547919,423170.0,0.7009003473781222,4,2,-0.0153531645646967,-1,252.61774553571428,0.009878975237257243,0.004592550680687868,0.00787857758277751,0.008902375787280273,26373.19921875,21743.650390625,-0.030407733703382296,0.17603298161128036,0.003931922538127797,0.016446387757130143,-0.02370559046756393,4697700.0,1.318965480935127,92.30078125,26.80078125,164.69921875,0.39769466119342056,273.01552734375,0.9254647367644389,0.017765643662233814
2026-02-23,25713.0,25771.44921875,25609.349609375,25678.400390625,313700,25609.342578125,25759.3261328125,-0.0058329854426749,51.19959986147227,-4.19338027745107,-11.216008071782223,7.022627794331154,26088.752493792552,25129.93266245745,0.0372893023503714,0.608109384565672,419160.0,0.7484015650348316,0,2,-0.0329522335491774,-1,214.20354352678572,0.008330554331536021,0.00554333479982394,0.007763783712612085,0.00863385505626445,26373.19921875,21743.650390625,-0.025032959151980016,0.182552126163987,0.0011778333706475852,0.01672998322808117,-0.013623919814147012,5011400.0,1.3422559939360905,58.44921875,69.05078125,34.599609375,-0.30640699970889756,270.85875418526786,0.7875761072701624,0.42148797524181447
2026-02-24,25424.650390625,25641.80078125,25327.599609375,25641.80078125,439100,25621.805078125,25749.848125,-0.0050361772888808,44.78648676674737,-22.56223020524704,-13.485252498475187,-9.076977706771846,26067.196690104403,25176.4134661456,0.0350362034589578,0.278672653236771,410180.0,1.0705056316738992,1,2,-0.0371352359273008,-1,218.46065848214286,0.008592474434287494,-0.011214156627970318,0.008342790697622246,0.009023395228143667,26373.19921875,21743.650390625,-0.035966392255158415,0.16929080140044475,-0.011690780140767076,0.015010788770509098,-0.02060323231861172,4572300.0,1.1868135290979953,0.0,97.05078125,217.150390625,-0.44692888173133155,268.3757254464286,0.8203170995145836,0.8628928527124783
2026-02-25,25482.5,25652.599609375,25428.19921875,25512.599609375,414200,25628.792578125,25738.559140625,-0.0043075272245657,46.24133129105031,-32.08187620759054,-17.20457724029826,-14.87729896729228,26060.631924444235,25196.953231805768,0.0338930125630713,0.3306168956442704,402145.0,1.0299767496798418,2,2,-0.0281212443588737,-1,221.76422991071428,0.008702608845706438,0.002275335490801167,0.008412366994757394,0.00891979158554975,26373.19921875,21743.650390625,-0.03377289237313152,0.1719513302599385,-0.013046401806058316,0.012198400208536908,-0.015541969383879195,4986500.0,1.2580829908390667,140.0,54.30078125,30.099609375,2.84718707407321,265.931982421875,0.8387450728401338,0.660376913455523
2026-02-26,25496.55078125,25572.94921875,25400.94921875,25556.30078125,405200,25632.67509765625,25727.944140625,-0.003736546318995,46.60930896407616,-38.05382284808729,-21.374426361856067,-16.679396486231227,26058.24713349885,25207.103061813646,0.0333827143517441,0.3400690071931845,393285.0,1.0302960957066758,3,2,-0.0410291404306066,-1,218.90359933035714,0.008585616196028266,0.0005513894339252978,0.008325046631218656,0.008897661313383312,26373.19921875,21743.650390625,-0.03324012495521392,0.17259753184051846,0.001657915936671861,0.006068827623284756,-0.027046054762596472,5391700.0,1.3261447304827343,16.6484375,95.6015625,59.75,-1.321391213367006,262.70556640625,0.8378247525500196,0.6235257984989613
2026-02-27,25178.650390625,25476.400390625,25141.30078125,25459.849609375,438900,25625.57509765625,25714.31515625,-0.003524416806184,39.94689959877203,-67.65861194279933,-30.631263478044723,-37.0273484647546,26075.75919449952,25175.39100081297,0.0357591920026734,0.003620063252878,389810.0,1.1259331469177292,4,2,-0.0456974298274308,-1,232.74288504464286,0.009243660062546568,-0.012468368500212268,0.008238694802724471,0.009302764975263153,26373.19921875,21743.650390625,-0.045294043328491476,0.15797715371109147,-0.015353164564696709,-0.009451628367394216,-0.039552874523872905,4952800.0,1.187353088189639,16.55078125,37.349609375,281.19921875,-0.07396474363400427,260.5914760044643,0.9092177452591834,1.935245264143439
2026-03-02,24865.69921875,24989.349609375,24603.5,24659.25,519200,25614.4400390625,25695.258125,-0.0032501835249642,34.689963512452465,-115.04697480825416,-47.514405744086616,-67.53256906416755,26124.28383869621,25104.59623942879,0.0410077991492203,-0.2342845209164257,393310.0,1.3200783097302382,0,3,-0.0242944951622143,-1,251.80357142857142,0.01012654296239129,-0.012429227421638323,0.008210541634033817,0.009493892757972924,26373.19921875,21743.650390625,-0.05716030078475441,0.1435843923185549,-0.03295223354917742,-0.01796759423065397,-0.0510343316256594,4433600.0,1.037488928591904,123.650390625,55.75,206.44921875,0.3288963311936539,259.0336356026786,1.0017345810340437,2.862768086377345
2026-03-04,24480.5,24602.44921875,24305.400390625,24388.80078125,599000,25552.0875,25668.557109375,-0.0047576483068155,29.537480529719986,-181.59167570217687,-74.32985973570467,-107.2618159664722,26258.48295436885,24845.69204563116,0.0577108681905066,-0.2584898043812053,391395.0,1.530423229729557,2,3,-0.0250669059302302,-1,265.1928013392857,0.010832818011857835,-0.015491187895474101,0.008849593012305102,0.007902572515451409,26373.19921875,21743.650390625,-0.07176600772061006,0.1258689116228166,-0.037135235927300836,-0.024230336775562633,-0.06476414238369488,3834600.0,0.888939374269765,121.94921875,83.400390625,91.69921875,0.42038338657688523,256.85901227678573,1.0778132904180024,2.9571376543739856
2026-03-05,24765.900390625,24854.19921875,24529.400390625,24615.94921875,504300,25501.58251953125,25644.547109375,-0.0057726384903763,37.00340586364816,-208.89143383756164,-101.24217455607608,-107.64925928148556,26277.71536795517,24725.44967110733,0.0626775393732683,0.026059146703952,395120.0,1.2763211176351488,3,3,-0.0454960240584075,-1,277.37137276785717,0.01119972899805632,0.011658274570576665,0.009998152720502525,0.008466898355954188,26373.19921875,21743.650390625,-0.06094440097287448,0.13899460052499163,-0.028121244358873754,-0.037378233116766135,-0.048643559366007505,4338900.0,0.9956880824473517,88.298828125,86.548828125,149.951171875,0.011670465646291433,255.4429547991071,1.1179890773087593,1.8477616114713147
2026-03-06,24450.44921875,24700.900390625,24415.75,24656.400390625,433400,25441.96494140625,25610.1080859375,-0.0068768938773651,32.85917115026558,-253.0638001178486,-131.60649966843056,-121.45730044941804,26339.26806723964,24544.66181557286,0.0733976801657523,-0.0524976421626521,399600.0,1.0845845845845845,4,3,-0.0531421569293125,-1,284.45005580357144,0.011633735366524019,-0.012737318930444053,0.009850962571316239,0.00878106871836253,26373.19921875,21743.650390625,-0.07290545163110218,0.12448686303805107,-0.04102914043060668,-0.051425775188159495,-0.05909146391326103,3905500.0,0.8881748013517632,44.5,34.69921875,205.951171875,0.04758788775380651,254.41529715401785,1.1628251199078856,2.154032357659947
2026-03-09,24028.05078125,24078.150390625,23697.80078125,23868.05078125,526900,25358.68251953125,25567.12609375,-0.0086750097257747,28.290244488826048,-318.48346329907145,-168.98189239455874,-149.5015709045127,26437.832960219224,24279.53207884328,0.0898242184114308,-0.1165181832446592,407170.0,1.2940540806051526,0,3,-0.0257719615143823,-1,288.4535435267857,0.012004866568364213,-0.017275692308183932,0.010160875967897009,0.00932121136549962,26373.19921875,21743.650390625,-0.08892165178931796,0.10506057398761079,-0.04569742982743086,-0.06297089049573334,-0.07704227085033855,3378600.0,0.7693271063363717,50.099609375,170.25,160.0,-0.7509399414015566,253.584423828125,1.1991327569095145,2.4036303767679565
2026-03-10,24261.599609375,24303.80078125,24079.94921875,24280.80078125,444300,25278.3974609375,25529.51609375,-0.0103504565591571,33.77339476958866,-347.47806823963765,-204.6811275635745,-142.79694067606312,26430.68327019842,24126.11165167658,0.0949884449346581,0.0587909512594461,411415.0,1.0799314560723356,1,3,-0.0280463460656182,-1,290.5786830357143,0.011976897142570553,0.009719840791548862,0.010763297917786182,0.009511161379086716,26373.19921875,21743.650390625,-0.08006611529608286,0.11580158683178791,-0.02429449516221438,-0.05573738515355253,-0.07350555981437801,3822900.0,0.870763515352648,23.0,181.650390625,19.201171875,-8.262536872726027,252.92267020089284,1.1949555299055756,1.7201495444569266
2026-03-11,23866.849609375,24299.0,23834.30078125,24231.849609375,407400,25174.982421875,25486.0070703125,-0.0130316591225063,29.64707493129376,-397.7248035265293,-243.28986275616552,-154.43494077036377,26438.791145664505,23911.17369808549,0.1059049471944613,-0.0175359165814229,408740.0,0.9967216323335129,2,3,-0.0037310675511199,0,310.70717075892856,0.013018357087098812,-0.01627056774308744,0.011160424816250134,0.009839579013416718,26373.19921875,21743.650390625,-0.09503396188631955,0.09764686152539682,-0.0250669059302302,-0.07733513398989944,-0.08064933558294052,3415500.0,0.7859809804338946,67.150390625,32.548828125,365.0,0.0947988013696033,254.3196637834821,1.2852995665852507,2.0177264579882794
2026-03-12,23639.150390625,23833.150390625,23556.30078125,23674.849609375,501000,25059.2474609375,25439.9480859375,-0.0161046661453189,27.555736672060263,-450.72346767122144,-284.7765837391767,-165.94688393204473,26435.49720283885,23682.997719036142,0.1164381730442526,-0.0159300042267651,417220.0,1.200805330521068,3,3,-0.0269468229388069,-1,295.0142299107143,0.012479899871008619,-0.009540396930332928,0.010776809985836007,0.009842460170977512,26373.19921875,21743.650390625,-0.10366769709839489,0.0871748747771103,-0.04549602405840758,-0.08852850149000702,-0.08515982092383001,2914500.0,0.684292269927415,158.30078125,82.849609375,35.69921875,2.1135244555705155,255.90182756696427,1.2181135934161267,2.0114654590056613
2026-03-13,23151.099609375,23492.400390625,23112.0,23462.5,519800,24926.44248046875,25384.1930859375,-0.0197723051255579,23.69716188564168,-526.0430136658215,-333.0298697245057,-193.01314394131572,26488.43927272408,23364.445688213425,0.1349393176661723,-0.0682927391068392,422240.0,1.2310534293292914,4,3,-0.0015809015551113,0,301.91420200892856,0.01304103075461128,-0.02064586811222946,0.01111231504558793,0.010476333821502651,26373.19921875,21743.650390625,-0.1221732556088323,0.06472920569753257,-0.05314215692931257,-0.10798976037017627,-0.10120740704344278,2394700.0,0.5745792988774505,29.900390625,39.099609375,311.400390625,-0.029541448973480905,258.23238699776783,1.2536217348633805,2.2156129822888317
2026-03-16,23408.80078125,23502.0,22955.25,23116.099609375,540300,24823.3275390625,25329.777109375,-0.0216350070661526,29.32470211606497,-558.5019033562821,-378.124276450861,-180.3776269054211,26496.235247897308,23150.41983022769,0.1429298087046626,0.0772251062200779,426580.0,1.2665854001594077,0,3,-0.0382826270768555,-1,329.3892299107143,0.014071170624620323,0.011131271353117311,0.012800884263362247,0.01092931280016102,26373.19921875,21743.650390625,-0.11240192791599071,0.0765809954037408,-0.025771961514382324,-0.09293524714442725,-0.09613472278929702,2935000.0,0.7113366706777815,93.19921875,160.849609375,292.701171875,-0.23112442697584903,262.4245535714286,1.324440993067002,1.6482799775284205
2026-03-17,23581.150390625,23656.80078125,23346.599609375,23493.19921875,458800,24718.24755859375,25278.4691015625,-0.0237571761211222,32.88959409971412,-563.8192765441818,-415.2632764695252,-148.5560000746566,26425.682012224403,23010.813104963097,0.1448134993710456,0.1670158653672325,435730.0,1.052945631469029,1,3,-0.0283595154995436,-1,329.103515625,0.013956211218424674,0.007362598835607637,0.013415766091591754,0.010874389044763818,26373.19921875,21743.650390625,-0.10586689938397749,0.08450742938693759,-0.02804634606561829,-0.07419974982369337,-0.09466747170336498,3393800.0,0.8290755409523693,75.650390625,146.599609375,87.951171875,-0.8066887255354528,266.56600167410716,1.287165927748004,1.298211152139814
2026-03-18,23777.80078125,23862.25,23618.44921875,23632.900390625,382900,24620.867578125,25227.4541015625,-0.0255106235020618,36.80630630846443,-545.8728081196678,-441.3851827995537,-104.48762532011403,26309.48169444945,22932.25346180055,0.1420328256476947,0.2503672423661618,437670.0,0.8748600543788699,2,3,-0.0198231773760878,-1,330.4892578125,0.01389906748958497,0.008339304375208911,0.013502610449910071,0.011162655133688483,26373.19921875,21743.650390625,-0.09841045130599112,0.09355146693777072,-0.00373106755111996,-0.07417232261926776,-0.08642847827003763,3776700.0,0.9295680008270046,84.44921875,14.451171875,144.900390625,0.48307700602181813,270.74227120535716,1.2569761877614418,0.9732476601537549
2026-03-19,23002.150390625,23378.69921875,22930.349609375,23197.75,550100,24480.0076171875,25162.49109375,-0.0296704205899226,29.494445472233693,-587.4666568042303,-470.6014776004891,-116.8651792037412,26214.60519306634,22745.41004130866,0.1508204708187467,0.0740057385316769,449665.0,1.2233551644001646,3,3,-0.0079362484876371,0,350.228515625,0.01522590321675937,-0.03262077926216955,0.015357836963959263,0.012715082609238135,26373.19921875,21743.650390625,-0.1278210049590175,0.057878965922971946,-0.026946822938806902,-0.10585841070106039,-0.11051578539604368,3226600.0,0.8088297963010312,180.94921875,71.80078125,195.599609375,0.5580197110219407,276.317822265625,1.340715144596093,1.6608313834400967
2026-03-20,23114.5,23345.150390625,23067.599609375,23110.150390625,663300,24363.01513671875,25101.207109375,-0.0319363158474658,31.613614347003026,-604.3972912729987,-497.3606403349911,-107.03665093800764,26134.21064689579,22591.81962654171,0.153254062184087,0.147550163280971,467920.0,1.4175500085484698,4,3,-0.0338791498572325,-1,346.11788504464283,0.01497405892598338,0.004884308965338757,0.01566659417199258,0.012760753091792507,26373.19921875,21743.650390625,-0.12356101327415868,0.0630459736404728,-0.0015809015551113692,-0.10476056330996308,-0.10473286452676267,3889900.0,0.981390936659552,230.650390625,42.55078125,4.349609375,43.245172868369316,280.4753348214286,1.292124868913258,1.3741024301446616
